Source,Location ID,City,State,Country,Latitude,Longitude,Time Zone,Elevation,Local Time Zone,Clearsky DHI Units,Clearsky DNI Units,Clearsky GHI Units,Dew Point Units,DHI Units,DNI Units,GHI Units,Solar Zenith Angle Units,Temperature Units,Pressure Units,Relative Humidity Units,Precipitable Water Units,Wind Direction Units,Wind Speed Units,Cloud Type -15,Cloud Type 0,Cloud Type 1,Cloud Type 2,Cloud Type 3,Cloud Type 4,Cloud Type 5,Cloud Type 6,Cloud Type 7,Cloud Type 8,Cloud Type 9,Cloud Type 10,Cloud Type 11,Cloud Type 12,Fill Flag 0,Fill Flag 1,Fill Flag 2,Fill Flag 3,Fill Flag 4,Fill Flag 5,Surface Albedo Units,Version
NSRDB,1243965,-,-,-,40.73,-74.02,-5,13,-5,w/m2,w/m2,w/m2,c,w/m2,w/m2,w/m2,Degree,c,mbar,%,cm,Degrees,m/s,N/A,Clear,Probably Clear,Fog,Water,Super-Cooled Water,Mixed,Opaque Ice,Cirrus,Overlapping,Overshooting,Unknown,Dust,Smoke,N/A,Missing Image,Low Irradiance,Exceeds Clearsky,Missing CLoud Properties,Rayleigh Violation,N/A,4.0.1
Year,Month,Day,Hour,Minute,Temperature,Relative Humidity,Wind Direction,Wind Speed,Pressure
2022,1,1,0,30,8.4,98.88,210,1.5,1011
2022,1,1,1,30,8.200000000000001,98.94,200,1.4000000000000001,1011
2022,1,1,2,30,8,99.42,185,1.4000000000000001,1010
2022,1,1,3,30,8,99.15,169,1.4000000000000001,1010
2022,1,1,4,30,8.1,98.8,164,1.5,1009
2022,1,1,5,30,8.4,97.86,174,1.7000000000000002,1009
2022,1,1,6,30,8.700000000000001,97.84,187,2,1009
2022,1,1,7,30,9,97.52,194,2.2,1008
2022,1,1,8,30,9.4,96.77,205,2.2,1008
2022,1,1,9,30,9.8,96.07000000000001,222,2,1009
2022,1,1,10,30,10.100000000000001,95.46000000000001,231,1.8,1008
2022,1,1,11,30,10.600000000000001,93.89,228,1.7000000000000002,1007
2022,1,1,12,30,11.100000000000001,93.05,220,1.6,1005
2022,1,1,13,30,11.3,94.45,216,1.4000000000000001,1004
2022,1,1,14,30,10.8,98.76,219,1.1,1004
2022,1,1,15,30,10.4,99.19,221,0.9,1004
2022,1,1,16,30,10.200000000000001,99.23,200,0.9,1004
2022,1,1,17,30,10,100,169,1,1004
2022,1,1,18,30,9.9,99.95,154,1.1,1004
2022,1,1,19,30,9.8,99.62,144,1.2000000000000002,1003
2022,1,1,20,30,9.700000000000001,99.27,137,1.3,1002
2022,1,1,21,30,9.600000000000001,99.09,142,1.3,1001
2022,1,1,22,30,9.5,99.02,148,1.1,1000
2022,1,1,23,30,9.5,98.27,156,0.9,1000
2022,1,2,0,30,9.4,98.22,191,0.7000000000000001,999
2022,1,2,1,30,9.3,98,257,0.5,999
2022,1,2,2,30,9.1,98.65,306,0.5,999
2022,1,2,3,30,8.9,98.84,316,0.6000000000000001,998
2022,1,2,4,30,8.8,98.5,305,0.8,999
2022,1,2,5,30,8.700000000000001,98.69,299,1.2000000000000002,1000
2022,1,2,6,30,8.5,99.05,309,1.1,1000
2022,1,2,7,30,8.700000000000001,96.36,304,0.9,1000
2022,1,2,8,30,9.3,94.88,282,0.9,1001
2022,1,2,9,30,10,92.9,266,1,1001
2022,1,2,10,30,10.8,90.21000000000001,257,1.3,1001
2022,1,2,11,30,11.600000000000001,88.47,258,1.6,1001
2022,1,2,12,30,11.9,88.15,266,1.8,1001
2022,1,2,13,30,11.600000000000001,88.79,276,1.8,1002
2022,1,2,14,30,10.8,89.69,290,1.7000000000000002,1003
2022,1,2,15,30,9.5,90.33,303,1.9000000000000001,1004
2022,1,2,16,30,8,89.76,315,2.6,1006
2022,1,2,17,30,6.5,87.58,326,3.6,1008
2022,1,2,18,30,4.9,83.37,330,4.3,1010
2022,1,2,19,30,3.6,80.16,332,4.5,1012
2022,1,2,20,30,2.6,79.22,337,4.3,1013
2022,1,2,21,30,1.9000000000000001,79.22,343,4.1000000000000005,1013
2022,1,2,22,30,1.4000000000000001,79.98,348,3.9000000000000004,1014
2022,1,2,23,30,1.1,79.79,176,3.8000000000000003,1014
2022,1,3,0,30,0.9,79.12,1,3.6,1015
2022,1,3,1,30,0.9,78.15,4,3.6,1016
2022,1,3,2,30,0.7000000000000001,78.29,11,3.5,1017
2022,1,3,3,30,0.6000000000000001,78.33,13,3.5,1017
2022,1,3,4,30,0.30000000000000004,79.02,17,3.7,1017
2022,1,3,5,30,-0.1,79.16,21,4.1000000000000005,1017
2022,1,3,6,30,-0.5,79.10000000000001,23,4.4,1017
2022,1,3,7,30,-0.9,78.66,25,4.6000000000000005,1017
2022,1,3,8,30,-1,77.37,25,4.7,1018
2022,1,3,9,30,-1.2000000000000002,76.48,23,4.9,1018
2022,1,3,10,30,-1.3,75.99,24,5,1017
2022,1,3,11,30,-1.5,76.03,27,5.4,1015
2022,1,3,12,30,-1.6,76.32000000000001,20,5.6000000000000005,1014
2022,1,3,13,30,-1.7000000000000002,77.35000000000001,13,5.4,1015
2022,1,3,14,30,-1.8,76.47,13,5.5,1014
2022,1,3,15,30,-2,74.57000000000001,11,5.9,1014
2022,1,3,16,30,-2.2,72.60000000000001,5,6,1015
2022,1,3,17,30,-2.5,71.7,177,5.800000000000001,1016
2022,1,3,18,30,-2.9000000000000004,71.54,353,5.5,1018
2022,1,3,19,30,-3.3000000000000003,72.11,351,5.300000000000001,1019
2022,1,3,20,30,-3.8000000000000003,73.35000000000001,349,5,1020
2022,1,3,21,30,-4.3,74.99,347,4.7,1021
2022,1,3,22,30,-4.7,75.71000000000001,344,4.5,1022
2022,1,3,23,30,-5,75.56,341,4.4,1022
2022,1,4,0,30,-5.2,74.97,338,4.2,1023
2022,1,4,1,30,-5.300000000000001,73.72,337,3.9000000000000004,1024
2022,1,4,2,30,-5.300000000000001,72.58,335,3.7,1025
2022,1,4,3,30,-5.300000000000001,72.35000000000001,334,3.5,1026
2022,1,4,4,30,-5.300000000000001,72.5,334,3.3000000000000003,1027
2022,1,4,5,30,-5.4,73.03,337,3.2,1027
2022,1,4,6,30,-5.4,73.10000000000001,340,2.9000000000000004,1028
2022,1,4,7,30,-4.9,70.31,345,2.7,1028
2022,1,4,8,30,-3.8000000000000003,64.78,350,2.4000000000000004,1028
2022,1,4,9,30,-2.5,59.19,351,1.9000000000000001,1028
2022,1,4,10,30,-1.2000000000000002,53.69,340,1.2000000000000002,1028
2022,1,4,11,30,-0.1,49.620000000000005,299,1,1027
2022,1,4,12,30,0.7000000000000001,50.08,257,1.3,1027
2022,1,4,13,30,1.2000000000000002,53.43,239,1.8,1026
2022,1,4,14,30,1.2000000000000002,58.17,233,1.9000000000000001,1026
2022,1,4,15,30,0,69.98,228,1.7000000000000002,1026
2022,1,4,16,30,-1.2000000000000002,79.91,223,1.7000000000000002,1026
2022,1,4,17,30,-1.3,79.22,218,1.9000000000000001,1026
2022,1,4,18,30,-1.2000000000000002,79.60000000000001,215,2.1,1026
2022,1,4,19,30,-1.2000000000000002,81.2,212,2.3000000000000003,1026
2022,1,4,20,30,-1.2000000000000002,82.64,211,2.5,1025
2022,1,4,21,30,-1.3,84.3,211,2.7,1025
2022,1,4,22,30,-1.4000000000000001,85.42,209,2.8000000000000003,1024
2022,1,4,23,30,-1.4000000000000001,86.03,206,2.9000000000000004,1023
2022,1,5,0,30,-1.2000000000000002,86.61,202,3,1023
2022,1,5,1,30,-0.9,88.33,201,3.1,1022
2022,1,5,2,30,-0.6000000000000001,91.65,201,3,1021
2022,1,5,3,30,-0.30000000000000004,95.41,203,2.8000000000000003,1020
2022,1,5,4,30,0.2,97.35000000000001,206,2.6,1019
2022,1,5,5,30,0.7000000000000001,97.95,207,2.5,1018
2022,1,5,6,30,1.6,96.28,205,2.5,1017
2022,1,5,7,30,2.8000000000000003,95.78,201,2.9000000000000004,1015
2022,1,5,8,30,3.8000000000000003,96.36,201,3.2,1014
2022,1,5,9,30,4.6000000000000005,96.12,205,3.5,1013
2022,1,5,10,30,5,97.15,211,3.6,1012
2022,1,5,11,30,5.2,97.3,214,3.4000000000000004,1010
2022,1,5,12,30,5.300000000000001,96.85000000000001,215,3.3000000000000003,1009
2022,1,5,13,30,5.1000000000000005,97.46000000000001,215,3.2,1008
2022,1,5,14,30,4.7,98.79,215,3,1007
2022,1,5,15,30,4.2,99.98,217,2.9000000000000004,1007
2022,1,5,16,30,3.7,100,216,2.7,1007
2022,1,5,17,30,3.5,100,214,2.6,1006
2022,1,5,18,30,3.4000000000000004,100,218,2.5,1006
2022,1,5,19,30,3.2,100,228,2.4000000000000004,1006
2022,1,5,20,30,3,100,236,2.5,1006
2022,1,5,21,30,3,100,243,2.6,1005
2022,1,5,22,30,2.8000000000000003,100,252,2.8000000000000003,1005
2022,1,5,23,30,2.6,99.13,261,2.9000000000000004,1005
2022,1,6,0,30,2.4000000000000004,98.36,266,3,1005
2022,1,6,1,30,2.3000000000000003,97.56,267,3.1,1005
2022,1,6,2,30,2,98.26,270,3.4000000000000004,1006
2022,1,6,3,30,1.7000000000000002,98.35000000000001,277,3.6,1006
2022,1,6,4,30,1.1,98.7,284,3.3000000000000003,1007
2022,1,6,5,30,0.6000000000000001,96.86,286,3.1,1008
2022,1,6,6,30,0.4,92.92,285,3.4000000000000004,1010
2022,1,6,7,30,0.8,86.4,287,3.7,1011
2022,1,6,8,30,1.6,79.64,290,3.9000000000000004,1012
2022,1,6,9,30,2.2,70.33,290,3.9000000000000004,1012
2022,1,6,10,30,2.7,62.65,289,3.6,1012
2022,1,6,11,30,3.1,59.03,287,3.4000000000000004,1012
2022,1,6,12,30,3.3000000000000003,57.410000000000004,284,3.3000000000000003,1012
2022,1,6,13,30,3.2,57.65,285,2.9000000000000004,1011
2022,1,6,14,30,2.7,59.83,289,2.4000000000000004,1011
2022,1,6,15,30,1.2000000000000002,70.45,295,2.2,1012
2022,1,6,16,30,0,77.26,303,2.1,1013
2022,1,6,17,30,0.1,77.2,312,1.8,1013
2022,1,6,18,30,0.30000000000000004,77.48,320,1.5,1014
2022,1,6,19,30,0.4,76.21000000000001,338,1.3,1013
2022,1,6,20,30,0.30000000000000004,75.52,190,1.3,1013
2022,1,6,21,30,0.1,78.58,28,1.6,1012
2022,1,6,22,30,0.1,79.18,32,2,1011
2022,1,6,23,30,0.1,79.54,38,2.5,1010
2022,1,7,0,30,0,81.64,45,3,1009
2022,1,7,1,30,-0.2,85.91,51,3.2,1008
2022,1,7,2,30,-0.4,90.51,51,3.3000000000000003,1007
2022,1,7,3,30,-0.5,92.3,40,3.5,1006
2022,1,7,4,30,-0.8,93.83,23,3.8000000000000003,1006
2022,1,7,5,30,-1.1,94.07000000000001,185,4.1000000000000005,1006
2022,1,7,6,30,-1.3,92.55,347,4.3,1006
2022,1,7,7,30,-1.4000000000000001,90.79,333,4.5,1007
2022,1,7,8,30,-1.1,87.8,324,4.6000000000000005,1008
2022,1,7,9,30,-0.30000000000000004,81.71000000000001,318,4.9,1008
2022,1,7,10,30,0.6000000000000001,75.69,313,5.1000000000000005,1008
2022,1,7,11,30,1.1,71.67,309,5.2,1008
2022,1,7,12,30,1.2000000000000002,69.51,305,5.300000000000001,1009
2022,1,7,13,30,1,68.08,301,5.300000000000001,1009
2022,1,7,14,30,0.5,67.91,298,5.1000000000000005,1011
2022,1,7,15,30,-0.2,68.97,295,4.9,1012
2022,1,7,16,30,-1,71.57000000000001,293,4.7,1014
2022,1,7,17,30,-1.6,74.08,293,4.6000000000000005,1016
2022,1,7,18,30,-2,75.77,294,4.6000000000000005,1017
2022,1,7,19,30,-2.4000000000000004,77.48,297,4.5,1018
2022,1,7,20,30,-2.8000000000000003,78.07000000000001,300,4.5,1019
2022,1,7,21,30,-3.2,77.59,304,4.6000000000000005,1020
2022,1,7,22,30,-3.7,76.01,307,4.6000000000000005,1021
2022,1,7,23,30,-4.2,74.88,307,4.6000000000000005,1022
2022,1,8,0,30,-4.6000000000000005,74.44,306,4.6000000000000005,1023
2022,1,8,1,30,-5,74.88,306,4.6000000000000005,1024
2022,1,8,2,30,-5.300000000000001,75.4,309,4.6000000000000005,1025
2022,1,8,3,30,-5.6000000000000005,76.39,315,4.5,1026
2022,1,8,4,30,-5.800000000000001,77.27,321,4.2,1028
2022,1,8,5,30,-6.2,79.37,326,4,1029
2022,1,8,6,30,-6.6000000000000005,80.09,330,3.7,1031
2022,1,8,7,30,-6.2,76.07000000000001,333,3.7,1032
2022,1,8,8,30,-4.9,71.24,337,3.8000000000000003,1033
2022,1,8,9,30,-3.6,66.74,340,3.6,1034
2022,1,8,10,30,-2.5,61.99,341,3.2,1034
2022,1,8,11,30,-1.5,58.72,342,2.7,1034
2022,1,8,12,30,-0.8,55.84,343,2.1,1033
2022,1,8,13,30,-0.4,53.4,341,1.5,1033
2022,1,8,14,30,-0.6000000000000001,52.75,330,1,1033
2022,1,8,15,30,-1.6,55.97,297,0.7000000000000001,1033
2022,1,8,16,30,-3,63.29,249,0.8,1033
2022,1,8,17,30,-3.9000000000000004,65.86,218,1.2000000000000002,1034
2022,1,8,18,30,-4.2,70.21000000000001,210,1.6,1034
2022,1,8,19,30,-4.1000000000000005,72.77,209,2,1034
2022,1,8,20,30,-3.9000000000000004,74.81,210,2.3000000000000003,1033
2022,1,8,21,30,-3.6,76.77,209,2.6,1033
2022,1,8,22,30,-3.4000000000000004,78.44,205,2.8000000000000003,1032
2022,1,8,23,30,-3.1,79.21000000000001,207,3.1,1031
2022,1,9,0,30,-2.9000000000000004,81.85000000000001,214,3.5,1031
2022,1,9,1,30,-2.8000000000000003,84.35000000000001,218,3.6,1030
2022,1,9,2,30,-2.8000000000000003,87.08,220,3.5,1029
2022,1,9,3,30,-2.6,88.2,224,3.3000000000000003,1029
2022,1,9,4,30,-2.1,87.71000000000001,221,3.3000000000000003,1028
2022,1,9,5,30,-1.5,87.56,215,3.4000000000000004,1027
2022,1,9,6,30,-0.8,88.01,211,3.5,1025
2022,1,9,7,30,0.30000000000000004,86.26,209,3.9000000000000004,1024
2022,1,9,8,30,1.7000000000000002,85.03,211,4.5,1024
2022,1,9,9,30,2.6,82.53,216,4.800000000000001,1023
2022,1,9,10,30,3.4000000000000004,78.21000000000001,219,5.2,1022
2022,1,9,11,30,3.6,76.35000000000001,221,5.5,1020
2022,1,9,12,30,3.4000000000000004,79.10000000000001,220,5.5,1018
2022,1,9,13,30,3.6,82.41,220,5.5,1016
2022,1,9,14,30,3.8000000000000003,86.21000000000001,223,5.2,1015
2022,1,9,15,30,3.5,91.76,229,4.800000000000001,1015
2022,1,9,16,30,3.2,95.34,234,4.4,1015
2022,1,9,17,30,3.1,96.21000000000001,236,4,1014
2022,1,9,18,30,3,96.91,240,3.7,1014
2022,1,9,19,30,2.9000000000000004,97.46000000000001,247,3.4000000000000004,1013
2022,1,9,20,30,2.8000000000000003,97.73,256,3.2,1013
2022,1,9,21,30,2.6,98.3,267,3.3000000000000003,1013
2022,1,9,22,30,2.5,97.98,277,3.3000000000000003,1013
2022,1,9,23,30,2.4000000000000004,97.35000000000001,288,3.4000000000000004,1013
2022,1,10,0,30,2.1,96.06,302,3.8000000000000003,1014
2022,1,10,1,30,1.3,92.06,314,4.4,1015
2022,1,10,2,30,0.30000000000000004,83.85000000000001,321,4.7,1016
2022,1,10,3,30,-0.7000000000000001,75.83,325,4.800000000000001,1016
2022,1,10,4,30,-1.6,73.47,327,4.5,1017
2022,1,10,5,30,-2.5,73.35000000000001,327,4.2,1018
2022,1,10,6,30,-3,72.04,326,4,1019
2022,1,10,7,30,-2.9000000000000004,69.2,325,4,1019
2022,1,10,8,30,-2.3000000000000003,65.28,324,4.2,1020
2022,1,10,9,30,-1.9000000000000001,61.17,321,4.2,1020
2022,1,10,10,30,-1.5,58.2,317,4,1020
2022,1,10,11,30,-1.2000000000000002,56.370000000000005,309,3.8000000000000003,1019
2022,1,10,12,30,-1.1,55.910000000000004,303,3.8000000000000003,1018
2022,1,10,13,30,-1.1,55.97,299,3.8000000000000003,1018
2022,1,10,14,30,-1.5,57.45,299,3.7,1018
2022,1,10,15,30,-2.3000000000000003,61.07,298,3.5,1019
2022,1,10,16,30,-2.9000000000000004,64.68,297,3.4000000000000004,1019
2022,1,10,17,30,-3.1,66.99,293,3.4000000000000004,1020
2022,1,10,18,30,-3.4000000000000004,69.11,289,3.4000000000000004,1020
2022,1,10,19,30,-3.7,71.03,286,3.5,1020
2022,1,10,20,30,-3.9000000000000004,72.47,287,3.6,1020
2022,1,10,21,30,-4.2,74.74,290,3.7,1020
2022,1,10,22,30,-4.5,76.37,295,3.9000000000000004,1020
2022,1,10,23,30,-4.800000000000001,77.14,299,4.1000000000000005,1021
2022,1,11,0,30,-4.9,75.51,303,4.4,1021
2022,1,11,1,30,-5.4,74.7,308,4.800000000000001,1023
2022,1,11,2,30,-6.2,70.95,312,5,1024
2022,1,11,3,30,-7,69.98,313,5,1025
2022,1,11,4,30,-7.5,71.51,316,5,1026
2022,1,11,5,30,-7.9,73.48,323,5,1028
2022,1,11,6,30,-8.5,72.39,331,5.1000000000000005,1029
2022,1,11,7,30,-8.9,68.65,335,5,1030
2022,1,11,8,30,-8.9,65.57000000000001,336,4.800000000000001,1031
2022,1,11,9,30,-8.4,62.83,333,4.5,1032
2022,1,11,10,30,-7.7,60.92,330,4.2,1032
2022,1,11,11,30,-7,59.56,328,3.9000000000000004,1032
2022,1,11,12,30,-6.5,58.81,329,3.6,1031
2022,1,11,13,30,-6.300000000000001,58.96,329,3.3000000000000003,1031
2022,1,11,14,30,-6.4,60.06,329,3,1031
2022,1,11,15,30,-7.2,64,328,2.7,1032
2022,1,11,16,30,-8.200000000000001,69.08,330,2.4000000000000004,1032
2022,1,11,17,30,-8.700000000000001,75.7,333,2.1,1032
2022,1,11,18,30,-8.8,75.45,339,1.8,1032
2022,1,11,19,30,-8.8,71.59,347,1.3,1032
2022,1,11,20,30,-8.8,65.25,348,0.7000000000000001,1031
2022,1,11,21,30,-9,61.45,274,0.6000000000000001,1030
2022,1,11,22,30,-9.1,65.82000000000001,203,1.2000000000000002,1030
2022,1,11,23,30,-8.700000000000001,71.13,205,1.8,1029
2022,1,12,0,30,-8.200000000000001,74.27,210,2.4000000000000004,1028
2022,1,12,1,30,-7.7,75.93,214,2.9000000000000004,1028
2022,1,12,2,30,-7.2,76.81,217,3.2,1027
2022,1,12,3,30,-6.9,78.10000000000001,219,3.5,1026
2022,1,12,4,30,-6.6000000000000005,79.74,218,3.7,1026
2022,1,12,5,30,-6.2,81.45,217,3.9000000000000004,1025
2022,1,12,6,30,-5.6000000000000005,81.79,217,4.1000000000000005,1023
2022,1,12,7,30,-4.2,77.36,218,4.5,1022
2022,1,12,8,30,-2.1,72.53,219,5.1000000000000005,1022
2022,1,12,9,30,-0.2,67.62,222,5.5,1021
2022,1,12,10,30,1.3,63.58,224,5.4,1020
2022,1,12,11,30,2.5,61.93,227,5.2,1018
2022,1,12,12,30,3.4000000000000004,62.31,228,4.800000000000001,1017
2022,1,12,13,30,3.8000000000000003,64.43,228,4.3,1016
2022,1,12,14,30,3.6,68.63,229,3.7,1016
2022,1,12,15,30,2.2,80.07000000000001,232,3.1,1016
2022,1,12,16,30,0.7000000000000001,85.49,236,2.8000000000000003,1017
2022,1,12,17,30,0.30000000000000004,85.37,238,2.6,1017
2022,1,12,18,30,0.30000000000000004,85.82000000000001,240,2.5,1017
2022,1,12,19,30,0.2,86.76,243,2.3000000000000003,1017
2022,1,12,20,30,0.2,86.8,247,2.1,1017
2022,1,12,21,30,0.30000000000000004,85.7,248,1.9000000000000001,1017
2022,1,12,22,30,0.30000000000000004,85.22,249,1.7000000000000002,1017
2022,1,12,23,30,0.30000000000000004,84.86,247,1.6,1017
2022,1,13,0,30,0.2,84.98,245,1.4000000000000001,1016
2022,1,13,1,30,0.1,85.32000000000001,243,1.3,1016
2022,1,13,2,30,0,86.08,242,1.2000000000000002,1016
2022,1,13,3,30,0.1,85.59,241,1.1,1015
2022,1,13,4,30,0.2,84.5,240,0.9,1015
2022,1,13,5,30,0.30000000000000004,83.28,245,0.7000000000000001,1015
2022,1,13,6,30,0.2,83.24,287,0.6000000000000001,1015
2022,1,13,7,30,0.7000000000000001,80.08,169,0.6000000000000001,1016
2022,1,13,8,30,2,78.23,26,0.8,1016
2022,1,13,9,30,3.9000000000000004,70.22,53,0.9,1015
2022,1,13,10,30,5.6000000000000005,65.15,83,0.9,1015
2022,1,13,11,30,6.6000000000000005,62.800000000000004,103,0.8,1013
2022,1,13,12,30,6.800000000000001,65.6,109,0.8,1012
2022,1,13,13,30,6.300000000000001,72.74,111,0.8,1012
2022,1,13,14,30,5.5,83.46000000000001,111,0.8,1011
2022,1,13,15,30,4.4,83.63,105,1,1011
2022,1,13,16,30,3.7,82.27,92,1.1,1011
2022,1,13,17,30,3,85.92,78,1.2000000000000002,1011
2022,1,13,18,30,2.7,88.5,71,1.3,1011
2022,1,13,19,30,2.6,90.81,66,1.5,1011
2022,1,13,20,30,2.5,93.29,59,1.7000000000000002,1010
2022,1,13,21,30,2.5,95.43,50,2,1010
2022,1,13,22,30,2.6,96.38,39,2.3000000000000003,1009
2022,1,13,23,30,2.5,97.67,31,2.6,1008
2022,1,14,0,30,2.3000000000000003,98.60000000000001,27,2.7,1008
2022,1,14,1,30,2.1,98.57000000000001,27,2.7,1007
2022,1,14,2,30,1.9000000000000001,98.12,24,2.8000000000000003,1007
2022,1,14,3,30,1.8,97.07000000000001,18,3.1,1007
2022,1,14,4,30,1.8,96.68,14,3.4000000000000004,1007
2022,1,14,5,30,1.9000000000000001,96.18,10,3.6,1007
2022,1,14,6,30,1.9000000000000001,96.03,7,3.8000000000000003,1007
2022,1,14,7,30,2.2,93.36,182,4.2,1006
2022,1,14,8,30,3.2,88.14,358,4.5,1006
2022,1,14,9,30,4.3,83.59,358,4.9,1006
2022,1,14,10,30,4.9,80.32000000000001,358,5.300000000000001,1006
2022,1,14,11,30,5.1000000000000005,77.65,358,5.6000000000000005,1006
2022,1,14,12,30,4.9,75.59,356,5.7,1006
2022,1,14,13,30,4.4,74.31,353,5.800000000000001,1006
2022,1,14,14,30,3.6,74.87,350,5.800000000000001,1006
2022,1,14,15,30,2.5,77.18,348,5.7,1007
2022,1,14,16,30,1.3,79.34,346,5.7,1008
2022,1,14,17,30,0.1,79.65,344,5.800000000000001,1009
2022,1,14,18,30,-1.2000000000000002,78.86,343,6,1010
2022,1,14,19,30,-2.5,77.44,342,6,1011
2022,1,14,20,30,-3.7,75.68,342,6,1012
2022,1,14,21,30,-4.7,73.44,343,6,1012
2022,1,14,22,30,-5.7,71.85000000000001,343,5.9,1013
2022,1,14,23,30,-6.6000000000000005,70.19,344,5.9,1014
2022,1,15,0,30,-7.5,69.53,345,5.800000000000001,1015
2022,1,15,1,30,-8.3,69.09,346,5.7,1016
2022,1,15,2,30,-9.1,69.14,347,5.5,1017
2022,1,15,3,30,-9.8,69.36,348,5.4,1018
2022,1,15,4,30,-10.600000000000001,70.52,349,5.300000000000001,1019
2022,1,15,5,30,-11.3,71.46000000000001,350,5.2,1020
2022,1,15,6,30,-11.9,72.44,352,5.1000000000000005,1021
2022,1,15,7,30,-11.9,70.45,353,5.2,1022
2022,1,15,8,30,-11.100000000000001,65,353,5.2,1023
2022,1,15,9,30,-10,59.44,353,5.1000000000000005,1024
2022,1,15,10,30,-8.8,55.31,352,5,1024
2022,1,15,11,30,-7.6000000000000005,52.33,349,4.800000000000001,1024
2022,1,15,12,30,-6.7,50.78,347,4.6000000000000005,1024
2022,1,15,13,30,-6.300000000000001,51.1,346,4.3,1023
2022,1,15,14,30,-6.4,53.18,346,4.1000000000000005,1024
2022,1,15,15,30,-6.7,55.910000000000004,348,4,1024
2022,1,15,16,30,-7.1000000000000005,59.07,352,3.9000000000000004,1025
2022,1,15,17,30,-7.5,61.96,355,3.9000000000000004,1026
2022,1,15,18,30,-8.1,65.25,179,3.9000000000000004,1027
2022,1,15,19,30,-8.9,69.61,2,3.7,1027
2022,1,15,20,30,-9.600000000000001,74.42,4,3.5,1027
2022,1,15,21,30,-10.200000000000001,78.29,7,3.4000000000000004,1028
2022,1,15,22,30,-10.700000000000001,80.67,11,3.3000000000000003,1028
2022,1,15,23,30,-11.100000000000001,82.52,16,3.2,1028
2022,1,16,0,30,-11.4,83.22,22,3.2,1028
2022,1,16,1,30,-11.700000000000001,83.58,28,3,1028
2022,1,16,2,30,-11.8,83.23,32,2.7,1028
2022,1,16,3,30,-12,84.08,34,2.4000000000000004,1028
2022,1,16,4,30,-12.100000000000001,84.21000000000001,36,2.2,1028
2022,1,16,5,30,-12.3,85.5,41,2.2,1028
2022,1,16,6,30,-12.100000000000001,85.05,48,2.1,1028
2022,1,16,7,30,-11,80.41,55,2.4000000000000004,1028
2022,1,16,8,30,-9,72.99,62,2.4000000000000004,1027
2022,1,16,9,30,-7,67.73,66,2.4000000000000004,1027
2022,1,16,10,30,-5,65.36,71,2.7,1026
2022,1,16,11,30,-3.2,64.73,80,2.9000000000000004,1025
2022,1,16,12,30,-1.8,66.16,90,3,1023
2022,1,16,13,30,-0.9,69.25,97,3.2,1022
2022,1,16,14,30,-0.5,74.42,99,3.5,1021
2022,1,16,15,30,-0.4,80.01,100,3.8000000000000003,1019
2022,1,16,16,30,0,82.53,99,4.1000000000000005,1018
2022,1,16,17,30,0.5,84.45,99,4.3,1017
2022,1,16,18,30,1.1,87.5,99,4.7,1016
2022,1,16,19,30,1.7000000000000002,90.32000000000001,98,5.2,1013
2022,1,16,20,30,2.2,92.92,100,5.7,1011
2022,1,16,21,30,2.8000000000000003,94.11,99,6.4,1008
2022,1,16,22,30,3.4000000000000004,94.76,96,7.1000000000000005,1005
2022,1,16,23,30,3.9000000000000004,95.22,96,7.5,1002
2022,1,17,0,30,4.5,94.15,96,8,998
2022,1,17,1,30,5.1000000000000005,94.11,98,8.4,995
2022,1,17,2,30,6,93.73,104,8.6,991
2022,1,17,3,30,6.7,95.60000000000001,113,8,987
2022,1,17,4,30,6.800000000000001,100,141,6.4,985
2022,1,17,5,30,5.800000000000001,100,181,5.300000000000001,984
2022,1,17,6,30,4.2,98.77,205,5.2,984
2022,1,17,7,30,3.2,94.07000000000001,212,5.300000000000001,984
2022,1,17,8,30,2.9000000000000004,90.83,215,5.7,984
2022,1,17,9,30,3,86.89,215,5.9,984
2022,1,17,10,30,3.2,83.9,215,6,983
2022,1,17,11,30,3.4000000000000004,82.29,218,6.1000000000000005,983
2022,1,17,12,30,3.3000000000000003,82.60000000000001,224,6.1000000000000005,984
2022,1,17,13,30,3.2,81.82000000000001,230,6,984
2022,1,17,14,30,2.9000000000000004,82.60000000000001,236,5.800000000000001,985
2022,1,17,15,30,2.4000000000000004,84.91,242,5.5,986
2022,1,17,16,30,1.9000000000000001,86.75,249,5.300000000000001,987
2022,1,17,17,30,1.4000000000000001,88.51,255,5.300000000000001,989
2022,1,17,18,30,0.9,88.93,262,5.2,990
2022,1,17,19,30,0.5,87.53,268,5,991
2022,1,17,20,30,0.2,85.46000000000001,275,5,992
2022,1,17,21,30,0,83.85000000000001,281,5,993
2022,1,17,22,30,-0.1,82.59,286,5.2,994
2022,1,17,23,30,-0.2,81.91,288,5.4,995
2022,1,18,0,30,-0.4,81.52,291,5.7,997
2022,1,18,1,30,-1,80.11,295,6,999
2022,1,18,2,30,-1.7000000000000002,76.65,298,6,1001
2022,1,18,3,30,-2.2,74.98,299,5.800000000000001,1002
2022,1,18,4,30,-2.2,73.79,299,5.4,1004
2022,1,18,5,30,-2,73.51,300,5.1000000000000005,1005
2022,1,18,6,30,-1.8,74.12,299,4.7,1007
2022,1,18,7,30,-1.2000000000000002,73.08,297,4.4,1008
2022,1,18,8,30,-0.1,70.89,294,4.4,1009
2022,1,18,9,30,0.9,68.56,294,4.800000000000001,1010
2022,1,18,10,30,1.5,66.05,296,5.2,1011
2022,1,18,11,30,1.5,64.17,300,5.4,1012
2022,1,18,12,30,1.4000000000000001,62.15,303,5.4,1012
2022,1,18,13,30,1.2000000000000002,61.5,306,5.300000000000001,1013
2022,1,18,14,30,0.7000000000000001,63.15,308,5,1014
2022,1,18,15,30,-0.30000000000000004,67.99,310,4.4,1015
2022,1,18,16,30,-1.4000000000000001,73.78,313,3.8000000000000003,1017
2022,1,18,17,30,-2.3000000000000003,77.59,314,3.4000000000000004,1018
2022,1,18,18,30,-2.7,79.31,314,3,1019
2022,1,18,19,30,-3,80.60000000000001,313,2.6,1019
2022,1,18,20,30,-3.1,80.8,312,2.3000000000000003,1020
2022,1,18,21,30,-3.1,80.33,312,2,1020
2022,1,18,22,30,-2.8000000000000003,78.18,311,1.6,1020
2022,1,18,23,30,-2.5,74.99,293,1.2000000000000002,1020
2022,1,19,0,30,-2.5,73.34,252,1.1,1020
2022,1,19,1,30,-2.7,76.04,220,1.5,1020
2022,1,19,2,30,-2.7,80.02,214,2.1,1020
2022,1,19,3,30,-2.3000000000000003,81.09,215,2.5,1020
2022,1,19,4,30,-1.6,80.97,214,2.8000000000000003,1020
2022,1,19,5,30,-0.9,81.12,210,3.1,1020
2022,1,19,6,30,-0.1,81.42,207,3.4000000000000004,1019
2022,1,19,7,30,0.8,80.54,205,3.8000000000000003,1019
2022,1,19,8,30,1.9000000000000001,79.15,204,4.2,1018
2022,1,19,9,30,3.1,78.51,205,4.800000000000001,1018
2022,1,19,10,30,4.2,77.35000000000001,208,5.300000000000001,1017
2022,1,19,11,30,5.1000000000000005,74.33,211,5.4,1015
2022,1,19,12,30,6,70.99,213,5.300000000000001,1014
2022,1,19,13,30,6.5,70.45,215,5,1013
2022,1,19,14,30,6.300000000000001,74.34,216,4.4,1013
2022,1,19,15,30,5.1000000000000005,82.91,216,3.9000000000000004,1013
2022,1,19,16,30,3.9000000000000004,87.9,215,3.5,1013
2022,1,19,17,30,3.4000000000000004,90.65,214,3.4000000000000004,1014
2022,1,19,18,30,3.4000000000000004,91.2,215,3.4000000000000004,1014
2022,1,19,19,30,3.5,91.31,217,3.3000000000000003,1014
2022,1,19,20,30,3.5,91.81,219,3.3000000000000003,1014
2022,1,19,21,30,3.6,91.48,224,3.4000000000000004,1014
2022,1,19,22,30,3.3000000000000003,94.26,234,3.3000000000000003,1014
2022,1,19,23,30,2.7,96.89,244,3,1013
2022,1,20,0,30,2.5,96.3,251,2.8000000000000003,1013
2022,1,20,1,30,2.6,96.27,258,2.7,1014
2022,1,20,2,30,2.6,96.93,267,2.4000000000000004,1014
2022,1,20,3,30,2.5,96.81,282,2,1015
2022,1,20,4,30,2.4000000000000004,96.81,306,2,1015
2022,1,20,5,30,2,97.77,329,2.3000000000000003,1016
2022,1,20,6,30,1.5,96.86,344,2.9000000000000004,1017
2022,1,20,7,30,1.1,94.45,348,3.4000000000000004,1018
2022,1,20,8,30,0.8,91.34,350,3.7,1019
2022,1,20,9,30,0.7000000000000001,86.96000000000001,354,3.8000000000000003,1019
2022,1,20,10,30,0.5,84.14,353,3.9000000000000004,1020
2022,1,20,11,30,0.5,80.36,352,3.9000000000000004,1020
2022,1,20,12,30,0.7000000000000001,76.22,350,3.9000000000000004,1020
2022,1,20,13,30,0.8,73.15,347,3.7,1020
2022,1,20,14,30,0.5,72.07000000000001,346,3.5,1021
2022,1,20,15,30,-0.2,73.60000000000001,347,3.5,1022
2022,1,20,16,30,-1.2000000000000002,75.81,349,4,1023
2022,1,20,17,30,-2.4000000000000004,76.27,352,4.6000000000000005,1024
2022,1,20,18,30,-3.5,75.47,355,4.800000000000001,1025
2022,1,20,19,30,-4.4,73.95,356,4.800000000000001,1026
2022,1,20,20,30,-5.1000000000000005,73.04,358,4.800000000000001,1026
2022,1,20,21,30,-5.6000000000000005,72.97,179,4.800000000000001,1027
2022,1,20,22,30,-6.2,73.76,1,4.9,1027
2022,1,20,23,30,-6.800000000000001,74.10000000000001,2,5,1027
2022,1,21,0,30,-7.300000000000001,74.01,3,5.1000000000000005,1028
2022,1,21,1,30,-7.800000000000001,74.44,5,5.2,1028
2022,1,21,2,30,-8.4,75.5,6,5.2,1029
2022,1,21,3,30,-9,77,7,5.2,1029
2022,1,21,4,30,-9.600000000000001,78.58,10,5.1000000000000005,1029
2022,1,21,5,30,-9.9,78.35000000000001,12,5.1000000000000005,1030
2022,1,21,6,30,-10,77.46000000000001,13,5,1031
2022,1,21,7,30,-9.700000000000001,74.56,13,4.9,1032
2022,1,21,8,30,-9.1,70.82000000000001,12,4.800000000000001,1033
2022,1,21,9,30,-8.200000000000001,66.28,12,4.6000000000000005,1033
2022,1,21,10,30,-7.1000000000000005,62.5,12,4.3,1033
2022,1,21,11,30,-6,59.84,12,4.1000000000000005,1032
2022,1,21,12,30,-5.1000000000000005,58.56,12,3.9000000000000004,1031
2022,1,21,13,30,-4.6000000000000005,58.660000000000004,13,3.7,1031
2022,1,21,14,30,-4.5,59.88,15,3.6,1031
2022,1,21,15,30,-5.2,64.41,16,3.5,1031
2022,1,21,16,30,-6.1000000000000005,69.44,18,3.4000000000000004,1032
2022,1,21,17,30,-6.7,73.68,20,3.6,1032
2022,1,21,18,30,-7.1000000000000005,75.96000000000001,23,3.7,1032
2022,1,21,19,30,-7.5,77.56,27,3.8000000000000003,1032
2022,1,21,20,30,-7.800000000000001,77.89,30,3.9000000000000004,1032
2022,1,21,21,30,-8,77.60000000000001,33,3.9000000000000004,1032
2022,1,21,22,30,-8,77.18,34,3.9000000000000004,1031
2022,1,21,23,30,-8.200000000000001,78.33,34,3.9000000000000004,1031
2022,1,22,0,30,-8.5,79.86,34,3.9000000000000004,1031
2022,1,22,1,30,-8.8,80.88,33,3.9000000000000004,1030
2022,1,22,2,30,-9.1,81.31,32,4,1030
2022,1,22,3,30,-9.600000000000001,82.76,30,4,1030
2022,1,22,4,30,-10.200000000000001,84.72,28,3.9000000000000004,1029
2022,1,22,5,30,-10.9,87.41,25,3.8000000000000003,1029
2022,1,22,6,30,-11.3,87.95,24,3.7,1029
2022,1,22,7,30,-10.600000000000001,82.06,25,3.7,1029
2022,1,22,8,30,-8.700000000000001,73.12,28,3.5,1029
2022,1,22,9,30,-6.6000000000000005,67.85,30,3.2,1028
2022,1,22,10,30,-4.7,65.18,28,2.8000000000000003,1028
2022,1,22,11,30,-3.1,61.28,25,2.3000000000000003,1026
2022,1,22,12,30,-2,56.45,22,1.8,1024
2022,1,22,13,30,-1.5,53.22,191,1.4000000000000001,1023
2022,1,22,14,30,-1.6,52.33,348,1.2000000000000002,1022
2022,1,22,15,30,-2.4000000000000004,56.7,331,1,1021
2022,1,22,16,30,-3.3000000000000003,60.28,321,0.8,1021
2022,1,22,17,30,-4,55.97,294,0.8,1021
2022,1,22,18,30,-4.800000000000001,60.33,260,1,1020
2022,1,22,19,30,-5.2,64.61,244,1.3,1020
2022,1,22,20,30,-5.5,71.16,238,1.6,1019
2022,1,22,21,30,-6.1000000000000005,73.87,236,2,1019
2022,1,22,22,30,-6.4,74.32000000000001,239,2.5,1018
2022,1,22,23,30,-6.5,76.03,245,2.9000000000000004,1017
2022,1,23,0,30,-6.7,77.04,250,3.2,1016
2022,1,23,1,30,-7,78.26,253,3.3000000000000003,1016
2022,1,23,2,30,-7.2,79.63,255,3.3000000000000003,1015
2022,1,23,3,30,-7.4,82.02,259,3.3000000000000003,1015
2022,1,23,4,30,-7.5,83.57000000000001,263,3.2,1014
2022,1,23,5,30,-7.5,83.7,267,3,1014
2022,1,23,6,30,-7,81.09,271,2.8000000000000003,1014
2022,1,23,7,30,-5.800000000000001,76.64,273,2.5,1014
2022,1,23,8,30,-4.3,72.89,273,2.4000000000000004,1013
2022,1,23,9,30,-2.5,67.52,271,2.4000000000000004,1013
2022,1,23,10,30,-0.6000000000000001,62.42,266,2.5,1012
2022,1,23,11,30,0.7000000000000001,58.99,260,2.6,1011
2022,1,23,12,30,1.3,58.120000000000005,253,2.6,1009
2022,1,23,13,30,1.6,58.13,247,2.6,1008
2022,1,23,14,30,1.4000000000000001,60.64,244,2.4000000000000004,1008
2022,1,23,15,30,0.5,69.22,244,2.1,1008
2022,1,23,16,30,-0.5,77.98,247,1.9000000000000001,1008
2022,1,23,17,30,-0.9,78.05,250,1.9000000000000001,1008
2022,1,23,18,30,-1,79.85000000000001,254,1.9000000000000001,1008
2022,1,23,19,30,-1.1,82.11,257,1.9000000000000001,1008
2022,1,23,20,30,-1.3,84.39,260,1.7000000000000002,1008
2022,1,23,21,30,-1.3,84.59,263,1.6,1007
2022,1,23,22,30,-1.4000000000000001,85.44,266,1.5,1007
2022,1,23,23,30,-1.6,86.68,273,1.4000000000000001,1007
2022,1,24,0,30,-1.8,88.09,286,1.4000000000000001,1007
2022,1,24,1,30,-2.1,90.01,304,1.6,1008
2022,1,24,2,30,-2.4000000000000004,91.01,323,1.8,1008
2022,1,24,3,30,-2.9000000000000004,92.19,337,2.1,1009
2022,1,24,4,30,-3.4000000000000004,91.89,347,2.5,1009
2022,1,24,5,30,-4,91.56,354,2.8000000000000003,1010
2022,1,24,6,30,-4.5,89.37,358,3.1,1011
2022,1,24,7,30,-4.1000000000000005,82.17,180,3.2,1012
2022,1,24,8,30,-3,73.86,2,3,1012
2022,1,24,9,30,-1.7000000000000002,65.8,4,2.5,1012
2022,1,24,10,30,-0.6000000000000001,60.46,6,1.8,1012
2022,1,24,11,30,0.1,55.94,13,1,1011
2022,1,24,12,30,0.4,54.370000000000005,52,0.6000000000000001,1010
2022,1,24,13,30,0.5,55.19,129,0.7000000000000001,1010
2022,1,24,14,30,0.2,58.38,176,1.1,1010
2022,1,24,15,30,-0.5,65.12,184,1.3,1010
2022,1,24,16,30,-1.1,76.26,188,1.5,1010
2022,1,24,17,30,-1,77.22,194,1.9000000000000001,1011
2022,1,24,18,30,-0.8,77.39,198,2.1,1011
2022,1,24,19,30,-0.7000000000000001,78.45,200,2.2,1010
2022,1,24,20,30,-0.6000000000000001,79.55,199,2.4000000000000004,1010
2022,1,24,21,30,-0.4,80.59,197,2.6,1009
2022,1,24,22,30,-0.2,83.08,196,2.8000000000000003,1009
2022,1,24,23,30,0.30000000000000004,84.56,198,3,1009
2022,1,25,0,30,0.6000000000000001,87.62,206,3.2,1009
2022,1,25,1,30,0.8,90.4,214,3.1,1009
2022,1,25,2,30,0.7000000000000001,93.78,221,2.9000000000000004,1009
2022,1,25,3,30,0.30000000000000004,97.11,229,2.6,1009
2022,1,25,4,30,-0.30000000000000004,100,240,2.3000000000000003,1009
2022,1,25,5,30,-1,100,252,2.1,1010
2022,1,25,6,30,-1.4000000000000001,99.95,266,1.9000000000000001,1010
2022,1,25,7,30,-0.4,90.11,278,2,1011
2022,1,25,8,30,1.3,82.45,287,2.1,1012
2022,1,25,9,30,3,76.93,295,2.2,1012
2022,1,25,10,30,4.2,71.41,298,2.5,1013
2022,1,25,11,30,4.7,67.17,295,2.7,1013
2022,1,25,12,30,4.9,65.1,292,2.8000000000000003,1012
2022,1,25,13,30,4.7,65.49,293,2.9000000000000004,1013
2022,1,25,14,30,4,68.17,298,2.8000000000000003,1013
2022,1,25,15,30,2.5,75.10000000000001,307,2.7,1014
2022,1,25,16,30,0.7000000000000001,80.3,317,2.9000000000000004,1016
2022,1,25,17,30,-0.5,81.14,325,3.2,1017
2022,1,25,18,30,-1.3,81.98,333,3.2,1018
2022,1,25,19,30,-1.8,81.37,341,3.2,1018
2022,1,25,20,30,-2.2,81.18,347,3.1,1019
2022,1,25,21,30,-2.6,81.65,352,3,1019
2022,1,25,22,30,-3,81.19,355,3.1,1019
2022,1,25,23,30,-3.6,82.01,179,3.2,1020
2022,1,26,0,30,-4.2,82.84,1,3.2,1020
2022,1,26,1,30,-4.7,83.22,180,3.3000000000000003,1021
2022,1,26,2,30,-5.300000000000001,83.44,358,3.3000000000000003,1021
2022,1,26,3,30,-5.800000000000001,83.16,357,3.2,1021
2022,1,26,4,30,-6.4,84.22,356,3,1022
2022,1,26,5,30,-6.9,85.26,356,2.9000000000000004,1023
2022,1,26,6,30,-7.1000000000000005,84.4,355,2.9000000000000004,1024
2022,1,26,7,30,-6.300000000000001,78.41,355,3.1,1025
2022,1,26,8,30,-5.1000000000000005,70.59,353,3.3000000000000003,1026
2022,1,26,9,30,-4.2,63.06,349,3.3000000000000003,1026
2022,1,26,10,30,-3.6,59.54,343,3.4000000000000004,1026
2022,1,26,11,30,-3.1,57.160000000000004,337,3.5,1025
2022,1,26,12,30,-2.9000000000000004,56.03,332,3.6,1025
2022,1,26,13,30,-2.9000000000000004,55.54,330,3.8000000000000003,1025
2022,1,26,14,30,-3.2,56.53,331,3.8000000000000003,1026
2022,1,26,15,30,-3.7,58.300000000000004,333,3.7,1026
2022,1,26,16,30,-4.4,61.79,337,3.5,1027
2022,1,26,17,30,-5,66.1,342,3.1,1028
2022,1,26,18,30,-5.800000000000001,71.42,351,2.9000000000000004,1028
2022,1,26,19,30,-6.6000000000000005,76.06,180,2.6,1029
2022,1,26,20,30,-7.4,78.22,10,2.5,1029
2022,1,26,21,30,-8,78.71000000000001,18,2.3000000000000003,1029
2022,1,26,22,30,-8.5,79.03,26,2.2,1030
2022,1,26,23,30,-9,79.31,32,2.1,1030
2022,1,27,0,30,-9.4,78.43,36,1.9000000000000001,1030
2022,1,27,1,30,-9.700000000000001,77.83,37,1.8,1030
2022,1,27,2,30,-9.9,76.69,40,1.7000000000000002,1030
2022,1,27,3,30,-10,74.98,45,1.5,1030
2022,1,27,4,30,-10,72.84,49,1.4000000000000001,1030
2022,1,27,5,30,-9.8,69.64,52,1.3,1030
2022,1,27,6,30,-9.5,66.2,58,1.1,1030
2022,1,27,7,30,-8.200000000000001,60.370000000000005,69,0.9,1030
2022,1,27,8,30,-6.2,55.69,103,0.7000000000000001,1030
2022,1,27,9,30,-4.4,49.07,149,0.9,1029
2022,1,27,10,30,-3,47.94,174,1.3,1029
2022,1,27,11,30,-2,49.46,184,1.8,1027
2022,1,27,12,30,-1.3,51.83,190,2.3000000000000003,1026
2022,1,27,13,30,-0.9,54.11,194,2.6,1025
2022,1,27,14,30,-0.8,56.99,197,2.7,1025
2022,1,27,15,30,-1.7000000000000002,64.48,201,2.5,1024
2022,1,27,16,30,-3.3000000000000003,77.3,205,2.4000000000000004,1024
2022,1,27,17,30,-4.2,79.25,210,2.5,1024
2022,1,27,18,30,-4.3,78.92,214,2.6,1024
2022,1,27,19,30,-4.3,78.41,218,2.7,1023
2022,1,27,20,30,-4.2,77.3,223,2.7,1023
2022,1,27,21,30,-4,76.36,229,2.8000000000000003,1022
2022,1,27,22,30,-3.7,75.57000000000001,235,2.8000000000000003,1022
2022,1,27,23,30,-3.4000000000000004,76,242,2.7,1021
2022,1,28,0,30,-3.2,77.10000000000001,249,2.6,1021
2022,1,28,1,30,-3.2,79.03,253,2.5,1021
2022,1,28,2,30,-3.1,80.32000000000001,256,2.4000000000000004,1020
2022,1,28,3,30,-3.1,82.34,259,2.2,1020
2022,1,28,4,30,-3.1,83.74,263,2,1020
2022,1,28,5,30,-3.1,84.21000000000001,269,1.7000000000000002,1020
2022,1,28,6,30,-3,84.02,277,1.4000000000000001,1020
2022,1,28,7,30,-2.5,82.35000000000001,288,1.1,1019
2022,1,28,8,30,-1.8,79.36,301,0.8,1019
2022,1,28,9,30,-0.9,74.71000000000001,320,0.5,1019
2022,1,28,10,30,-0.1,73.33,339,0.30000000000000004,1019
2022,1,28,11,30,0.30000000000000004,73.33,352,0.4,1018
2022,1,28,12,30,0.5,74.08,179,0.6000000000000001,1017
2022,1,28,13,30,0.5,75.76,4,1,1017
2022,1,28,14,30,0.30000000000000004,78.89,12,1.4000000000000001,1017
2022,1,28,15,30,-0.2,84.71000000000001,22,1.8,1016
2022,1,28,16,30,-0.7000000000000001,89.14,30,2.3000000000000003,1016
2022,1,28,17,30,-0.9,89.56,33,2.6,1015
2022,1,28,18,30,-1.1,90.91,35,2.6,1016
2022,1,28,19,30,-1.1,90.92,32,2.9000000000000004,1015
2022,1,28,20,30,-1.1,91.56,27,3.8000000000000003,1014
2022,1,28,21,30,-1.2000000000000002,92.14,27,4.2,1013
2022,1,28,22,30,-1.4000000000000001,92.38,27,4.4,1012
2022,1,28,23,30,-1.7000000000000002,92.67,24,5,1011
2022,1,29,0,30,-2.3000000000000003,93,21,5.800000000000001,1010
2022,1,29,1,30,-3.2,92.38,18,6.5,1009
2022,1,29,2,30,-4.2,90.7,13,7,1007
2022,1,29,3,30,-5.1000000000000005,89.06,7,7.300000000000001,1006
2022,1,29,4,30,-5.800000000000001,87.60000000000001,3,7.5,1005
2022,1,29,5,30,-6.4,87.53,181,7.5,1004
2022,1,29,6,30,-7,87.16,358,7.7,1004
2022,1,29,7,30,-7.7,86.65,354,7.800000000000001,1003
2022,1,29,8,30,-8.1,84.92,351,7.800000000000001,1003
2022,1,29,9,30,-8.4,83.63,346,7.6000000000000005,1002
2022,1,29,10,30,-8.5,82.27,341,7.5,1002
2022,1,29,11,30,-8.4,80.33,337,7.300000000000001,1001
2022,1,29,12,30,-8.4,79.55,333,7.2,1001
2022,1,29,13,30,-8.3,78.33,328,7.1000000000000005,1001
2022,1,29,14,30,-8.200000000000001,76.88,324,6.9,1002
2022,1,29,15,30,-8.3,76.23,321,6.7,1002
2022,1,29,16,30,-8.4,75.32000000000001,320,6.5,1003
2022,1,29,17,30,-8.700000000000001,75.34,320,6.5,1004
2022,1,29,18,30,-9,75.09,322,6.4,1005
2022,1,29,19,30,-9.4,74.9,324,6.2,1005
2022,1,29,20,30,-9.8,74.61,324,6,1006
2022,1,29,21,30,-10.3,75.58,324,5.800000000000001,1007
2022,1,29,22,30,-10.700000000000001,76.55,322,5.6000000000000005,1007
2022,1,29,23,30,-11,77.54,319,5.4,1008
2022,1,30,0,30,-11.100000000000001,78.48,315,5.2,1009
2022,1,30,1,30,-11.200000000000001,80.02,313,5.1000000000000005,1010
2022,1,30,2,30,-11.3,80.89,312,4.9,1011
2022,1,30,3,30,-11.5,81.51,312,4.800000000000001,1011
2022,1,30,4,30,-11.8,82.58,310,4.5,1012
2022,1,30,5,30,-12.4,84.71000000000001,309,4.2,1013
2022,1,30,6,30,-12.700000000000001,83.8,307,3.9000000000000004,1014
2022,1,30,7,30,-11.4,75.39,306,3.9000000000000004,1015
2022,1,30,8,30,-9.1,70.14,307,3.9000000000000004,1015
2022,1,30,9,30,-7.300000000000001,66.8,308,3.7,1015
2022,1,30,10,30,-6,64.13,303,3.3000000000000003,1015
2022,1,30,11,30,-4.9,62.17,293,3.1,1015
2022,1,30,12,30,-4.2,61.83,280,3,1014
2022,1,30,13,30,-3.8000000000000003,62.440000000000005,271,3.1,1014
2022,1,30,14,30,-3.7,63.7,268,3,1015
2022,1,30,15,30,-4.6000000000000005,69.35000000000001,270,2.7,1015
2022,1,30,16,30,-6.1000000000000005,75.72,274,2.5,1016
2022,1,30,17,30,-7,75.74,281,2.4000000000000004,1017
2022,1,30,18,30,-7.1000000000000005,75.13,287,2.3000000000000003,1018
2022,1,30,19,30,-7,74.15,294,2.2,1019
2022,1,30,20,30,-6.7,72.65,299,2,1020
2022,1,30,21,30,-6.6000000000000005,72.72,305,1.8,1020
2022,1,30,22,30,-6.5,72.47,312,1.7000000000000002,1020
2022,1,30,23,30,-6.5,72.48,322,1.5,1021
2022,1,31,0,30,-6.800000000000001,73.54,335,1.5,1021
2022,1,31,1,30,-7.5,74.35000000000001,348,1.5,1021
2022,1,31,2,30,-8.3,74.81,179,1.6,1022
2022,1,31,3,30,-8.9,76.62,8,1.6,1022
2022,1,31,4,30,-9.3,77.39,18,1.7000000000000002,1023
2022,1,31,5,30,-9.600000000000001,77.52,29,1.8,1024
2022,1,31,6,30,-9.5,75.67,39,1.9000000000000001,1024
2022,1,31,7,30,-7.9,68.23,46,1.9000000000000001,1025
2022,1,31,8,30,-5.5,62.38,52,1.9000000000000001,1026
2022,1,31,9,30,-3.4000000000000004,58.84,55,1.8,1026
2022,1,31,10,30,-2.1,56.5,51,1.6,1026
2022,1,31,11,30,-1.5,55.42,42,1.5,1026
2022,1,31,12,30,-1.1,54.94,34,1.4000000000000001,1026
2022,1,31,13,30,-0.9,55.47,33,1.4000000000000001,1026
2022,1,31,14,30,-1,57.29,37,1.4000000000000001,1026
2022,1,31,15,30,-1.9000000000000001,63.59,45,1.5,1026
2022,1,31,16,30,-3.5,71.13,53,1.8,1027
2022,1,31,17,30,-4.7,69.7,58,2,1027
2022,1,31,18,30,-5.2,70.63,60,2.1,1028
2022,1,31,19,30,-10.3,74.63,281,3.7,1028
2022,1,31,20,30,-10.600000000000001,75.91,284,3.4000000000000004,1028
2022,1,31,21,30,-10.9,77.10000000000001,287,3.3000000000000003,1028
2022,1,31,22,30,-11.3,78.86,289,3.2,1028
2022,1,31,23,30,-11.700000000000001,80.26,291,3.1,1028
2019,2,1,0,30,-12,80.93,292,3,1028
2019,2,1,1,30,-12.200000000000001,81.7,292,2.9000000000000004,1028
2019,2,1,2,30,-12.5,82.55,292,2.9000000000000004,1028
2019,2,1,3,30,-12.700000000000001,83.09,294,2.8000000000000003,1028
2019,2,1,4,30,-12.9,83.69,298,2.7,1029
2019,2,1,5,30,-13,82.69,303,2.4000000000000004,1029
2019,2,1,6,30,-12.600000000000001,78.31,306,2.2,1029
2019,2,1,7,30,-11.5,72.38,308,2.1,1029
2019,2,1,8,30,-10.4,64.12,307,2.1,1029
2019,2,1,9,30,-9.700000000000001,59.85,301,2,1029
2019,2,1,10,30,-9,58.47,294,2,1029
2019,2,1,11,30,-8.4,59.22,292,2,1028
2019,2,1,12,30,-7.9,60.93,296,2,1027
2019,2,1,13,30,-7.6000000000000005,63.18,302,1.9000000000000001,1027
2019,2,1,14,30,-7.4,65.16,305,1.8,1026
2019,2,1,15,30,-7.5,68.79,303,1.6,1026
2019,2,1,16,30,-7.9,77.66,301,1.6,1026
2019,2,1,17,30,-8.6,82.39,299,1.7000000000000002,1027
2019,2,1,18,30,-9.1,82.04,301,1.8,1027
2019,2,1,19,30,-9.600000000000001,82.10000000000001,304,2,1027
2019,2,1,20,30,-9.8,81.77,309,2.1,1027
2019,2,1,21,30,-10.100000000000001,82.59,315,2.2,1027
2019,2,1,22,30,-10.4,82.71000000000001,320,2.2,1027
2019,2,1,23,30,-10.8,83.81,324,2.2,1027
2019,2,2,0,30,-11.100000000000001,84.34,328,2.2,1027
2019,2,2,1,30,-11.4,84.85000000000001,331,2.1,1027
2019,2,2,2,30,-11.3,82.36,331,1.9000000000000001,1027
2019,2,2,3,30,-11,79.9,330,1.7000000000000002,1027
2019,2,2,4,30,-10.9,79.2,327,1.6,1027
2019,2,2,5,30,-11,78.58,322,1.5,1027
2019,2,2,6,30,-10.600000000000001,73.66,308,1.3,1026
2019,2,2,7,30,-9.3,67.55,283,1.2000000000000002,1026
2019,2,2,8,30,-7.2,62.81,260,1.5,1026
2019,2,2,9,30,-5,58.86,246,2,1025
2019,2,2,10,30,-3.3000000000000003,58.96,236,2.8000000000000003,1024
2019,2,2,11,30,-2.1,62.22,234,3.5,1022
2019,2,2,12,30,-1.2000000000000002,65.96000000000001,236,4,1021
2019,2,2,13,30,-0.6000000000000001,69.86,238,4.3,1020
2019,2,2,14,30,-0.30000000000000004,74.55,238,4.4,1019
2019,2,2,15,30,-0.5,81.09,238,4.4,1018
2019,2,2,16,30,-1.1,87.17,239,4.2,1018
2019,2,2,17,30,-1.7000000000000002,90.71000000000001,241,4.2,1018
2019,2,2,18,30,-2,92.37,243,4.2,1018
2019,2,2,19,30,-2.3000000000000003,93.78,245,4.1000000000000005,1018
2019,2,2,20,30,-2.5,94.47,248,3.8000000000000003,1018
2019,2,2,21,30,-2.7,94.93,251,3.6,1018
2019,2,2,22,30,-2.8000000000000003,94.60000000000001,252,3.4000000000000004,1018
2019,2,2,23,30,-2.9000000000000004,94.63,254,3.1,1018
2019,2,3,0,30,-3,94.88,257,3,1019
2019,2,3,1,30,-3.1,95.86,262,2.7,1019
2019,2,3,2,30,-3.5,96.91,265,2.4000000000000004,1019
2019,2,3,3,30,-3.6,95.87,269,2.1,1019
2019,2,3,4,30,-3.8000000000000003,96.05,274,1.8,1019
2019,2,3,5,30,-3.9000000000000004,95.26,279,1.5,1019
2019,2,3,6,30,-3.6,92.08,281,1.4000000000000001,1020
2019,2,3,7,30,-2.3000000000000003,85.28,276,1.3,1020
2019,2,3,8,30,-0.30000000000000004,81.25,263,1.2000000000000002,1020
2019,2,3,9,30,2.1,75.07000000000001,245,1.1,1020
2019,2,3,10,30,4.4,71.5,228,1,1020
2019,2,3,11,30,5.9,71.74,211,1.1,1019
2019,2,3,12,30,6.6000000000000005,73.76,195,1.2000000000000002,1019
2019,2,3,13,30,6.7,77.85000000000001,188,1.4000000000000001,1018
2019,2,3,14,30,5.9,85.67,185,1.3,1018
2019,2,3,15,30,4.2,95.07000000000001,186,1.3,1018
2019,2,3,16,30,2.4000000000000004,96.31,188,1.5,1018
2019,2,3,17,30,1.8,95.58,191,1.6,1018
2019,2,3,18,30,1.6,96.65,196,1.7000000000000002,1018
2019,2,3,19,30,1.5,97.58,202,1.8,1018
2019,2,3,20,30,1.4000000000000001,99.05,208,1.7000000000000002,1018
2019,2,3,21,30,1.2000000000000002,100,215,1.5,1018
2019,2,3,22,30,1,100,218,1.4000000000000001,1018
2019,2,3,23,30,0.9,100,219,1.4000000000000001,1017
2019,2,4,0,30,0.9,100,221,1.5,1018
2019,2,4,1,30,0.9,100,228,1.5,1018
2019,2,4,2,30,0.9,99.99000000000001,241,1.5,1017
2019,2,4,3,30,0.7000000000000001,99.56,251,1.3,1017
2019,2,4,4,30,0.6000000000000001,98.48,254,1.2000000000000002,1017
2019,2,4,5,30,0.5,98.32000000000001,258,1.1,1017
2019,2,4,6,30,0.8,95.84,263,1.1,1018
2019,2,4,7,30,1.7000000000000002,92.06,262,1,1018
2019,2,4,8,30,3.3000000000000003,88.63,243,0.9,1018
2019,2,4,9,30,5.1000000000000005,84.78,209,1,1017
2019,2,4,10,30,7,82.10000000000001,187,1.4000000000000001,1017
2019,2,4,11,30,8.4,81.58,184,1.8,1017
2019,2,4,12,30,9.200000000000001,82.12,188,1.8,1016
2019,2,4,13,30,9.4,84.2,192,1.6,1016
2019,2,4,14,30,8.700000000000001,90.69,190,1.3,1015
2019,2,4,15,30,6.4,100,185,1.2000000000000002,1015
2019,2,4,16,30,4,100,182,1.3,1015
2019,2,4,17,30,2.9000000000000004,100,181,1.4000000000000001,1015
2019,2,4,18,30,2.7,100,182,1.3,1015
2019,2,4,19,30,2.5,100,184,1.3,1015
2019,2,4,20,30,2.3000000000000003,100,186,1.2000000000000002,1014
2019,2,4,21,30,2.1,100,192,1.2000000000000002,1014
2019,2,4,22,30,2,100,198,1.1,1014
2019,2,4,23,30,2,100,202,1.1,1014
2019,2,5,0,30,2.1,99.72,207,1,1013
2019,2,5,1,30,2.1,100,218,1,1013
2019,2,5,2,30,1.9000000000000001,100,236,1,1013
2019,2,5,3,30,1.7000000000000002,100,251,1.1,1013
2019,2,5,4,30,1.6,100,258,1.2000000000000002,1013
2019,2,5,5,30,1.8,98.8,259,1.2000000000000002,1013
2019,2,5,6,30,2.6,94.47,254,1.2000000000000002,1013
2019,2,5,7,30,4.1000000000000005,90.01,250,1.4000000000000001,1013
2019,2,5,8,30,5.7,88.06,251,1.6,1013
2019,2,5,9,30,7.6000000000000005,84.16,252,1.6,1013
2019,2,5,10,30,9.8,80.36,251,1.7000000000000002,1013
2019,2,5,11,30,11.700000000000001,78.24,249,1.8,1012
2019,2,5,12,30,13.200000000000001,78.38,247,1.8,1012
2019,2,5,13,30,13.9,81.11,244,1.7000000000000002,1012
2019,2,5,14,30,13.700000000000001,86.03,242,1.5,1012
2019,2,5,15,30,12.200000000000001,96.43,244,1.4000000000000001,1012
2019,2,5,16,30,10.100000000000001,97.91,257,1.5,1013
2019,2,5,17,30,9,96.33,279,1.7000000000000002,1014
2019,2,5,18,30,8.4,96.75,310,1.9000000000000001,1015
2019,2,5,19,30,7.4,97.55,340,2.4000000000000004,1016
2019,2,5,20,30,6.2,97.91,179,2.9000000000000004,1017
2019,2,5,21,30,4.800000000000001,97.17,5,3.1,1018
2019,2,5,22,30,3.6,95.43,4,2.8000000000000003,1018
2019,2,5,23,30,2.6,95.28,180,2.6,1019
2019,2,6,0,30,1.6,95.81,358,2.4000000000000004,1019
2019,2,6,1,30,0.6000000000000001,96.47,179,2.4000000000000004,1020
2019,2,6,2,30,-0.1,95.64,4,2.3000000000000003,1019
2019,2,6,3,30,-0.4,93.4,11,2.2,1019
2019,2,6,4,30,-0.7000000000000001,93.19,17,2.1,1020
2019,2,6,5,30,-0.8,92.46000000000001,24,2.1,1020
2019,2,6,6,30,-0.1,88.01,29,2.2,1021
2019,2,6,7,30,1.2000000000000002,84.84,35,2.5,1022
2019,2,6,8,30,2.7,79.28,46,2.7,1022
2019,2,6,9,30,4.1000000000000005,71.61,62,2.7,1022
2019,2,6,10,30,5.1000000000000005,68.25,76,2.5,1021
2019,2,6,11,30,5.7,68.44,88,2.3000000000000003,1021
2019,2,6,12,30,6.1000000000000005,69.8,97,2.2,1020
2019,2,6,13,30,6,73.89,102,2.4000000000000004,1019
2019,2,6,14,30,5.5,79.32000000000001,107,2.4000000000000004,1019
2019,2,6,15,30,4.7,86.48,111,2.3000000000000003,1019
2019,2,6,16,30,4.2,90.65,112,2.5,1019
2019,2,6,17,30,3.9000000000000004,92.16,115,2.8000000000000003,1018
2019,2,6,18,30,3.9000000000000004,93.24,121,2.9000000000000004,1018
2019,2,6,19,30,4,93.76,131,2.9000000000000004,1017
2019,2,6,20,30,4,95.60000000000001,140,2.7,1017
2019,2,6,21,30,4,96.9,143,2.3000000000000003,1016
2019,2,6,22,30,4,97.88,137,1.8,1016
2019,2,6,23,30,4,98.19,118,1.5,1016
2019,2,7,0,30,3.9000000000000004,98.35000000000001,92,1.4000000000000001,1015
2019,2,7,1,30,3.9000000000000004,97.9,66,1.5,1015
2019,2,7,2,30,3.6,99.38,40,1.8,1015
2019,2,7,3,30,3.3000000000000003,98.99000000000001,21,2.4000000000000004,1015
2019,2,7,4,30,3.1,98.03,12,2.8000000000000003,1015
2019,2,7,5,30,2.9000000000000004,97.69,6,2.9000000000000004,1016
2019,2,7,6,30,2.8000000000000003,97.24000000000001,2,2.9000000000000004,1016
2019,2,7,7,30,3.1,95.49,3,2.9000000000000004,1017
2019,2,7,8,30,3.7,93.46000000000001,7,2.8000000000000003,1017
2019,2,7,9,30,4.5,91.9,14,2.7,1017
2019,2,7,10,30,5.2,91.08,21,2.7,1017
2019,2,7,11,30,5.800000000000001,90.85000000000001,27,2.5,1017
2019,2,7,12,30,6.2,90.89,30,2.2,1016
2019,2,7,13,30,6.2,92.23,36,1.9000000000000001,1016
2019,2,7,14,30,6,93.85000000000001,47,1.7000000000000002,1016
2019,2,7,15,30,5.6000000000000005,96.22,56,1.4000000000000001,1016
2019,2,7,16,30,5,98.71000000000001,60,1,1017
2019,2,7,17,30,4.7,97.84,64,0.9,1017
2019,2,7,18,30,4.6000000000000005,97.69,73,1.2000000000000002,1016
2019,2,7,19,30,4.5,97.76,85,1.4000000000000001,1016
2019,2,7,20,30,4.3,97.84,96,1.3,1016
2019,2,7,21,30,4.1000000000000005,98.03,103,1.4000000000000001,1015
2019,2,7,22,30,4.1000000000000005,97.55,112,1.7000000000000002,1014
2019,2,7,23,30,4.1000000000000005,97.16,125,2,1013
2019,2,8,0,30,4.1000000000000005,97.16,140,2,1013
2019,2,8,1,30,4.1000000000000005,97.29,156,1.8,1012
2019,2,8,2,30,4.1000000000000005,97.79,171,1.7000000000000002,1011
2019,2,8,3,30,4.2,97.73,182,2,1010
2019,2,8,4,30,4.1000000000000005,98.64,194,2.2,1010
2019,2,8,5,30,4.1000000000000005,97.95,210,2.2,1010
2019,2,8,6,30,4.2,97.32000000000001,230,2.6,1010
2019,2,8,7,30,4.800000000000001,94.51,249,3.1,1011
2019,2,8,8,30,6,91.4,263,3.2,1011
2019,2,8,9,30,7.5,90.37,271,2.9000000000000004,1011
2019,2,8,10,30,8.8,88.92,268,2.9000000000000004,1011
2019,2,8,11,30,9.600000000000001,85.33,267,4,1011
2019,2,8,12,30,9.5,77.44,274,5.300000000000001,1012
2019,2,8,13,30,8.6,71.58,280,5.7,1013
2019,2,8,14,30,7.4,70.4,283,5.5,1014
2019,2,8,15,30,5.9,72.71000000000001,284,5.2,1015
2019,2,8,16,30,4.2,75.2,287,5.1000000000000005,1016
2019,2,8,17,30,2.5,77.59,290,5.2,1018
2019,2,8,18,30,1.3,79.62,292,5.1000000000000005,1020
2019,2,8,19,30,0.4,79.07000000000001,292,5.1000000000000005,1021
2019,2,8,20,30,-0.30000000000000004,77.07000000000001,292,5,1022
2019,2,8,21,30,-0.9,76.18,293,5,1023
2019,2,8,22,30,-1.5,75.36,295,5.1000000000000005,1024
2019,2,8,23,30,-1.9000000000000001,73.86,296,5.1000000000000005,1024
2019,2,9,0,30,-2.2,72.99,298,5.1000000000000005,1025
2019,2,9,1,30,-2.4000000000000004,71.97,301,5.2,1026
2019,2,9,2,30,-2.6,70.66,305,5.4,1027
2019,2,9,3,30,-2.9000000000000004,69.8,309,5.6000000000000005,1028
2019,2,9,4,30,-3.4000000000000004,68.54,314,5.800000000000001,1029
2019,2,9,5,30,-4,67.88,316,5.9,1030
2019,2,9,6,30,-4.3,66.97,317,5.800000000000001,1032
2019,2,9,7,30,-4.1000000000000005,65.4,316,5.800000000000001,1033
2019,2,9,8,30,-3.5,63.22,316,5.800000000000001,1034
2019,2,9,9,30,-2.7,61.28,316,5.800000000000001,1034
2019,2,9,10,30,-1.9000000000000001,60.160000000000004,317,5.800000000000001,1034
2019,2,9,11,30,-1.2000000000000002,60.09,318,5.6000000000000005,1034
2019,2,9,12,30,-0.7000000000000001,60.75,317,5.4,1034
2019,2,9,13,30,-0.4,61.660000000000004,318,5.1000000000000005,1035
2019,2,9,14,30,-0.4,62.910000000000004,319,4.7,1035
2019,2,9,15,30,-0.9,65.89,319,4.2,1036
2019,2,9,16,30,-1.7000000000000002,70.56,318,3.7,1036
2019,2,9,17,30,-2.4000000000000004,75.35000000000001,317,3.4000000000000004,1037
2019,2,9,18,30,-2.7,77.52,318,3.2,1038
2019,2,9,19,30,-3,79.29,319,3.1,1038
2019,2,9,20,30,-3.2,80.02,320,3,1038
2019,2,9,21,30,-3.5,80.74,322,3,1038
2019,2,9,22,30,-3.7,80.8,327,3,1038
2019,2,9,23,30,-4.1000000000000005,81.99,334,3,1038
2019,2,10,0,30,-4.5,82.5,340,2.9000000000000004,1038
2019,2,10,1,30,-4.9,83.23,342,2.8000000000000003,1037
2019,2,10,2,30,-5.300000000000001,84.13,341,2.5,1037
2019,2,10,3,30,-5.7,84.97,338,2.3000000000000003,1037
2019,2,10,4,30,-6.1000000000000005,85.12,332,2,1037
2019,2,10,5,30,-6.4,84.26,326,1.9000000000000001,1037
2019,2,10,6,30,-6.1000000000000005,79.99,324,1.9000000000000001,1037
2019,2,10,7,30,-4.9,74.24,324,2,1037
2019,2,10,8,30,-3.3000000000000003,65,321,2,1037
2019,2,10,9,30,-1.9000000000000001,58.4,307,1.8,1036
2019,2,10,10,30,-0.7000000000000001,54.53,287,1.9000000000000001,1035
2019,2,10,11,30,0.2,53.79,275,2.2,1034
2019,2,10,12,30,0.7000000000000001,54.69,272,2.4000000000000004,1033
2019,2,10,13,30,1,55.84,271,2.4000000000000004,1032
2019,2,10,14,30,1,58.1,270,2.1,1031
2019,2,10,15,30,0.6000000000000001,62.15,267,1.7000000000000002,1030
2019,2,10,16,30,-0.2,76.37,265,1.5,1030
2019,2,10,17,30,-0.4,74.56,260,1.5,1030
2019,2,10,18,30,-0.30000000000000004,74.81,252,1.5,1029
2019,2,10,19,30,-0.4,77.04,248,1.7000000000000002,1029
2019,2,10,20,30,-0.5,78.46000000000001,249,1.9000000000000001,1029
2019,2,10,21,30,-0.6000000000000001,79.53,249,1.7000000000000002,1028
2019,2,10,22,30,-0.7000000000000001,80.28,249,1.6,1027
2019,2,10,23,30,-0.8,81.35000000000001,251,1.5,1027
2019,2,11,0,30,-0.9,82.36,254,1.4000000000000001,1026
2019,2,11,1,30,-1.1,84.19,267,1.2000000000000002,1025
2019,2,11,2,30,-1.2000000000000002,85.02,285,1.1,1025
2019,2,11,3,30,-1.3,85.54,304,1,1024
2019,2,11,4,30,-1.4000000000000001,85.96000000000001,322,0.9,1024
2019,2,11,5,30,-1.5,85.14,166,0.8,1024
2019,2,11,6,30,-1.3,83.09,13,0.9,1024
2019,2,11,7,30,-0.9,82.44,29,1.1,1024
2019,2,11,8,30,-0.2,79.53,35,1.4000000000000001,1024
2019,2,11,9,30,0.4,75.19,39,1.8,1024
2019,2,11,10,30,1,71.77,43,2.1,1024
2019,2,11,11,30,1.6,68.9,46,2.3000000000000003,1024
2019,2,11,12,30,2,67.61,45,2.4000000000000004,1024
2019,2,11,13,30,2.1,67.57000000000001,46,2.4000000000000004,1023
2019,2,11,14,30,1.9000000000000001,69.2,48,2.3000000000000003,1024
2019,2,11,15,30,1.4000000000000001,73.97,49,2.1,1024
2019,2,11,16,30,0.6000000000000001,82.47,49,1.9000000000000001,1024
2019,2,11,17,30,0.30000000000000004,82.23,48,2,1025
2019,2,11,18,30,0.2,82.15,47,2,1025
2019,2,11,19,30,0.2,81.67,46,2,1026
2019,2,11,20,30,0.1,81.73,45,2.1,1026
2019,2,11,21,30,-0.1,82.64,45,2.2,1027
2019,2,11,22,30,-0.2,83.39,47,2.3000000000000003,1027
2019,2,11,23,30,-0.4,85.12,52,2.5,1027
2019,2,12,0,30,-0.8,86.36,55,2.7,1027
2019,2,12,1,30,-1,86.01,55,3,1027
2019,2,12,2,30,-1.4000000000000001,85.48,54,3.4000000000000004,1027
2019,2,12,3,30,-1.9000000000000001,83.63,59,3.9000000000000004,1026
2019,2,12,4,30,-2.2,81.56,63,4.1000000000000005,1026
2019,2,12,5,30,-2.6,80.58,65,4.4,1027
2019,2,12,6,30,-2.8000000000000003,80.18,70,4.6000000000000005,1027
2019,2,12,7,30,-2.8000000000000003,81,74,4.7,1027
2019,2,12,8,30,-2.5,82.13,78,5,1026
2019,2,12,9,30,-2,83.19,82,5.300000000000001,1025
2019,2,12,10,30,-1.7000000000000002,86.25,85,5.5,1024
2019,2,12,11,30,-1.3,87.99,87,5.5,1022
2019,2,12,12,30,-0.8,89.04,87,5.5,1020
2019,2,12,13,30,-0.30000000000000004,90.37,87,5.4,1019
2019,2,12,14,30,0,92.38,88,5.300000000000001,1017
2019,2,12,15,30,0.2,94.25,90,5.2,1016
2019,2,12,16,30,0.6000000000000001,94.35000000000001,93,5.1000000000000005,1014
2019,2,12,17,30,1.1,94.62,97,5,1013
2019,2,12,18,30,1.7000000000000002,94.78,102,4.7,1011
2019,2,12,19,30,2.2,96.04,109,4.2,1009
2019,2,12,20,30,2.6,97.31,120,3.3000000000000003,1007
2019,2,12,21,30,2.9000000000000004,98.32000000000001,146,2.4000000000000004,1005
2019,2,12,22,30,3,100,173,2,1003
2019,2,12,23,30,3,100,187,1.7000000000000002,1001
2019,2,13,0,30,2.9000000000000004,100,208,1.8,999
2019,2,13,1,30,2.6,100,235,2.3000000000000003,999
2019,2,13,2,30,2.2,100,257,2.9000000000000004,999
2019,2,13,3,30,1.8,99.23,268,3.5,1000
2019,2,13,4,30,1.4000000000000001,98.81,268,3.7,1001
2019,2,13,5,30,1,98.63,266,3.8000000000000003,1002
2019,2,13,6,30,0.8,96.58,264,4,1003
2019,2,13,7,30,1.2000000000000002,93.09,263,4.3,1004
2019,2,13,8,30,2,89.15,266,4.5,1005
2019,2,13,9,30,2.7,84.53,271,4.7,1005
2019,2,13,10,30,3.1,77.63,274,5.1000000000000005,1004
2019,2,13,11,30,3.3000000000000003,72.76,271,5.2,1004
2019,2,13,12,30,3.3000000000000003,72.36,267,5.2,1004
2019,2,13,13,30,3.1,73.76,264,5.2,1005
2019,2,13,14,30,2.7,76.27,263,5.2,1005
2019,2,13,15,30,1.9000000000000001,80.53,265,5.2,1006
2019,2,13,16,30,1,83.55,268,5.1000000000000005,1006
2019,2,13,17,30,0.2,83.79,270,5.1000000000000005,1007
2019,2,13,18,30,-0.2,82.85000000000001,270,4.9,1008
2019,2,13,19,30,-0.6000000000000001,83.82000000000001,270,4.6000000000000005,1009
2019,2,13,20,30,-0.8,84.18,270,4.3,1009
2019,2,13,21,30,-0.9,84.52,269,4.1000000000000005,1010
2019,2,13,22,30,-0.9,84.61,267,4.1000000000000005,1010
2019,2,13,23,30,-0.8,85.12,268,4.2,1010
2019,2,14,0,30,-0.7000000000000001,85.03,269,4.2,1011
2019,2,14,1,30,-0.9,85.06,271,4.3,1011
2019,2,14,2,30,-1.1,84.32000000000001,271,4.4,1012
2019,2,14,3,30,-1.3,84,271,4.3,1013
2019,2,14,4,30,-1.5,84.33,273,4.2,1014
2019,2,14,5,30,-1.7000000000000002,84.29,275,4,1014
2019,2,14,6,30,-1.7000000000000002,82.25,277,3.9000000000000004,1015
2019,2,14,7,30,-0.7000000000000001,77.86,279,3.9000000000000004,1016
2019,2,14,8,30,0.5,74.2,281,3.9000000000000004,1016
2019,2,14,9,30,1.5,70.27,282,3.8000000000000003,1016
2019,2,14,10,30,2.4000000000000004,69.29,278,3.5,1016
2019,2,14,11,30,3.2,68.97,273,3.2,1016
2019,2,14,12,30,3.8000000000000003,68.91,269,2.9000000000000004,1016
2019,2,14,13,30,4.3,68.87,264,2.5,1016
2019,2,14,14,30,4.3,71.45,250,2,1016
2019,2,14,15,30,3.4000000000000004,81.8,233,1.6,1016
2019,2,14,16,30,1.8,89.75,219,1.6,1016
2019,2,14,17,30,0.8,86.44,210,1.6,1016
2019,2,14,18,30,0.7000000000000001,86.46000000000001,198,1.5,1016
2019,2,14,19,30,0.9,85.62,185,1.5,1016
2019,2,14,20,30,1.4000000000000001,85.88,176,1.8,1015
2019,2,14,21,30,1.9000000000000001,87.69,173,2.3000000000000003,1015
2019,2,14,22,30,2.3000000000000003,90.22,173,2.5,1015
2019,2,14,23,30,2.5,91.92,169,2.6,1014
2019,2,15,0,30,2.6,92.91,159,2.7,1014
2019,2,15,1,30,2.7,93.05,150,3,1013
2019,2,15,2,30,3,93.05,146,3.5,1012
2019,2,15,3,30,3.3000000000000003,93.68,147,3.9000000000000004,1010
2019,2,15,4,30,3.6,94.44,152,4.1000000000000005,1009
2019,2,15,5,30,3.9000000000000004,95.31,163,4,1009
2019,2,15,6,30,4.4,95.02,180,3.8000000000000003,1008
2019,2,15,7,30,5,94.17,194,3.7,1008
2019,2,15,8,30,5.9,91.79,199,3.8000000000000003,1007
2019,2,15,9,30,7.2,88.41,198,3.8000000000000003,1006
2019,2,15,10,30,8.5,85.8,195,3.7,1005
2019,2,15,11,30,9.5,84.44,192,3.8000000000000003,1004
2019,2,15,12,30,9.9,86.05,188,3.9000000000000004,1003
2019,2,15,13,30,10,89.04,187,3.8000000000000003,1003
2019,2,15,14,30,9.600000000000001,93.04,187,3.7,1003
2019,2,15,15,30,8.8,97.13,191,3.6,1003
2019,2,15,16,30,8.3,96.74000000000001,202,3.8000000000000003,1003
2019,2,15,17,30,8.1,97.22,212,3.8000000000000003,1003
2019,2,15,18,30,8,97.28,219,3.4000000000000004,1003
2019,2,15,19,30,7.7,97.96000000000001,232,2.8000000000000003,1003
2019,2,15,20,30,7,99.12,258,2.4000000000000004,1003
2019,2,15,21,30,6.1000000000000005,98.26,291,2.4000000000000004,1004
2019,2,15,22,30,5.2,94.8,313,2.7,1004
2019,2,15,23,30,4.3,91.91,320,3,1005
2019,2,16,0,30,3.4000000000000004,90.75,324,3,1006
2019,2,16,1,30,2.5,90.53,330,2.8000000000000003,1006
2019,2,16,2,30,1.7000000000000002,89.93,332,2.8000000000000003,1006
2019,2,16,3,30,1,86.83,329,2.8000000000000003,1007
2019,2,16,4,30,0.4,85.82000000000001,324,2.8000000000000003,1008
2019,2,16,5,30,-0.1,85.65,325,2.8000000000000003,1009
2019,2,16,6,30,-0.1,83.36,330,3,1010
2019,2,16,7,30,0.5,78.87,336,3.4000000000000004,1010
2019,2,16,8,30,1.3,72.02,340,3.6,1011
2019,2,16,9,30,2.1,67.02,338,3.5,1011
2019,2,16,10,30,3,64.6,333,3.3000000000000003,1010
2019,2,16,11,30,3.7,64.11,329,3.2,1010
2019,2,16,12,30,4.2,64.22,327,3.1,1010
2019,2,16,13,30,4.5,65.11,329,3.2,1010
2019,2,16,14,30,4.4,67.36,334,3.3000000000000003,1010
2019,2,16,15,30,3.6,72.09,337,3.3000000000000003,1010
2019,2,16,16,30,2.2,79.60000000000001,339,3.2,1011
2019,2,16,17,30,0.8,84.48,342,3.3000000000000003,1012
2019,2,16,18,30,-0.30000000000000004,87.44,348,3.4000000000000004,1013
2019,2,16,19,30,-1,87.92,353,3.4000000000000004,1014
2019,2,16,20,30,-1.5,86.28,357,3.5,1015
2019,2,16,21,30,-2.1,85.38,358,3.6,1015
2019,2,16,22,30,-2.5,84.62,358,3.5,1016
2019,2,16,23,30,-2.8000000000000003,85.19,356,3.3000000000000003,1016
2019,2,17,0,30,-2.9000000000000004,85.12,355,3.2,1017
2019,2,17,1,30,-3,85.23,179,3.1,1017
2019,2,17,2,30,-3.1,85.52,4,3,1016
2019,2,17,3,30,-3.2,85.95,8,2.8000000000000003,1017
2019,2,17,4,30,-3.4000000000000004,85.83,12,2.8000000000000003,1017
2019,2,17,5,30,-3.5,85.08,17,2.8000000000000003,1018
2019,2,17,6,30,-3.3000000000000003,81.8,22,2.9000000000000004,1018
2019,2,17,7,30,-2.4000000000000004,74.60000000000001,30,2.9000000000000004,1019
2019,2,17,8,30,-1.2000000000000002,67.72,38,2.5,1019
2019,2,17,9,30,0.1,62.440000000000005,47,1.9000000000000001,1019
2019,2,17,10,30,1,58.93,62,1.4000000000000001,1019
2019,2,17,11,30,1.2000000000000002,58.11,86,0.9,1019
2019,2,17,12,30,1.2000000000000002,58.410000000000004,133,0.7000000000000001,1018
2019,2,17,13,30,1.3,61.26,156,1.1,1017
2019,2,17,14,30,1.5,63.1,156,1.1,1016
2019,2,17,15,30,1.1,66.49,167,0.9,1016
2019,2,17,16,30,-0.1,80.56,174,1,1016
2019,2,17,17,30,-0.6000000000000001,80.26,160,1.1,1016
2019,2,17,18,30,-0.2,80.46000000000001,133,1.2000000000000002,1015
2019,2,17,19,30,0.1,82.13,128,1.5,1014
2019,2,17,20,30,0.1,84.95,131,1.6,1014
2019,2,17,21,30,0.1,87.76,134,1.7000000000000002,1013
2019,2,17,22,30,0.2,90.31,130,1.9000000000000001,1013
2019,2,17,23,30,0.30000000000000004,92.4,114,1.7000000000000002,1012
2019,2,18,0,30,0.30000000000000004,93.65,99,1.7000000000000002,1011
2019,2,18,1,30,0.4,94.68,98,1.9000000000000001,1011
2019,2,18,2,30,0.6000000000000001,94.92,102,2,1009
2019,2,18,3,30,0.7000000000000001,95.66,104,2.2,1008
2019,2,18,4,30,0.9,95.72,108,2.2,1008
2019,2,18,5,30,1.1,95.8,110,2,1008
2019,2,18,6,30,1.3,95.85000000000001,112,1.7000000000000002,1008
2019,2,18,7,30,1.5,95.56,121,1.3,1008
2019,2,18,8,30,1.9000000000000001,94.24,155,1,1008
2019,2,18,9,30,2.5,92.45,215,1.2000000000000002,1008
2019,2,18,10,30,3.3000000000000003,90.24,259,2.1,1008
2019,2,18,11,30,4,88.14,274,3.3000000000000003,1009
2019,2,18,12,30,4.5,84.47,283,4.2,1009
2019,2,18,13,30,4.6000000000000005,80.83,287,4.800000000000001,1010
2019,2,18,14,30,3.9000000000000004,80.14,292,5.2,1011
2019,2,18,15,30,2.5,81.28,300,5.5,1013
2019,2,18,16,30,1,81.47,306,5.4,1015
2019,2,18,17,30,-0.30000000000000004,82.15,310,5.2,1017
2019,2,18,18,30,-1.1,82.01,313,5.2,1020
2019,2,18,19,30,-2,81.99,317,5.2,1021
2019,2,18,20,30,-2.8000000000000003,81.78,321,5,1023
2019,2,18,21,30,-3.4000000000000004,81.23,324,4.7,1024
2019,2,18,22,30,-4,81.26,326,4.5,1025
2019,2,18,23,30,-4.3,80.48,327,4.3,1026
2019,2,19,0,30,-4.5,80.42,329,4.1000000000000005,1027
2019,2,19,1,30,-4.7,81.13,330,3.9000000000000004,1028
2019,2,19,2,30,-4.800000000000001,81.77,330,3.7,1028
2019,2,19,3,30,-4.9,82.45,329,3.5,1029
2019,2,19,4,30,-5.1000000000000005,83.11,327,3.4000000000000004,1029
2019,2,19,5,30,-5.300000000000001,83.11,327,3.2,1030
2019,2,19,6,30,-5,80.21000000000001,327,3.2,1031
2019,2,19,7,30,-4,73.92,328,3.2,1032
2019,2,19,8,30,-2.9000000000000004,68.46000000000001,327,3.1,1033
2019,2,19,9,30,-2,64.33,323,3,1034
2019,2,19,10,30,-1,60.870000000000005,318,2.9000000000000004,1034
2019,2,19,11,30,-0.2,58.82,311,2.9000000000000004,1033
2019,2,19,12,30,0.5,57.46,308,2.9000000000000004,1033
2019,2,19,13,30,0.9,57.32,307,3,1032
2019,2,19,14,30,0.8,59.07,308,3,1032
2019,2,19,15,30,0.2,63.09,310,2.8000000000000003,1033
2019,2,19,16,30,-1.1,71.79,314,2.5,1033
2019,2,19,17,30,-2.3000000000000003,76.07000000000001,316,2.6,1034
2019,2,19,18,30,-2.6,77.12,320,2.8000000000000003,1034
2019,2,19,19,30,-2.8000000000000003,77.88,331,2.9000000000000004,1034
2019,2,19,20,30,-3.1,78.17,339,2.8000000000000003,1035
2019,2,19,21,30,-3.3000000000000003,78.4,346,2.6,1035
2019,2,19,22,30,-3.6,78.43,175,2.4000000000000004,1034
2019,2,19,23,30,-3.6,77.38,9,2.2,1034
2019,2,20,0,30,-3.6,75.4,10,1.9000000000000001,1034
2019,2,20,1,30,-3.7,75.59,11,1.7000000000000002,1034
2019,2,20,2,30,-3.7,74.37,17,1.7000000000000002,1034
2019,2,20,3,30,-3.8000000000000003,75.26,23,1.7000000000000002,1034
2019,2,20,4,30,-3.8000000000000003,74.79,33,1.6,1034
2019,2,20,5,30,-3.8000000000000003,74.83,45,1.6,1034
2019,2,20,6,30,-3.6,73.76,61,1.7000000000000002,1034
2019,2,20,7,30,-3.2,71.22,74,2,1034
2019,2,20,8,30,-2.6,68.77,85,2.3000000000000003,1033
2019,2,20,9,30,-2,67.68,95,2.1,1033
2019,2,20,10,30,-1.7000000000000002,67.79,104,1.9000000000000001,1033
2019,2,20,11,30,-1.6,72.17,106,1.9000000000000001,1032
2019,2,20,12,30,-1.5,75.94,117,2,1031
2019,2,20,13,30,-1.1,79.45,133,2.4000000000000004,1029
2019,2,20,14,30,-0.8,83.38,137,2.5,1028
2019,2,20,15,30,-0.8,87.38,132,2.4000000000000004,1028
2019,2,20,16,30,-0.9,90.59,122,2.6,1027
2019,2,20,17,30,-0.9,92.3,117,3,1026
2019,2,20,18,30,-0.7000000000000001,93.05,114,3.1,1025
2019,2,20,19,30,-0.4,94.13,110,3.1,1024
2019,2,20,20,30,0,94.61,105,3.2,1023
2019,2,20,21,30,0.5,94.72,102,3.5,1020
2019,2,20,22,30,1,95.34,104,3.5,1017
2019,2,20,23,30,1.5,95.79,115,3.3000000000000003,1015
2019,2,21,0,30,2,97.22,139,2.7,1013
2019,2,21,1,30,2.3000000000000003,98.47,177,1.8,1012
2019,2,21,2,30,2.3000000000000003,99.91,227,1.5,1011
2019,2,21,3,30,2,100,269,1.8,1011
2019,2,21,4,30,1.5,100,282,2.3000000000000003,1010
2019,2,21,5,30,1.1,99.51,275,2.5,1011
2019,2,21,6,30,1.1,96.56,269,2.9000000000000004,1011
2019,2,21,7,30,1.4000000000000001,94.63,271,3.3000000000000003,1012
2019,2,21,8,30,1.8,93.78,278,3.4000000000000004,1013
2019,2,21,9,30,2.6,90.93,284,3.3000000000000003,1013
2019,2,21,10,30,3.6,88.57000000000001,283,3.3000000000000003,1013
2019,2,21,11,30,4.6000000000000005,85.7,278,3.2,1013
2019,2,21,12,30,5.300000000000001,83.10000000000001,279,2.9000000000000004,1013
2019,2,21,13,30,5.7,81.34,278,2.7,1013
2019,2,21,14,30,5.7,81.17,275,2.4000000000000004,1013
2019,2,21,15,30,4.9,85.73,277,2.1,1014
2019,2,21,16,30,3.2,92.29,282,1.9000000000000001,1014
2019,2,21,17,30,2,91,285,1.9000000000000001,1014
2019,2,21,18,30,1.9000000000000001,89.84,287,2.2,1016
2019,2,21,19,30,2.2,88.51,293,2.5,1017
2019,2,21,20,30,2.5,87.97,304,2.7,1018
2019,2,21,21,30,2.4000000000000004,89.21000000000001,314,2.6,1019
2019,2,21,22,30,2.2,89.33,317,2.5,1019
2019,2,21,23,30,2,89.04,311,2.4000000000000004,1020
2019,2,22,0,30,2,88.15,308,2.4000000000000004,1021
2019,2,22,1,30,1.9000000000000001,87.81,310,2.3000000000000003,1021
2019,2,22,2,30,1.8,87.49,312,2.3000000000000003,1021
2019,2,22,3,30,1.6,88.01,314,2.3000000000000003,1022
2019,2,22,4,30,1.3,88.64,319,2.4000000000000004,1023
2019,2,22,5,30,1.1,88.12,325,2.4000000000000004,1024
2019,2,22,6,30,1.2000000000000002,85.35000000000001,331,2.5,1025
2019,2,22,7,30,1.9000000000000001,83.38,334,2.5,1026
2019,2,22,8,30,2.5,81.46000000000001,334,2.5,1027
2019,2,22,9,30,2.9000000000000004,77.87,334,2.5,1027
2019,2,22,10,30,3.3000000000000003,71.23,332,2.4000000000000004,1027
2019,2,22,11,30,3.7,68.76,328,2.4000000000000004,1027
2019,2,22,12,30,4,68.60000000000001,329,2.4000000000000004,1027
2019,2,22,13,30,4,70.10000000000001,333,2.2,1026
2019,2,22,14,30,3.8000000000000003,73.95,335,1.8,1026
2019,2,22,15,30,3.1,82.43,334,1.6,1027
2019,2,22,16,30,1.9000000000000001,88.84,335,1.6,1027
2019,2,22,17,30,1.1,87.42,338,1.7000000000000002,1028
2019,2,22,18,30,0.8,87.77,343,1.8,1029
2019,2,22,19,30,0.6000000000000001,88.15,349,1.8,1029
2019,2,22,20,30,0.5,88.2,177,1.9000000000000001,1029
2019,2,22,21,30,0.30000000000000004,89.17,4,1.9000000000000001,1030
2019,2,22,22,30,0.1,89.57000000000001,9,2.1,1030
2019,2,22,23,30,0,89.17,12,2.3000000000000003,1030
2019,2,23,0,30,-0.30000000000000004,88.92,12,2.4000000000000004,1030
2019,2,23,1,30,-0.6000000000000001,88.74,11,2.3000000000000003,1030
2019,2,23,2,30,-0.9,88.84,12,2.3000000000000003,1030
2019,2,23,3,30,-1,88.31,19,2.2,1030
2019,2,23,4,30,-1.2000000000000002,88.77,28,2.1,1030
2019,2,23,5,30,-1.4000000000000001,89.32000000000001,35,2,1030
2019,2,23,6,30,-1,86.03,39,2,1030
2019,2,23,7,30,0,82.72,47,2.1,1030
2019,2,23,8,30,1.2000000000000002,77.48,55,2.1,1030
2019,2,23,9,30,2.1,72.51,60,1.9000000000000001,1030
2019,2,23,10,30,2.9000000000000004,69.7,67,1.6,1030
2019,2,23,11,30,3.5,67.96000000000001,81,1.3,1029
2019,2,23,12,30,3.6,69.24,97,1.2000000000000002,1028
2019,2,23,13,30,3.5,71.82000000000001,106,1.2000000000000002,1027
2019,2,23,14,30,3.2,76.10000000000001,109,1.2000000000000002,1026
2019,2,23,15,30,2.4000000000000004,85.53,109,1.2000000000000002,1026
2019,2,23,16,30,1.5,89.93,109,1.4000000000000001,1025
2019,2,23,17,30,1.1,88.95,106,1.6,1024
2019,2,23,18,30,1.1,90.41,103,1.7000000000000002,1024
2019,2,23,19,30,1.2000000000000002,91.84,100,1.7000000000000002,1023
2019,2,23,20,30,1.5,92.19,96,1.9000000000000001,1023
2019,2,23,21,30,1.8,93.86,94,2.1,1022
2019,2,23,22,30,2.1,94.73,91,2.4000000000000004,1020
2019,2,23,23,30,2.2,95.91,85,2.8000000000000003,1019
2019,2,24,0,30,2.4000000000000004,95.94,81,3.3000000000000003,1018
2019,2,24,1,30,2.6,95.8,82,3.8000000000000003,1016
2019,2,24,2,30,2.8000000000000003,96.16,84,3.9000000000000004,1014
2019,2,24,3,30,3.1,95.87,88,4,1012
2019,2,24,4,30,4,92.83,104,4.7,1010
2019,2,24,5,30,4.9,96.08,124,5,1008
2019,2,24,6,30,5.1000000000000005,99.65,139,3.9000000000000004,1006
2019,2,24,7,30,4.9,100,166,2.6,1004
2019,2,24,8,30,5,98.24000000000001,198,2,1003
2019,2,24,9,30,5.5,95.67,214,2.1,1001
2019,2,24,10,30,6.300000000000001,93.92,217,2.7,999
2019,2,24,11,30,6.800000000000001,95.36,214,3.4000000000000004,998
2019,2,24,12,30,6.800000000000001,96.48,215,3.8000000000000003,996
2019,2,24,13,30,6.300000000000001,97.97,220,3.7,995
2019,2,24,14,30,5.7,98.74000000000001,228,3.3000000000000003,994
2019,2,24,15,30,5.2,98.54,235,3.1,993
2019,2,24,16,30,5,97.59,241,3.3000000000000003,993
2019,2,24,17,30,5,96.35000000000001,252,4.1000000000000005,994
2019,2,24,18,30,5.1000000000000005,95.36,264,5,995
2019,2,24,19,30,4.7,94.09,271,5.7,996
2019,2,24,20,30,4,87.22,272,6,997
2019,2,24,21,30,3.4000000000000004,84.53,269,6,998
2019,2,24,22,30,3,84.22,267,5.9,998
2019,2,24,23,30,2.8000000000000003,82.74,264,6.1000000000000005,998
2019,2,25,0,30,2.5,82.22,263,6.300000000000001,999
2019,2,25,1,30,2.2,80.65,263,6.5,1000
2019,2,25,2,30,1.9000000000000001,78.06,265,6.7,1000
2019,2,25,3,30,1.3,76.2,269,6.9,1001
2019,2,25,4,30,0.6000000000000001,74.63,271,6.800000000000001,1002
2019,2,25,5,30,0.1,74.25,271,6.7,1003
2019,2,25,6,30,0.1,72.53,271,6.800000000000001,1004
2019,2,25,7,30,0.4,70.4,273,7.1000000000000005,1005
2019,2,25,8,30,0.7000000000000001,67.05,278,7.4,1006
2019,2,25,9,30,0.9,64.01,282,7.6000000000000005,1008
2019,2,25,10,30,1.2000000000000002,62.46,285,7.7,1009
2019,2,25,11,30,1.5,61.27,288,7.7,1009
2019,2,25,12,30,1.8,60.5,290,7.6000000000000005,1010
2019,2,25,13,30,1.9000000000000001,61.300000000000004,290,7.5,1011
2019,2,25,14,30,1.7000000000000002,62.7,290,7.300000000000001,1012
2019,2,25,15,30,1,64.98,292,7.1000000000000005,1014
2019,2,25,16,30,0.1,67.05,294,6.800000000000001,1015
2019,2,25,17,30,-0.8,68.67,296,6.5,1017
2019,2,25,18,30,-1.5,70.06,298,6.300000000000001,1018
2019,2,25,19,30,-2,70.27,299,6.1000000000000005,1019
2019,2,25,20,30,-2.5,71,299,5.800000000000001,1020
2019,2,25,21,30,-2.8000000000000003,71.29,299,5.5,1020
2019,2,25,22,30,-3.2,72.10000000000001,299,5.300000000000001,1021
2019,2,25,23,30,-3.6,73.05,299,5,1022
2019,2,26,0,30,-3.8000000000000003,73.14,299,4.9,1023
2019,2,26,1,30,-4,73.29,299,4.9,1023
2019,2,26,2,30,-4.1000000000000005,73.15,298,4.800000000000001,1024
2019,2,26,3,30,-4.3,73.77,299,4.7,1025
2019,2,26,4,30,-4.4,73.81,299,4.6000000000000005,1025
2019,2,26,5,30,-4.5,73.87,300,4.5,1026
2019,2,26,6,30,-4.2,71.68,302,4.4,1026
2019,2,26,7,30,-3.5,67.79,304,4.5,1026
2019,2,26,8,30,-2.5,62.980000000000004,303,4.5,1026
2019,2,26,9,30,-1.5,60.59,299,4.5,1026
2019,2,26,10,30,-0.6000000000000001,60.44,295,4.6000000000000005,1026
2019,2,26,11,30,0.1,61.22,293,4.7,1025
2019,2,26,12,30,0.5,61.980000000000004,295,4.7,1025
2019,2,26,13,30,0.5,63.31,300,4.7,1025
2019,2,26,14,30,0.30000000000000004,64.63,306,4.6000000000000005,1025
2019,2,26,15,30,-0.2,66.76,311,4.4,1026
2019,2,26,16,30,-0.9,69.65,318,4.1000000000000005,1026
2019,2,26,17,30,-1.7000000000000002,73.04,327,3.9000000000000004,1027
2019,2,26,18,30,-2.4000000000000004,74.92,335,4,1028
2019,2,26,19,30,-3,75.12,342,4.1000000000000005,1029
2019,2,26,20,30,-3.7,74.93,347,4,1029
2019,2,26,21,30,-4.2,73.9,349,3.9000000000000004,1029
2019,2,26,22,30,-4.6000000000000005,73.34,351,3.7,1029
2019,2,26,23,30,-4.9,72.96000000000001,352,3.3000000000000003,1029
2019,2,27,0,30,-5,72.76,354,3,1029
2019,2,27,1,30,-5,72.60000000000001,356,2.9000000000000004,1030
2019,2,27,2,30,-5.2,73.83,182,2.9000000000000004,1029
2019,2,27,3,30,-5.4,74.34,10,2.9000000000000004,1029
2019,2,27,4,30,-5.6000000000000005,74.44,18,2.8000000000000003,1029
2019,2,27,5,30,-5.7,73.99,26,2.5,1029
2019,2,27,6,30,-5.5,71.8,34,2.4000000000000004,1030
2019,2,27,7,30,-5.1000000000000005,65.69,40,2.5,1029
2019,2,27,8,30,-4.7,62.01,44,2.4000000000000004,1029
2019,2,27,9,30,-4.2,59.69,49,2.2,1028
2019,2,27,10,30,-3.7,59,57,2,1027
2019,2,27,11,30,-3.3000000000000003,60.17,69,1.8,1026
2019,2,27,12,30,-2.8000000000000003,61.370000000000005,86,1.7000000000000002,1025
2019,2,27,13,30,-2.4000000000000004,63.53,100,1.7000000000000002,1024
2019,2,27,14,30,-1.9000000000000001,64.89,112,1.9000000000000001,1023
2019,2,27,15,30,-1.8,68.44,123,2.1,1021
2019,2,27,16,30,-2,73.25,125,2.1,1021
2019,2,27,17,30,-2.3000000000000003,77.91,120,2,1020
2019,2,27,18,30,-2.3000000000000003,79.67,118,2,1019
2019,2,27,19,30,-2.4000000000000004,82.23,120,2,1018
2019,2,27,20,30,-2.4000000000000004,84.33,124,1.9000000000000001,1017
2019,2,27,21,30,-2.3000000000000003,85.84,132,1.7000000000000002,1016
2019,2,27,22,30,-2.1,87.28,142,1.4000000000000001,1015
2019,2,27,23,30,-1.9000000000000001,89.3,146,1.1,1014
2019,2,28,0,30,-1.8,91.27,133,0.7000000000000001,1013
2019,2,28,1,30,-1.7000000000000002,92.48,70,0.6000000000000001,1013
2019,2,28,2,30,-1.8,94.06,189,0.9,1013
2019,2,28,3,30,-2.1,95.84,354,1.2000000000000002,1014
2019,2,28,4,30,-2.3000000000000003,95.78,346,1.4000000000000001,1015
2019,2,28,5,30,-2.6,95.74000000000001,341,1.9000000000000001,1016
2019,2,28,6,30,-2.7,92.54,340,3.1,1017
2019,2,28,7,30,-2.5,86.53,343,4.3,1019
2019,2,28,8,30,-2.1,74.53,346,4.800000000000001,1019
2019,2,28,9,30,-1.2000000000000002,67.12,348,4.7,1020
2019,2,28,10,30,-0.2,62.730000000000004,349,4.4,1020
2019,2,28,11,30,0.6000000000000001,60.34,349,4.1000000000000005,1020
2019,2,28,12,30,1.1,59.45,351,3.8000000000000003,1020
2019,2,28,13,30,1.4000000000000001,59.22,355,3.4000000000000004,1020
2019,2,28,14,30,1.3,60.17,182,3.1,1020
2019,2,28,15,30,0.8,62.57,8,2.6,1021
2019,2,28,16,30,-0.5,71.85000000000001,13,2.2,1022
2019,2,28,17,30,-1.7000000000000002,78.96000000000001,18,2.1,1023
2019,2,28,18,30,-2.2,79.45,24,2.4000000000000004,1023
2019,2,28,19,30,8.4,99.96000000000001,170,1.8,1018
2019,2,28,20,30,8.3,98.77,182,2,1017
2019,2,28,21,30,8.5,97.43,192,2.2,1016
2019,2,28,22,30,8.9,96.58,197,2.4000000000000004,1015
2019,2,28,23,30,9.200000000000001,97.18,197,2.3000000000000003,1014
2017,3,1,0,30,9.3,98.49000000000001,196,2.2,1013
2017,3,1,1,30,9.1,99.7,196,2.1,1012
2017,3,1,2,30,9,99.84,198,2,1011
2017,3,1,3,30,9.200000000000001,98.13,202,2,1010
2017,3,1,4,30,9.600000000000001,97.75,206,2.1,1009
2017,3,1,5,30,9.8,98.17,206,2.2,1008
2017,3,1,6,30,10.200000000000001,96.54,202,2.5,1007
2017,3,1,7,30,11.200000000000001,94.35000000000001,199,2.9000000000000004,1006
2017,3,1,8,30,12.200000000000001,94.24,202,3.2,1005
2017,3,1,9,30,13.100000000000001,94.57000000000001,200,3.6,1004
2017,3,1,10,30,14,93.26,199,4.3,1002
2017,3,1,11,30,15.100000000000001,92.10000000000001,204,4.6000000000000005,1001
2017,3,1,12,30,15.9,91.72,209,4.7,1000
2017,3,1,13,30,16.6,89.67,213,4.7,999
2017,3,1,14,30,17.1,88.62,214,4.7,998
2017,3,1,15,30,16.900000000000002,90.12,214,4.6000000000000005,998
2017,3,1,16,30,16.400000000000002,91.77,214,4.6000000000000005,997
2017,3,1,17,30,15.700000000000001,93.82000000000001,215,4.4,997
2017,3,1,18,30,15.100000000000001,95.51,213,4.1000000000000005,997
2017,3,1,19,30,14.5,96.73,211,4,996
2017,3,1,20,30,14,96.59,214,4.1000000000000005,995
2017,3,1,21,30,13.9,94.38,219,4.3,995
2017,3,1,22,30,14.200000000000001,91.94,222,5,995
2017,3,1,23,30,14.600000000000001,93.52,229,5.7,995
2017,3,2,0,30,13.8,96.41,247,5.5,995
2017,3,2,1,30,11.600000000000001,87.32000000000001,270,5.6000000000000005,996
2017,3,2,2,30,9.3,76.10000000000001,279,5.800000000000001,997
2017,3,2,3,30,8,71.32000000000001,277,5.7,997
2017,3,2,4,30,7.2,68.14,274,5.9,998
2017,3,2,5,30,6.5,67.44,273,6.2,999
2017,3,2,6,30,5.7,66.53,275,6.7,1001
2017,3,2,7,30,4.800000000000001,63.13,280,7.1000000000000005,1003
2017,3,2,8,30,4.4,56.75,285,7.2,1004
2017,3,2,9,30,4.6000000000000005,52.92,288,7,1006
2017,3,2,10,30,5,51.75,290,6.800000000000001,1007
2017,3,2,11,30,5.6000000000000005,49.9,291,6.6000000000000005,1007
2017,3,2,12,30,6,48.74,292,6.300000000000001,1008
2017,3,2,13,30,6.300000000000001,47.64,295,6.1000000000000005,1008
2017,3,2,14,30,6.2,47.81,297,5.6000000000000005,1009
2017,3,2,15,30,5.7,49.35,299,5,1010
2017,3,2,16,30,4.6000000000000005,53.660000000000004,300,4.3,1012
2017,3,2,17,30,3.2,61.82,300,3.7,1013
2017,3,2,18,30,2.2,68.49,300,3.4000000000000004,1015
2017,3,2,19,30,1.4000000000000001,73.55,301,3.3000000000000003,1016
2017,3,2,20,30,0.7000000000000001,77.18,304,3.1,1017
2017,3,2,21,30,0.1,79.37,308,3,1018
2017,3,2,22,30,-0.5,81.07000000000001,310,2.9000000000000004,1018
2017,3,2,23,30,-1,82.45,307,2.9000000000000004,1018
2017,3,3,0,30,-1.3,82.25,301,3,1019
2017,3,3,1,30,-1.6,80.21000000000001,295,3.1,1019
2017,3,3,2,30,-1.9000000000000001,79.88,290,3.2,1019
2017,3,3,3,30,-2,79.14,288,3.2,1020
2017,3,3,4,30,-2.2,79.38,288,3.2,1020
2017,3,3,5,30,-2.2,78.68,288,3.2,1021
2017,3,3,6,30,-1.7000000000000002,75.26,289,3.4000000000000004,1021
2017,3,3,7,30,-0.8,67.97,291,3.7,1022
2017,3,3,8,30,-0.2,59.86,293,3.7,1022
2017,3,3,9,30,0.4,54.97,293,3.6,1022
2017,3,3,10,30,1,51.730000000000004,293,3.5,1022
2017,3,3,11,30,1.5,49.45,292,3.5,1022
2017,3,3,12,30,1.9000000000000001,47.83,291,3.6,1022
2017,3,3,13,30,2,47.69,290,3.7,1022
2017,3,3,14,30,2,48.1,289,3.8000000000000003,1022
2017,3,3,15,30,1.7000000000000002,49.620000000000005,288,3.6,1022
2017,3,3,16,30,0.9,55.29,281,3.1,1022
2017,3,3,17,30,0.30000000000000004,63.9,273,3.3000000000000003,1023
2017,3,3,18,30,-0.4,71.73,280,4.3,1025
2017,3,3,19,30,-1.7000000000000002,75.03,304,5.300000000000001,1026
2017,3,3,20,30,-3.1,68.39,323,5.300000000000001,1028
2017,3,3,21,30,-3.7,65.62,325,4.800000000000001,1028
2017,3,3,22,30,-4,65.12,323,4.7,1029
2017,3,3,23,30,-4.3,62.74,321,4.7,1029
2017,3,4,0,30,-4.800000000000001,61.25,321,4.7,1030
2017,3,4,1,30,-5.2,61.49,320,4.6000000000000005,1030
2017,3,4,2,30,-5.5,62.2,318,4.4,1030
2017,3,4,3,30,-5.6000000000000005,62.85,314,4.2,1030
2017,3,4,4,30,-5.7,63.6,309,3.9000000000000004,1031
2017,3,4,5,30,-5.800000000000001,64.3,306,3.8000000000000003,1031
2017,3,4,6,30,-5.4,62.61,303,3.9000000000000004,1032
2017,3,4,7,30,-4.7,59.800000000000004,301,4.1000000000000005,1032
2017,3,4,8,30,-3.9000000000000004,56.97,301,4.3,1032
2017,3,4,9,30,-3.3000000000000003,54.59,302,4.5,1031
2017,3,4,10,30,-2.6,52.72,303,4.7,1031
2017,3,4,11,30,-2,51.660000000000004,305,5.1000000000000005,1031
2017,3,4,12,30,-1.8,50.97,309,5.5,1030
2017,3,4,13,30,-2,50.32,314,5.800000000000001,1030
2017,3,4,14,30,-2.5,49.84,320,5.9,1031
2017,3,4,15,30,-3.3000000000000003,50.5,324,5.9,1031
2017,3,4,16,30,-4.3,52.300000000000004,327,5.6000000000000005,1032
2017,3,4,17,30,-5.4,55.1,329,5.4,1033
2017,3,4,18,30,-6.2,57.800000000000004,331,5.300000000000001,1034
2017,3,4,19,30,-6.800000000000001,59.550000000000004,333,5.2,1034
2017,3,4,20,30,-7.300000000000001,61.09,335,5,1035
2017,3,4,21,30,-7.800000000000001,63.04,335,4.800000000000001,1035
2017,3,4,22,30,-8.4,65.64,335,4.7,1035
2017,3,4,23,30,-8.9,68.03,335,4.6000000000000005,1035
2017,3,5,0,30,-9.4,70.59,335,4.5,1035
2017,3,5,1,30,-9.8,72.58,334,4.3,1035
2017,3,5,2,30,-10.100000000000001,74.23,334,4.2,1035
2017,3,5,3,30,-10.4,75.78,333,4,1036
2017,3,5,4,30,-10.600000000000001,76.42,334,3.9000000000000004,1036
2017,3,5,5,30,-10.8,76.77,335,4,1036
2017,3,5,6,30,-10.200000000000001,72.47,335,4.2,1037
2017,3,5,7,30,-8.700000000000001,62.54,336,4.4,1037
2017,3,5,8,30,-6.7,53.120000000000005,337,4.4,1037
2017,3,5,9,30,-4.6000000000000005,46.4,339,4.4,1036
2017,3,5,10,30,-2.6,41.96,341,4.3,1036
2017,3,5,11,30,-1.1,39.74,341,4.1000000000000005,1034
2017,3,5,12,30,0.1,38.410000000000004,339,3.9000000000000004,1033
2017,3,5,13,30,0.8,38.26,337,3.6,1032
2017,3,5,14,30,1.1,39.09,334,3.3000000000000003,1032
2017,3,5,15,30,0.9,41.53,333,2.8000000000000003,1031
2017,3,5,16,30,-0.30000000000000004,51.89,333,2.3000000000000003,1031
2017,3,5,17,30,-1.8,68.02,334,2,1032
2017,3,5,18,30,-2.6,67.88,335,1.9000000000000001,1032
2017,3,5,19,30,-3,67.42,338,1.9000000000000001,1032
2017,3,5,20,30,-3.3000000000000003,65.78,344,1.9000000000000001,1032
2017,3,5,21,30,-3.6,64.26,353,1.9000000000000001,1032
2017,3,5,22,30,-4,65.1,182,1.9000000000000001,1032
2017,3,5,23,30,-4.5,66.58,8,1.9000000000000001,1032
2017,3,6,0,30,-5.1000000000000005,68.65,13,1.8,1032
2017,3,6,1,30,-5.6000000000000005,70.8,15,1.8,1032
2017,3,6,2,30,-6,72.46000000000001,16,1.8,1032
2017,3,6,3,30,-6.300000000000001,73.36,18,1.8,1032
2017,3,6,4,30,-6.5,73.67,21,1.7000000000000002,1032
2017,3,6,5,30,-6.300000000000001,72.07000000000001,24,1.6,1032
2017,3,6,6,30,-5,66.46000000000001,27,1.5,1032
2017,3,6,7,30,-2.7,57.54,28,1.3,1033
2017,3,6,8,30,-0.5,43.61,22,0.9,1033
2017,3,6,9,30,1.5,36.76,166,0.5,1032
2017,3,6,10,30,3,35.49,272,0.6000000000000001,1032
2017,3,6,11,30,4.3,37.21,222,1.1,1031
2017,3,6,12,30,5.2,40.47,209,1.5,1030
2017,3,6,13,30,5.6000000000000005,44.74,200,1.8,1029
2017,3,6,14,30,5.6000000000000005,49.7,193,1.9000000000000001,1028
2017,3,6,15,30,4.7,57.85,185,1.9000000000000001,1028
2017,3,6,16,30,2.8000000000000003,76.03,179,1.9000000000000001,1028
2017,3,6,17,30,1.4000000000000001,80.02,177,2.1,1028
2017,3,6,18,30,1.2000000000000002,79.28,178,2.2,1028
2017,3,6,19,30,1.3,79.56,182,2.2,1029
2017,3,6,20,30,1.3,81,185,2.2,1029
2017,3,6,21,30,1.5,81.15,188,2.1,1028
2017,3,6,22,30,1.7000000000000002,82.45,190,1.9000000000000001,1028
2017,3,6,23,30,2,83.87,188,1.8,1028
2017,3,7,0,30,2.2,85.68,184,1.6,1028
2017,3,7,1,30,2.3000000000000003,88.44,179,1.5,1027
2017,3,7,2,30,2.5,90.32000000000001,168,1.5,1027
2017,3,7,3,30,2.8000000000000003,91.48,157,1.5,1026
2017,3,7,4,30,3.1,92.82000000000001,149,1.7000000000000002,1026
2017,3,7,5,30,3.5,93.38,147,2.1,1026
2017,3,7,6,30,4.2,92.57000000000001,153,2.3000000000000003,1026
2017,3,7,7,30,5.1000000000000005,91.83,161,2.5,1025
2017,3,7,8,30,5.800000000000001,92.38,173,2.7,1025
2017,3,7,9,30,6.5,92.43,186,2.8000000000000003,1024
2017,3,7,10,30,7.2,91.89,194,2.7,1023
2017,3,7,11,30,8.200000000000001,89.91,192,2.5,1022
2017,3,7,12,30,9.1,89.33,187,2.5,1021
2017,3,7,13,30,9.700000000000001,88.92,187,2.6,1020
2017,3,7,14,30,9.9,89.27,190,2.7,1020
2017,3,7,15,30,9.4,93.62,191,2.6,1019
2017,3,7,16,30,8,100,192,2.6,1019
2017,3,7,17,30,7.2,100,195,3,1018
2017,3,7,18,30,7.5,100,199,3.4000000000000004,1018
2017,3,7,19,30,7.9,97.98,204,3.8000000000000003,1018
2017,3,7,20,30,8,96.47,207,3.9000000000000004,1017
2017,3,7,21,30,8.1,95.52,207,3.6,1016
2017,3,7,22,30,8.4,93.83,206,3.6,1015
2017,3,7,23,30,8.9,92.58,204,3.9000000000000004,1014
2017,3,8,0,30,9.4,92.83,203,4.1000000000000005,1013
2017,3,8,1,30,9.600000000000001,94.78,204,4.2,1012
2017,3,8,2,30,10,94.47,207,4.3,1011
2017,3,8,3,30,10.4,96.09,210,4.5,1011
2017,3,8,4,30,10.3,98.58,212,4,1011
2017,3,8,5,30,9.8,100,229,3.5,1012
2017,3,8,6,30,8.6,98.83,264,3.3000000000000003,1013
2017,3,8,7,30,7.9,88.45,294,3.4000000000000004,1015
2017,3,8,8,30,8.3,74.94,300,3.3000000000000003,1015
2017,3,8,9,30,9.4,62.68,292,3.3000000000000003,1015
2017,3,8,10,30,10.4,54.51,283,3.2,1015
2017,3,8,11,30,11.3,49.45,276,3.1,1015
2017,3,8,12,30,11.8,47.07,269,3,1014
2017,3,8,13,30,12.200000000000001,46.65,258,2.9000000000000004,1013
2017,3,8,14,30,12.200000000000001,48.980000000000004,245,2.9000000000000004,1013
2017,3,8,15,30,11.8,53.61,236,2.8000000000000003,1013
2017,3,8,16,30,10.700000000000001,61.07,231,2.8000000000000003,1012
2017,3,8,17,30,9.4,65.17,233,3,1012
2017,3,8,18,30,8.5,67.15,238,3.3000000000000003,1013
2017,3,8,19,30,7.9,69.09,245,3.4000000000000004,1013
2017,3,8,20,30,7.7,68.36,248,3.6,1013
2017,3,8,21,30,7.800000000000001,66.46000000000001,248,4,1012
2017,3,8,22,30,8,65.27,250,4.4,1012
2017,3,8,23,30,7.800000000000001,66.79,256,4.5,1012
2017,3,9,0,30,7.5,69.57000000000001,262,4.3,1013
2017,3,9,1,30,7.2,71.02,267,4.1000000000000005,1013
2017,3,9,2,30,6.9,71.55,268,4,1013
2017,3,9,3,30,6.6000000000000005,71.55,269,4,1014
2017,3,9,4,30,6.300000000000001,71.82000000000001,268,3.9000000000000004,1014
2017,3,9,5,30,6.2,71.31,268,4,1014
2017,3,9,6,30,6.800000000000001,68.13,268,4.1000000000000005,1015
2017,3,9,7,30,8.200000000000001,63.27,270,4.2,1015
2017,3,9,8,30,9.3,56.480000000000004,273,4.5,1015
2017,3,9,9,30,10.100000000000001,49.2,276,4.7,1014
2017,3,9,10,30,10.9,46.36,278,4.6000000000000005,1014
2017,3,9,11,30,11.600000000000001,45.5,278,4.2,1014
2017,3,9,12,30,12.200000000000001,45.36,279,4,1013
2017,3,9,13,30,12.600000000000001,45.95,279,3.7,1013
2017,3,9,14,30,12.600000000000001,47.81,279,3.4000000000000004,1012
2017,3,9,15,30,12,52.33,282,2.9000000000000004,1013
2017,3,9,16,30,10.4,61.93,289,2.4000000000000004,1013
2017,3,9,17,30,8.5,70.08,302,2.1,1014
2017,3,9,18,30,7.300000000000001,73.32000000000001,318,2.2,1014
2017,3,9,19,30,6.6000000000000005,75.09,334,2.5,1015
2017,3,9,20,30,5.7,77.81,345,2.7,1015
2017,3,9,21,30,5,78.65,354,2.7,1014
2017,3,9,22,30,4.5,79.18,181,2.5,1014
2017,3,9,23,30,4,80.9,11,2.3000000000000003,1013
2017,3,10,0,30,3.6,82.92,18,2.2,1013
2017,3,10,1,30,3.2,84.73,23,2.4000000000000004,1013
2017,3,10,2,30,2.8000000000000003,85.75,30,2.6,1012
2017,3,10,3,30,2.4000000000000004,88.19,36,2.8000000000000003,1011
2017,3,10,4,30,1.9000000000000001,90.31,44,2.9000000000000004,1010
2017,3,10,5,30,1.5,91.29,43,2.9000000000000004,1010
2017,3,10,6,30,1.3,91.2,40,3.2,1010
2017,3,10,7,30,1.2000000000000002,89.06,41,3.8000000000000003,1009
2017,3,10,8,30,1.1,86.98,36,4.1000000000000005,1009
2017,3,10,9,30,1.1,84.61,26,4.2,1008
2017,3,10,10,30,1.2000000000000002,82.05,16,4.3,1008
2017,3,10,11,30,1.3,79.67,185,4.3,1008
2017,3,10,12,30,1.5,76.93,353,4.3,1007
2017,3,10,13,30,1.9000000000000001,73.09,341,4.2,1007
2017,3,10,14,30,2.2,69.71000000000001,330,4.3,1007
2017,3,10,15,30,1.9000000000000001,68.35000000000001,322,4.5,1008
2017,3,10,16,30,1,68.71000000000001,319,4.5,1009
2017,3,10,17,30,-0.30000000000000004,70.88,322,4.4,1010
2017,3,10,18,30,-1.3,72.3,326,4.5,1011
2017,3,10,19,30,-2.1,72.2,327,4.7,1012
2017,3,10,20,30,-3.1,72.22,324,5,1013
2017,3,10,21,30,-4,70.87,321,5.1000000000000005,1014
2017,3,10,22,30,-4.800000000000001,68.24,318,5.2,1015
2017,3,10,23,30,-5.5,65.8,316,5.2,1015
2017,3,11,0,30,-6,64.81,315,5.2,1016
2017,3,11,1,30,-6.300000000000001,63.77,314,5.2,1016
2017,3,11,2,30,-6.5,62.83,312,5.1000000000000005,1017
2017,3,11,3,30,-6.7,62.7,311,4.9,1017
2017,3,11,4,30,-7,63.51,310,4.6000000000000005,1018
2017,3,11,5,30,-7.1000000000000005,63.28,309,4.3,1019
2017,3,11,6,30,-6.800000000000001,61.86,306,4.1000000000000005,1020
2017,3,11,7,30,-6.1000000000000005,60.69,301,4.1000000000000005,1020
2017,3,11,8,30,-5.5,59.79,296,4.1000000000000005,1020
2017,3,11,9,30,-5,59.45,291,4.1000000000000005,1020
2017,3,11,10,30,-4.3,58.49,289,4.2,1020
2017,3,11,11,30,-3.7,57.910000000000004,288,4.3,1020
2017,3,11,12,30,-3.1,56.95,288,4.5,1019
2017,3,11,13,30,-2.7,56.57,289,4.6000000000000005,1019
2017,3,11,14,30,-2.5,56.68,290,4.800000000000001,1019
2017,3,11,15,30,-2.6,57.79,293,4.800000000000001,1020
2017,3,11,16,30,-2.9000000000000004,59.550000000000004,295,4.6000000000000005,1020
2017,3,11,17,30,-3.3000000000000003,62.18,298,4.4,1021
2017,3,11,18,30,-3.6,64.32000000000001,300,4.3,1021
2017,3,11,19,30,-3.8000000000000003,65.31,304,4.4,1022
2017,3,11,20,30,-4.1000000000000005,65.94,307,4.4,1022
2017,3,11,21,30,-4.5,66.3,310,4.5,1022
2017,3,11,22,30,-4.9,66.34,311,4.5,1023
2017,3,11,23,30,-5.300000000000001,66.65,312,4.5,1024
2017,3,12,0,30,-5.7,67.03,313,4.4,1024
2017,3,12,1,30,-6.1000000000000005,67.61,315,4.3,1024
2017,3,12,2,30,-6.6000000000000005,68.52,316,4.2,1024
2017,3,12,3,30,-7.2,70,318,4,1024
2017,3,12,4,30,-7.6000000000000005,70.51,319,3.8000000000000003,1024
2017,3,12,5,30,-7.7,70.65,320,3.7,1025
2017,3,12,6,30,-7,67.21000000000001,321,3.7,1025
2017,3,12,7,30,-6,64.54,321,3.8000000000000003,1025
2017,3,12,8,30,-5.1000000000000005,61.75,317,3.8000000000000003,1025
2017,3,12,9,30,-4.3,60.120000000000005,309,3.8000000000000003,1025
2017,3,12,10,30,-3.6,58.980000000000004,301,3.8000000000000003,1025
2017,3,12,11,30,-2.9000000000000004,57.730000000000004,294,3.9000000000000004,1025
2017,3,12,12,30,-2.3000000000000003,57.14,291,4.1000000000000005,1024
2017,3,12,13,30,-2,57.19,291,4.1000000000000005,1024
2017,3,12,14,30,-1.9000000000000001,57.45,293,4.1000000000000005,1024
2017,3,12,15,30,-2,58.230000000000004,298,4.1000000000000005,1024
2017,3,12,16,30,-2.4000000000000004,59.86,304,4,1025
2017,3,12,17,30,-3.1,62.53,311,3.9000000000000004,1026
2017,3,12,18,30,-3.8000000000000003,65.39,319,3.8000000000000003,1027
2017,3,12,19,30,-4.800000000000001,68.38,326,3.6,1028
2017,3,12,20,30,-5.6000000000000005,70.27,332,3.4000000000000004,1028
2017,3,12,21,30,-6.300000000000001,72.60000000000001,335,3.3000000000000003,1029
2017,3,12,22,30,-6.9,75.06,337,3.2,1029
2017,3,12,23,30,-7.300000000000001,77.47,339,3,1029
2017,3,13,0,30,-7.6000000000000005,79.09,339,2.8000000000000003,1029
2017,3,13,1,30,-7.9,80.47,337,2.7,1029
2017,3,13,2,30,-8.1,81.53,337,2.6,1030
2017,3,13,3,30,-8.3,82.48,339,2.4000000000000004,1030
2017,3,13,4,30,-8.5,83.53,343,2.2,1030
2017,3,13,5,30,-8.3,81.47,351,2,1031
2017,3,13,6,30,-7,74.22,179,1.9000000000000001,1031
2017,3,13,7,30,-5.2,64.32000000000001,4,1.8,1032
2017,3,13,8,30,-3.8000000000000003,57.910000000000004,5,1.5,1032
2017,3,13,9,30,-2.6,52.34,4,1,1031
2017,3,13,10,30,-1.5,47.36,1,0.6000000000000001,1031
2017,3,13,11,30,-0.4,43.61,80,0.4,1030
2017,3,13,12,30,0.4,43.54,155,0.8,1029
2017,3,13,13,30,0.8,46.18,148,1.3,1028
2017,3,13,14,30,0.9,49.27,143,1.6,1027
2017,3,13,15,30,0.5,53.53,141,1.8,1027
2017,3,13,16,30,-0.6000000000000001,62.04,139,1.7000000000000002,1027
2017,3,13,17,30,-1.6,71.12,132,1.7000000000000002,1027
2017,3,13,18,30,-2.1,73.49,122,1.8,1026
2017,3,13,19,30,-2.1,74.42,114,2,1026
2017,3,13,20,30,-1.9000000000000001,74.82000000000001,109,2.2,1025
2017,3,13,21,30,-1.6,75.46000000000001,103,2.4000000000000004,1024
2017,3,13,22,30,-1.4000000000000001,78.55,97,2.5,1023
2017,3,13,23,30,-1.4000000000000001,83.56,87,2.8000000000000003,1022
2017,3,14,0,30,-1.3,87.73,75,3.5,1021
2017,3,14,1,30,-1.2000000000000002,90.38,69,4.3,1019
2017,3,14,2,30,-1,91.24,66,5.1000000000000005,1016
2017,3,14,3,30,-0.9,92.72,64,5.5,1014
2017,3,14,4,30,-0.7000000000000001,93.07000000000001,63,5.9,1011
2017,3,14,5,30,-0.5,93.37,63,6.4,1009
2017,3,14,6,30,-0.1,92.81,64,6.800000000000001,1006
2017,3,14,7,30,0.2,93.23,64,7.300000000000001,1003
2017,3,14,8,30,0.4,93.69,62,7.800000000000001,999
2017,3,14,9,30,0.8,93.7,61,7.800000000000001,995
2017,3,14,10,30,1.3,94.85000000000001,56,7,991
2017,3,14,11,30,1.5,96.98,42,5.9,987
2017,3,14,12,30,1.4000000000000001,97.98,195,5.2,985
2017,3,14,13,30,1.1,98.26,342,5.5,984
2017,3,14,14,30,0.9,96.57000000000001,316,6.300000000000001,985
2017,3,14,15,30,0.7000000000000001,94.96000000000001,304,6.6000000000000005,986
2017,3,14,16,30,0.30000000000000004,95.68,296,6.5,988
2017,3,14,17,30,-0.7000000000000001,96.60000000000001,291,6.4,991
2017,3,14,18,30,-2,94.69,289,6.300000000000001,993
2017,3,14,19,30,-3.2,92.86,289,6.1000000000000005,995
2017,3,14,20,30,-4.3,92.54,290,5.9,997
2017,3,14,21,30,-5.4,91.79,292,5.7,998
2017,3,14,22,30,-6.4,90.34,293,5.4,998
2017,3,14,23,30,-7,88.48,292,5.1000000000000005,999
2017,3,15,0,30,-7.4,87.77,288,4.800000000000001,999
2017,3,15,1,30,-7.6000000000000005,87.29,285,4.6000000000000005,1000
2017,3,15,2,30,-7.6000000000000005,86.36,284,4.6000000000000005,1001
2017,3,15,3,30,-7.6000000000000005,85.79,285,4.6000000000000005,1001
2017,3,15,4,30,-7.6000000000000005,85.72,284,4.6000000000000005,1001
2017,3,15,5,30,-7.5,84.89,282,4.6000000000000005,1002
2017,3,15,6,30,-7.1000000000000005,82.77,279,4.7,1002
2017,3,15,7,30,-6.4,82.11,277,4.9,1002
2017,3,15,8,30,-5.800000000000001,82.38,276,5.1000000000000005,1002
2017,3,15,9,30,-5.4,82.45,277,5.2,1002
2017,3,15,10,30,-5.2,82.87,278,5.2,1002
2017,3,15,11,30,-4.9,82.74,278,5.2,1002
2017,3,15,12,30,-4.6000000000000005,82.5,278,5.300000000000001,1002
2017,3,15,13,30,-4.4,83,280,5.300000000000001,1002
2017,3,15,14,30,-4.3,83.83,283,5.300000000000001,1002
2017,3,15,15,30,-4.2,84.26,285,5.300000000000001,1003
2017,3,15,16,30,-4.3,84.98,289,5.300000000000001,1005
2017,3,15,17,30,-4.4,84.87,292,5.1000000000000005,1006
2017,3,15,18,30,-4.5,84.94,293,5,1007
2017,3,15,19,30,-4.5,85.31,291,4.800000000000001,1008
2017,3,15,20,30,-4.6000000000000005,86.27,288,4.7,1009
2017,3,15,21,30,-4.7,86.74,285,4.7,1009
2017,3,15,22,30,-4.9,87.05,282,4.7,1010
2017,3,15,23,30,-5,86.26,280,4.7,1010
2017,3,16,0,30,-5.1000000000000005,86.22,279,4.6000000000000005,1011
2017,3,16,1,30,-5.300000000000001,86.53,278,4.4,1011
2017,3,16,2,30,-5.6000000000000005,87.01,277,4.2,1012
2017,3,16,3,30,-5.9,87.55,276,4,1012
2017,3,16,4,30,-6.1000000000000005,87.43,276,3.9000000000000004,1013
2017,3,16,5,30,-6.2,86.8,275,3.9000000000000004,1013
2017,3,16,6,30,-5.6000000000000005,83.8,276,4,1014
2017,3,16,7,30,-4.4,82.67,280,4.3,1014
2017,3,16,8,30,-3.4000000000000004,82.03,285,4.5,1014
2017,3,16,9,30,-2.7,81.25,288,4.6000000000000005,1015
2017,3,16,10,30,-1.9000000000000001,80.4,289,4.6000000000000005,1015
2017,3,16,11,30,-1.2000000000000002,80.21000000000001,289,4.6000000000000005,1015
2017,3,16,12,30,-0.6000000000000001,80.34,288,4.7,1014
2017,3,16,13,30,-0.2,81.08,288,4.7,1014
2017,3,16,14,30,0.1,82,289,4.5,1014
2017,3,16,15,30,0.30000000000000004,83.31,291,4.3,1015
2017,3,16,16,30,0.30000000000000004,85.58,294,4,1015
2017,3,16,17,30,-0.1,87.54,299,3.7,1016
2017,3,16,18,30,-0.4,87.92,306,3.6,1017
2017,3,16,19,30,-0.7000000000000001,88.02,312,3.4000000000000004,1018
2017,3,16,20,30,-1.2000000000000002,88.76,314,3.2,1018
2017,3,16,21,30,-1.8,89.22,312,3,1018
2017,3,16,22,30,-2.5,89.76,308,3,1019
2017,3,16,23,30,-3.1,89.88,303,3.1,1019
2017,3,17,0,30,-3.7,90.31,300,3.1,1020
2017,3,17,1,30,-4.2,90.66,297,3.1,1020
2017,3,17,2,30,-4.800000000000001,92.03,295,3.1,1021
2017,3,17,3,30,-5.6000000000000005,93.42,293,3,1021
2017,3,17,4,30,-6.5,93.24,289,2.9000000000000004,1022
2017,3,17,5,30,-6.800000000000001,90.51,285,2.9000000000000004,1023
2017,3,17,6,30,-5.9,83.71000000000001,282,3.1,1023
2017,3,17,7,30,-3.9000000000000004,81.07000000000001,280,3.3000000000000003,1024
2017,3,17,8,30,-1.7000000000000002,79.95,282,3.5,1024
2017,3,17,9,30,0.2,79.46000000000001,287,3.5,1024
2017,3,17,10,30,1.3,79.72,289,3.4000000000000004,1024
2017,3,17,11,30,1.9000000000000001,79.83,287,3.2,1023
2017,3,17,12,30,2.3000000000000003,78.59,286,3.1,1022
2017,3,17,13,30,2.7,76.84,285,3,1022
2017,3,17,14,30,3,75.46000000000001,283,2.8000000000000003,1022
2017,3,17,15,30,3,76.06,280,2.5,1021
2017,3,17,16,30,2.2,83.76,273,2.3000000000000003,1022
2017,3,17,17,30,0.4,91.21000000000001,267,2.4000000000000004,1022
2017,3,17,18,30,-1,91.2,265,2.4000000000000004,1023
2017,3,17,19,30,-1.5,90.74,265,2.4000000000000004,1023
2017,3,17,20,30,-1.8,89.34,265,2.3000000000000003,1023
2017,3,17,21,30,-2,87.97,265,2.2,1023
2017,3,17,22,30,-2.1,85.71000000000001,277,2.1,1022
2017,3,17,23,30,-2.1,84.57000000000001,302,1.8,1022
2017,3,18,0,30,-2.2,84.5,320,1.6,1022
2017,3,18,1,30,-2.4000000000000004,88.05,331,1.4000000000000001,1022
2017,3,18,2,30,-3.2,93.38,176,1.5,1022
2017,3,18,3,30,-4.3,97.07000000000001,29,1.7000000000000002,1021
2017,3,18,4,30,-4.5,95.78,54,1.9000000000000001,1021
2017,3,18,5,30,-3.5,93.08,68,2.1,1021
2017,3,18,6,30,-1.7000000000000002,88,77,2.4000000000000004,1021
2017,3,18,7,30,0.5,85.82000000000001,82,2.7,1021
2017,3,18,8,30,2.2,83.35000000000001,88,2.9000000000000004,1021
2017,3,18,9,30,3.2,82.38,91,3,1020
2017,3,18,10,30,3.6,80.73,91,3.1,1020
2017,3,18,11,30,3.8000000000000003,79.64,88,3.2,1019
2017,3,18,12,30,3.7,80.43,84,3.4000000000000004,1019
2017,3,18,13,30,3.6,82.06,79,3.5,1019
2017,3,18,14,30,3.4000000000000004,85.08,74,3.6,1018
2017,3,18,15,30,3.1,89.3,70,3.7,1018
2017,3,18,16,30,2.6,93.93,68,3.7,1019
2017,3,18,17,30,2,95.97,67,3.8000000000000003,1019
2017,3,18,18,30,1.6,95.66,66,3.9000000000000004,1020
2017,3,18,19,30,1.4000000000000001,94.44,65,4.1000000000000005,1020
2017,3,18,20,30,1.1,93.93,63,4.2,1019
2017,3,18,21,30,0.8,93.54,60,4.3,1019
2017,3,18,22,30,0.6000000000000001,92.81,55,4.2,1019
2017,3,18,23,30,0.4,92.72,49,4.1000000000000005,1019
2017,3,19,0,30,0.2,92.79,42,4,1019
2017,3,19,1,30,0.1,92,37,4.1000000000000005,1019
2017,3,19,2,30,-0.1,91.77,35,4.3,1019
2017,3,19,3,30,-0.2,91.12,31,4.3,1019
2017,3,19,4,30,-0.30000000000000004,90.55,28,4.3,1019
2017,3,19,5,30,-0.4,89.9,26,4.2,1019
2017,3,19,6,30,0,86.64,25,4.4,1020
2017,3,19,7,30,1.1,82.24,25,4.6000000000000005,1020
2017,3,19,8,30,2.3000000000000003,78.23,24,4.6000000000000005,1021
2017,3,19,9,30,3.4000000000000004,73.51,21,4.5,1021
2017,3,19,10,30,4.3,68.71000000000001,16,4.3,1021
2017,3,19,11,30,5.1000000000000005,64.21000000000001,11,4,1020
2017,3,19,12,30,5.6000000000000005,61.47,8,3.7,1020
2017,3,19,13,30,5.9,60.21,7,3.4000000000000004,1019
2017,3,19,14,30,5.9,61.01,6,3.1,1019
2017,3,19,15,30,5.4,64.31,3,2.8000000000000003,1019
2017,3,19,16,30,3.9000000000000004,74.23,179,2.4000000000000004,1019
2017,3,19,17,30,1.9000000000000001,85.51,355,2.2,1020
2017,3,19,18,30,1,86.06,351,2.4000000000000004,1020
2017,3,19,19,30,0.6000000000000001,89.74,349,2.4000000000000004,1020
2017,3,19,20,30,0.1,92.48,347,2.3000000000000003,1020
2017,3,19,21,30,-0.30000000000000004,94.22,344,2.3000000000000003,1019
2017,3,19,22,30,-0.6000000000000001,95.14,340,2.3000000000000003,1019
2017,3,19,23,30,-0.9,95.62,338,2.3000000000000003,1019
2017,3,20,0,30,-1.1,94.91,338,2.5,1019
2017,3,20,1,30,-1.3,93.83,338,2.7,1019
2017,3,20,2,30,-1.5,92.69,337,2.8000000000000003,1019
2017,3,20,3,30,-1.8,91.99,336,2.9000000000000004,1019
2017,3,20,4,30,-2.1,91.23,336,3,1019
2017,3,20,5,30,-2.1,87.56,337,3.1,1020
2017,3,20,6,30,-0.9,79.16,339,3.2,1020
2017,3,20,7,30,1.4000000000000001,70.37,344,3.4000000000000004,1019
2017,3,20,8,30,3.5,63.32,349,3.3000000000000003,1019
2017,3,20,9,30,5,57.65,352,2.9000000000000004,1018
2017,3,20,10,30,6.300000000000001,52.56,346,2.5,1018
2017,3,20,11,30,7.4,50.2,331,2.3000000000000003,1017
2017,3,20,12,30,8.1,50.160000000000004,320,2.2,1017
2017,3,20,13,30,8.5,50.85,318,2,1016
2017,3,20,14,30,8.3,53.51,317,1.9000000000000001,1015
2017,3,20,15,30,7.5,59.36,316,1.6,1015
2017,3,20,16,30,5.6000000000000005,74.23,315,1.5,1015
2017,3,20,17,30,3.4000000000000004,85.49,319,1.5,1015
2017,3,20,18,30,2.1,85.73,323,1.7000000000000002,1015
2017,3,20,19,30,1.7000000000000002,85.8,322,2,1015
2017,3,20,20,30,1.5,85.72,320,2.1,1014
2017,3,20,21,30,1.4000000000000001,85.58,318,2.1,1014
2017,3,20,22,30,1.4000000000000001,86.32000000000001,314,2.1,1014
2017,3,20,23,30,1.3,87.05,313,2,1013
2017,3,21,0,30,1,89.11,312,2,1013
2017,3,21,1,30,0.7000000000000001,90.28,312,2,1013
2017,3,21,2,30,0.4,91.26,310,1.9000000000000001,1012
2017,3,21,3,30,0.5,90.09,312,1.8,1012
2017,3,21,4,30,0.6000000000000001,90.54,310,1.6,1012
2017,3,21,5,30,0.9,88.28,304,1.5,1012
2017,3,21,6,30,2.3000000000000003,82.92,299,1.5,1012
2017,3,21,7,30,4.4,74.72,291,1.4000000000000001,1012
2017,3,21,8,30,6.9,66.93,285,1.1,1012
2017,3,21,9,30,9,60.82,284,1.1,1012
2017,3,21,10,30,10.200000000000001,59.1,285,1.3,1012
2017,3,21,11,30,11.100000000000001,58.160000000000004,284,1.5,1011
2017,3,21,12,30,11.700000000000001,57.76,281,1.5,1010
2017,3,21,13,30,12,58.08,280,1.5,1010
2017,3,21,14,30,11.9,59.76,277,1.5,1010
2017,3,21,15,30,11.200000000000001,64.21000000000001,276,1.5,1010
2017,3,21,16,30,9.4,75.74,279,1.3,1010
2017,3,21,17,30,6.9,88.71000000000001,287,1.3,1011
2017,3,21,18,30,5.5,89.77,296,1.4000000000000001,1011
2017,3,21,19,30,5,90.81,301,1.4000000000000001,1011
2017,3,21,20,30,4.9,89.08,299,1.1,1010
2017,3,21,21,30,4.9,88.83,288,0.9,1009
2017,3,21,22,30,4.5,89.81,274,0.9,1009
2017,3,21,23,30,4.1000000000000005,90.97,274,1.2000000000000002,1009
2017,3,22,0,30,3.9000000000000004,91.46000000000001,294,1.6,1010
2017,3,22,1,30,3.5,90.82000000000001,318,2.5,1010
2017,3,22,2,30,2.8000000000000003,89.59,333,3.1,1010
2017,3,22,3,30,2,88.38,333,3.2,1010
2017,3,22,4,30,1.3,86.37,325,3.6,1011
2017,3,22,5,30,0.8,81.10000000000001,321,4.7,1013
2017,3,22,6,30,0.5,69.67,323,5.6000000000000005,1015
2017,3,22,7,30,0.6000000000000001,58.480000000000004,324,6,1016
2017,3,22,8,30,0.7000000000000001,52.78,324,6.2,1018
2017,3,22,9,30,0.9,49.620000000000005,323,6.300000000000001,1019
2017,3,22,10,30,0.8,48.04,323,6.300000000000001,1019
2017,3,22,11,30,0.7000000000000001,46.83,325,6.300000000000001,1020
2017,3,22,12,30,0.5,46.07,327,6.2,1021
2017,3,22,13,30,0.2,45.93,328,6.1000000000000005,1021
2017,3,22,14,30,-0.2,46.6,328,5.9,1022
2017,3,22,15,30,-0.9,48.59,329,5.7,1024
2017,3,22,16,30,-1.9000000000000001,51.410000000000004,331,5.5,1025
2017,3,22,17,30,-3,54.59,332,5.1000000000000005,1026
2017,3,22,18,30,-3.8000000000000003,58.160000000000004,334,4.800000000000001,1027
2017,3,22,19,30,-4.2,60.35,334,4.6000000000000005,1028
2017,3,22,20,30,-4.5,61.690000000000005,333,4.3,1028
2017,3,22,21,30,-4.7,62.95,333,4.1000000000000005,1029
2017,3,22,22,30,-4.9,64.44,333,3.8000000000000003,1029
2017,3,22,23,30,-5,65.69,333,3.6,1030
2017,3,23,0,30,-5,67.04,333,3.4000000000000004,1030
2017,3,23,1,30,-4.9,68.59,333,3.1,1030
2017,3,23,2,30,-4.800000000000001,70.42,335,3,1031
2017,3,23,3,30,-4.7,71.64,337,2.8000000000000003,1031
2017,3,23,4,30,-4.7,72.55,339,2.6,1032
2017,3,23,5,30,-4.5,71.72,340,2.7,1033
2017,3,23,6,30,-3.6,64.86,342,2.8000000000000003,1034
2017,3,23,7,30,-2.2,52.7,344,2.9000000000000004,1034
2017,3,23,8,30,-0.8,44.99,341,2.8000000000000003,1034
2017,3,23,9,30,0.5,41.12,333,2.6,1034
2017,3,23,10,30,1.8,38.54,320,2.5,1034
2017,3,23,11,30,3,36.93,310,2.4000000000000004,1033
2017,3,23,12,30,3.8000000000000003,36.86,303,2.4000000000000004,1032
2017,3,23,13,30,4.4,37.39,300,2.3000000000000003,1032
2017,3,23,14,30,4.6000000000000005,38.71,301,2.1,1032
2017,3,23,15,30,4.4,41.300000000000004,301,1.8,1032
2017,3,23,16,30,3.1,51.230000000000004,302,1.5,1032
2017,3,23,17,30,1.8,62.89,308,1.3,1032
2017,3,23,18,30,1.7000000000000002,52.77,317,1.2000000000000002,1032
2017,3,23,19,30,1.8,50.82,334,0.9,1033
2017,3,23,20,30,1.7000000000000002,51.71,187,0.9,1033
2017,3,23,21,30,1.2000000000000002,54.6,76,0.8,1032
2017,3,23,22,30,0.5,61.68,144,1.1,1031
2017,3,23,23,30,0,71.51,174,1.4000000000000001,1031
2017,3,24,0,30,-0.2,74.69,192,1.6,1031
2017,3,24,1,30,-0.30000000000000004,78.49,204,2,1030
2017,3,24,2,30,-0.5,82.31,214,2.2,1031
2017,3,24,3,30,-0.6000000000000001,84.04,214,2.3000000000000003,1031
2017,3,24,4,30,-0.30000000000000004,84,208,2.5,1030
2017,3,24,5,30,0.2,83.03,202,2.6,1030
2017,3,24,6,30,1.6,79.09,199,3.1,1030
2017,3,24,7,30,3.5,72.33,201,3.8000000000000003,1029
2017,3,24,8,30,5.1000000000000005,65.09,205,4.3,1028
2017,3,24,9,30,6.4,61.120000000000005,205,4.6000000000000005,1027
2017,3,24,10,30,7.4,59.36,204,4.7,1026
2017,3,24,11,30,8.3,58.92,204,4.7,1024
2017,3,24,12,30,9.200000000000001,59.550000000000004,207,4.5,1023
2017,3,24,13,30,9.9,60.94,208,4.4,1021
2017,3,24,14,30,10.200000000000001,63.34,208,4.2,1020
2017,3,24,15,30,9.8,67.71000000000001,210,3.9000000000000004,1020
2017,3,24,16,30,8.4,75.11,214,3.4000000000000004,1019
2017,3,24,17,30,6.7,82.46000000000001,217,2.9000000000000004,1019
2017,3,24,18,30,5.300000000000001,88.5,220,2.4000000000000004,1019
2017,3,24,19,30,4.6000000000000005,91.67,227,2,1019
2017,3,24,20,30,4.5,91.07000000000001,229,1.8,1019
2017,3,24,21,30,4.9,89.36,224,1.9000000000000001,1019
2017,3,24,22,30,5.300000000000001,89.49,220,2.4000000000000004,1018
2017,3,24,23,30,5.5,91.46000000000001,220,2.8000000000000003,1017
2017,3,25,0,30,5.7,93.13,226,3.1,1017
2017,3,25,1,30,5.7,95.95,232,2.9000000000000004,1017
2017,3,25,2,30,5.6000000000000005,97.86,239,2.4000000000000004,1017
2017,3,25,3,30,5.6000000000000005,97.73,250,2,1018
2017,3,25,4,30,5.6000000000000005,98.69,264,1.5,1018
2017,3,25,5,30,5.5,99.10000000000001,273,1.1,1019
2017,3,25,6,30,6.1000000000000005,95.26,276,0.8,1019
2017,3,25,7,30,7.4,90.61,290,0.8,1019
2017,3,25,8,30,8.8,86.16,322,0.8,1020
2017,3,25,9,30,10.3,82.14,177,0.8,1020
2017,3,25,10,30,11.4,80.48,30,1,1020
2017,3,25,11,30,12.100000000000001,79.4,54,1.1,1020
2017,3,25,12,30,12.3,80.31,65,1.2000000000000002,1020
2017,3,25,13,30,11.700000000000001,85.01,65,1.3,1021
2017,3,25,14,30,10.700000000000001,90.62,54,1.7000000000000002,1022
2017,3,25,15,30,9.600000000000001,93.85000000000001,47,2.2,1023
2017,3,25,16,30,8.5,94.91,52,2.3000000000000003,1023
2017,3,25,17,30,7.5,95.7,61,2.1,1024
2017,3,25,18,30,6.7,95.86,61,2.2,1025
2017,3,25,19,30,6,95.85000000000001,56,2.5,1026
2017,3,25,20,30,5.4,95.05,55,2.8000000000000003,1026
2017,3,25,21,30,4.9,94.07000000000001,56,3.1,1027
2017,3,25,22,30,4.5,93.08,59,3.1,1027
2017,3,25,23,30,4.2,92.72,63,3,1028
2017,3,26,0,30,4,92.59,65,2.8000000000000003,1028
2017,3,26,1,30,3.7,93.14,66,2.6,1028
2017,3,26,2,30,3.5,92.78,64,2.6,1028
2017,3,26,3,30,3.2,92.99,60,2.7,1028
2017,3,26,4,30,2.9000000000000004,93.06,58,2.8000000000000003,1028
2017,3,26,5,30,2.7,91.74,60,3,1028
2017,3,26,6,30,2.8000000000000003,89.48,64,3.2,1029
2017,3,26,7,30,3.3000000000000003,86.22,69,3.4000000000000004,1029
2017,3,26,8,30,3.9000000000000004,84.58,74,3.5,1029
2017,3,26,9,30,4.5,83.84,79,3.5,1029
2017,3,26,10,30,5,83.68,81,3.5,1029
2017,3,26,11,30,5.300000000000001,84.24,83,3.5,1028
2017,3,26,12,30,5.6000000000000005,84.34,85,3.4000000000000004,1028
2017,3,26,13,30,5.6000000000000005,85.45,85,3.4000000000000004,1027
2017,3,26,14,30,5.4,87.3,85,3.5,1027
2017,3,26,15,30,5.2,88.45,86,3.5,1027
2017,3,26,16,30,4.9,89.99,87,3.5,1026
2017,3,26,17,30,4.5,91.84,89,3.3000000000000003,1026
2017,3,26,18,30,4.3,92.28,89,3.2,1026
2017,3,26,19,30,4.2,92.96000000000001,92,3,1026
2017,3,26,20,30,4.1000000000000005,93.88,95,2.9000000000000004,1026
2017,3,26,21,30,4.1000000000000005,94.81,96,2.8000000000000003,1025
2017,3,26,22,30,4.1000000000000005,95.61,96,2.7,1024
2017,3,26,23,30,4.1000000000000005,95.98,96,2.6,1023
2017,3,27,0,30,4.1000000000000005,96.49000000000001,98,2.4000000000000004,1022
2017,3,27,1,30,4.2,96.58,102,2.1,1021
2017,3,27,2,30,4.3,97.03,107,1.8,1020
2017,3,27,3,30,4.4,97.64,116,1.6,1019
2017,3,27,4,30,4.5,98.09,126,1.5,1019
2017,3,27,5,30,4.7,97.68,134,1.5,1018
2017,3,27,6,30,5,97,144,1.5,1017
2017,3,27,7,30,5.6000000000000005,95.04,161,1.6,1017
2017,3,27,8,30,6.800000000000001,91.08,181,1.7000000000000002,1017
2017,3,27,9,30,8.4,88.52,199,1.9000000000000001,1016
2017,3,27,10,30,9.8,86.94,213,2.1,1016
2017,3,27,11,30,10.9,85.19,223,2.1,1015
2017,3,27,12,30,11.700000000000001,84.46000000000001,228,1.9000000000000001,1015
2017,3,27,13,30,12.200000000000001,84.56,231,1.7000000000000002,1014
2017,3,27,14,30,12.3,86.11,233,1.4000000000000001,1014
2017,3,27,15,30,12.100000000000001,88.34,235,1.1,1013
2017,3,27,16,30,11.600000000000001,92.35000000000001,234,0.8,1014
2017,3,27,17,30,10.8,97,228,0.5,1014
2017,3,27,18,30,9.9,98.03,197,0.5,1014
2017,3,27,19,30,9,100,155,0.7000000000000001,1015
2017,3,27,20,30,8.1,100,138,0.8,1014
2017,3,27,21,30,7.6000000000000005,100,132,0.8,1014
2017,3,27,22,30,7.4,100,126,0.9,1014
2017,3,27,23,30,7.300000000000001,100,123,1,1013
2017,3,28,0,30,7.2,100,118,1.2000000000000002,1013
2017,3,28,1,30,7,99.8,111,1.4000000000000001,1013
2017,3,28,2,30,6.7,98.83,105,1.7000000000000002,1012
2017,3,28,3,30,6.4,98.24000000000001,101,2,1012
2017,3,28,4,30,6.1000000000000005,97.95,102,2.1,1012
2017,3,28,5,30,6,96.84,103,2,1012
2017,3,28,6,30,6.2,95.44,98,1.9000000000000001,1012
2017,3,28,7,30,6.7,94.11,95,2,1012
2017,3,28,8,30,7.4,92.3,102,1.9000000000000001,1012
2017,3,28,9,30,7.9,91.72,104,1.6,1012
2017,3,28,10,30,8.5,90.01,95,1.6,1012
2017,3,28,11,30,9.1,88.68,90,1.8,1011
2017,3,28,12,30,9.5,88.75,89,1.9000000000000001,1010
2017,3,28,13,30,9.600000000000001,89.75,89,1.8,1010
2017,3,28,14,30,9.200000000000001,92.29,89,1.6,1010
2017,3,28,15,30,8.5,95.42,80,1.7000000000000002,1010
2017,3,28,16,30,7.9,97.38,65,1.8,1010
2017,3,28,17,30,7.300000000000001,98.91,50,1.9000000000000001,1011
2017,3,28,18,30,7,98.29,35,1.9000000000000001,1011
2017,3,28,19,30,6.800000000000001,98.21000000000001,19,2,1012
2017,3,28,20,30,6.7,97.84,7,2.1,1012
2017,3,28,21,30,6.6000000000000005,97.52,181,2.1,1012
2017,3,28,22,30,6.5,97.55,181,1.9000000000000001,1012
2017,3,28,23,30,6.300000000000001,98.14,4,1.7000000000000002,1012
2017,3,29,0,30,6.1000000000000005,98.25,182,1.7000000000000002,1012
2017,3,29,1,30,6,97.68,351,2,1013
2017,3,29,2,30,5.800000000000001,97.96000000000001,343,2.3000000000000003,1014
2017,3,29,3,30,5.5,97.95,341,2.5,1014
2017,3,29,4,30,5,98.06,340,2.8000000000000003,1015
2017,3,29,5,30,4.800000000000001,95.53,340,3,1015
2017,3,29,6,30,5.2,90.4,344,3.4000000000000004,1016
2017,3,29,7,30,6.5,80.62,349,3.6,1016
2017,3,29,8,30,8.1,71.24,350,3.5,1017
2017,3,29,9,30,9.600000000000001,63.620000000000005,347,3.2,1017
2017,3,29,10,30,10.9,58.13,344,2.9000000000000004,1017
2017,3,29,11,30,11.9,55.160000000000004,344,2.7,1016
2017,3,29,12,30,12.5,53.93,344,2.5,1016
2017,3,29,13,30,12.700000000000001,53.36,341,2.4000000000000004,1015
2017,3,29,14,30,12.4,54.21,335,2.4000000000000004,1015
2017,3,29,15,30,11.600000000000001,57,331,2.4000000000000004,1016
2017,3,29,16,30,10.3,61.67,333,2.5,1017
2017,3,29,17,30,8.4,69.43,338,2.7,1018
2017,3,29,18,30,6.7,74.99,345,3.1,1020
2017,3,29,19,30,5.4,78.26,354,3.2,1021
2017,3,29,20,30,4.2,81.4,181,2.9000000000000004,1021
2017,3,29,21,30,3.2,84.58,6,2.7,1022
2017,3,29,22,30,2.5,86.52,8,2.6,1022
2017,3,29,23,30,1.9000000000000001,87.42,11,2.5,1022
2017,3,30,0,30,1.2000000000000002,88.91,13,2.4000000000000004,1022
2017,3,30,1,30,0.6000000000000001,89.23,14,2.3000000000000003,1022
2017,3,30,2,30,0.30000000000000004,87.4,13,2.3000000000000003,1022
2017,3,30,3,30,0,87.10000000000001,12,2.2,1022
2017,3,30,4,30,-0.30000000000000004,87.49,11,2.2,1023
2017,3,30,5,30,0.30000000000000004,82.49,9,2.1,1023
2017,3,30,6,30,2.3000000000000003,74.84,7,2.1,1023
2017,3,30,7,30,4.5,64.48,11,2.2,1024
2017,3,30,8,30,6.1000000000000005,54.230000000000004,15,2.1,1023
2017,3,30,9,30,7.4,49.76,19,1.7000000000000002,1023
2017,3,30,10,30,8.700000000000001,46.39,22,1.3,1022
2017,3,30,11,30,9.700000000000001,44.69,35,0.8,1021
2017,3,30,12,30,10.5,42.44,92,0.6000000000000001,1020
2017,3,30,13,30,10.8,42.75,147,0.8,1019
2017,3,30,14,30,10.600000000000001,44.77,169,1.2000000000000002,1019
2017,3,30,15,30,9.700000000000001,49.370000000000005,181,1.4000000000000001,1019
2017,3,30,16,30,8.1,65.27,180,1.7000000000000002,1019
2017,3,30,17,30,6.6000000000000005,77.48,177,2.2,1019
2017,3,30,18,30,5.6000000000000005,80.62,177,2.5,1019
2017,3,30,19,30,5.1000000000000005,84.11,181,2.4000000000000004,1019
2017,3,30,20,30,4.9,86.41,189,2.1,1019
2017,3,30,21,30,4.4,90.25,198,1.8,1019
2017,3,30,22,30,3.6,93.31,193,1.9000000000000001,1019
2017,3,30,23,30,3.1,94.41,173,2.1,1019
2017,3,31,0,30,2.9000000000000004,95.2,157,2.1,1019
2017,3,31,1,30,2.5,95.99000000000001,138,2.1,1019
2017,3,31,2,30,2.2,95.51,125,2.4000000000000004,1018
2017,3,31,3,30,2.2,94.68,120,2.7,1018
2017,3,31,4,30,2.3000000000000003,94.81,119,2.9000000000000004,1017
2017,3,31,5,30,2.4000000000000004,94.96000000000001,118,3.1,1017
2017,3,31,6,30,2.8000000000000003,93.75,118,3.2,1016
2017,3,31,7,30,3.4000000000000004,92.51,119,3.3000000000000003,1016
2017,3,31,8,30,4,92.32000000000001,117,3.4000000000000004,1015
2017,3,31,9,30,4.6000000000000005,92.31,115,3.7,1014
2017,3,31,10,30,5,92.97,114,4,1013
2017,3,31,11,30,5.2,93.96000000000001,110,4.3,1012
2017,3,31,12,30,5.300000000000001,94.60000000000001,104,4.7,1011
2017,3,31,13,30,5.2,95.16,103,5,1010
2017,3,31,14,30,5.2,94.42,105,5.1000000000000005,1009
2017,3,31,15,30,5.1000000000000005,95.3,105,5.300000000000001,1008
2017,3,31,16,30,5,96.25,102,5.6000000000000005,1007
2017,3,31,17,30,4.800000000000001,97.28,99,5.800000000000001,1006
2017,3,31,18,30,4.7,97.13,99,5.6000000000000005,1005
2017,3,31,19,30,11.4,98.34,159,2.8000000000000003,1010
2017,3,31,20,30,11.200000000000001,97.93,164,2.6,1009
2017,3,31,21,30,10.9,98.63,179,2.3000000000000003,1008
2017,3,31,22,30,10.8,98.47,204,2.1,1008
2017,3,31,23,30,10.8,98.85000000000001,243,1.8,1007
2021,4,1,0,30,10.200000000000001,99.35000000000001,299,2.4000000000000004,1006
2021,4,1,1,30,9,97.06,341,3.9000000000000004,1006
2021,4,1,2,30,7.9,91.62,350,4.800000000000001,1005
2021,4,1,3,30,7,89.92,346,4.800000000000001,1004
2021,4,1,4,30,6.1000000000000005,91.98,335,4.800000000000001,1005
2021,4,1,5,30,4.9,94.09,322,5.2,1006
2021,4,1,6,30,4.4,89.75,319,5.2,1007
2021,4,1,7,30,5.2,83.35000000000001,322,4.800000000000001,1008
2021,4,1,8,30,6.6000000000000005,76.26,323,4.7,1008
2021,4,1,9,30,7.800000000000001,69.97,324,4.6000000000000005,1009
2021,4,1,10,30,8.8,64.52,324,4.5,1008
2021,4,1,11,30,9.3,62.01,321,4.5,1008
2021,4,1,12,30,9.3,60.78,315,4.4,1008
2021,4,1,13,30,9,60.08,312,4.3,1009
2021,4,1,14,30,8.5,59.76,311,4.4,1010
2021,4,1,15,30,7.9,59.92,312,4.3,1011
2021,4,1,16,30,7,62.07,312,4.2,1012
2021,4,1,17,30,5.7,67.23,312,4,1013
2021,4,1,18,30,4.5,72.7,315,4,1014
2021,4,1,19,30,3.6,76.58,318,4,1015
2021,4,1,20,30,2.8000000000000003,79.19,321,3.9000000000000004,1015
2021,4,1,21,30,2,81.06,323,3.9000000000000004,1016
2021,4,1,22,30,1.2000000000000002,82.2,325,3.9000000000000004,1016
2021,4,1,23,30,0.5,82.75,326,3.9000000000000004,1016
2021,4,2,0,30,-0.1,83.11,328,3.7,1017
2021,4,2,1,30,-0.6000000000000001,83.5,329,3.6,1017
2021,4,2,2,30,-0.9,83.31,330,3.5,1018
2021,4,2,3,30,-1.3,83.43,331,3.5,1018
2021,4,2,4,30,-1.7000000000000002,82.04,331,3.7,1019
2021,4,2,5,30,-2,78.06,331,3.9000000000000004,1020
2021,4,2,6,30,-1.7000000000000002,70.49,330,4.1000000000000005,1020
2021,4,2,7,30,-1.1,62.480000000000004,329,4.1000000000000005,1021
2021,4,2,8,30,-0.5,58.26,328,3.9000000000000004,1021
2021,4,2,9,30,0.2,55.6,325,3.7,1021
2021,4,2,10,30,0.9,53.72,321,3.5,1021
2021,4,2,11,30,1.7000000000000002,51.82,319,3.4000000000000004,1021
2021,4,2,12,30,2.2,51.39,320,3.4000000000000004,1021
2021,4,2,13,30,2.6,51.15,323,3.4000000000000004,1020
2021,4,2,14,30,2.7,52.07,327,3.4000000000000004,1020
2021,4,2,15,30,2.6,53.65,331,3.3000000000000003,1020
2021,4,2,16,30,2.3000000000000003,56.21,335,3.1,1021
2021,4,2,17,30,1.5,62.480000000000004,338,2.8000000000000003,1022
2021,4,2,18,30,0.6000000000000001,70.32000000000001,339,2.7,1023
2021,4,2,19,30,-0.1,74.10000000000001,340,2.6,1024
2021,4,2,20,30,-0.6000000000000001,75.42,340,2.5,1024
2021,4,2,21,30,-1.1,76.06,338,2.5,1024
2021,4,2,22,30,-1.4000000000000001,76.65,334,2.6,1024
2021,4,2,23,30,-1.8,78.62,331,2.7,1024
2021,4,3,0,30,-2,79.21000000000001,329,2.8000000000000003,1025
2021,4,3,1,30,-2.2,79.41,328,2.8000000000000003,1025
2021,4,3,2,30,-2.3000000000000003,79.49,328,2.7,1025
2021,4,3,3,30,-2.3000000000000003,79.61,326,2.5,1026
2021,4,3,4,30,-2.3000000000000003,80.03,323,2.5,1026
2021,4,3,5,30,-1.5,76.16,319,2.5,1027
2021,4,3,6,30,0.4,69.4,319,2.8000000000000003,1027
2021,4,3,7,30,2.4000000000000004,57.22,323,2.9000000000000004,1027
2021,4,3,8,30,3.9000000000000004,45.36,326,3,1027
2021,4,3,9,30,5.1000000000000005,41.75,326,2.8000000000000003,1027
2021,4,3,10,30,6.4,39.410000000000004,323,2.5,1026
2021,4,3,11,30,7.6000000000000005,37.92,315,2.2,1025
2021,4,3,12,30,8.6,37.34,303,1.9000000000000001,1024
2021,4,3,13,30,9.3,38.09,289,1.7000000000000002,1023
2021,4,3,14,30,9.600000000000001,40.84,276,1.6,1023
2021,4,3,15,30,9.4,45.230000000000004,264,1.4000000000000001,1022
2021,4,3,16,30,8.3,54.18,250,1.2000000000000002,1022
2021,4,3,17,30,6.4,76.72,240,1.2000000000000002,1022
2021,4,3,18,30,5.300000000000001,73.67,239,1.5,1022
2021,4,3,19,30,4.800000000000001,77.45,243,1.7000000000000002,1023
2021,4,3,20,30,4.1000000000000005,80.10000000000001,249,2,1022
2021,4,3,21,30,3.5,80.64,254,2.3000000000000003,1022
2021,4,3,22,30,3.3000000000000003,81.51,259,2.5,1022
2021,4,3,23,30,3.3000000000000003,83.25,264,2.5,1022
2021,4,4,0,30,3.1,86.58,267,2.4000000000000004,1021
2021,4,4,1,30,2.8000000000000003,90.06,272,2.2,1021
2021,4,4,2,30,2.7,91.46000000000001,279,2.1,1021
2021,4,4,3,30,2.7,91.31,286,2,1020
2021,4,4,4,30,2.8000000000000003,89.09,289,1.8,1020
2021,4,4,5,30,3.4000000000000004,83.54,291,1.5,1019
2021,4,4,6,30,4.800000000000001,81.22,294,1.4000000000000001,1019
2021,4,4,7,30,6.9,69.59,294,1.1,1019
2021,4,4,8,30,9.4,58.410000000000004,285,0.9,1018
2021,4,4,9,30,11.600000000000001,49.95,273,0.8,1017
2021,4,4,10,30,13.100000000000001,46.86,264,0.7000000000000001,1017
2021,4,4,11,30,14,46.14,261,0.8,1016
2021,4,4,12,30,14.5,47.44,264,0.9,1015
2021,4,4,13,30,14.700000000000001,49.44,274,0.9,1014
2021,4,4,14,30,14.600000000000001,52.45,288,1.1,1013
2021,4,4,15,30,14.200000000000001,56.83,299,1.1,1013
2021,4,4,16,30,13.200000000000001,64.56,311,1.2000000000000002,1013
2021,4,4,17,30,11.4,76.32000000000001,326,1.4000000000000001,1013
2021,4,4,18,30,10,79.38,337,1.8,1014
2021,4,4,19,30,9.200000000000001,81.18,341,2.2,1014
2021,4,4,20,30,8.3,83.51,340,2.5,1015
2021,4,4,21,30,7.4,85.58,336,2.6,1015
2021,4,4,22,30,6.6000000000000005,86.84,330,2.5,1015
2021,4,4,23,30,6,87.32000000000001,322,2.5,1015
2021,4,5,0,30,5.5,87.68,315,2.6,1015
2021,4,5,1,30,5.1000000000000005,87.86,309,2.9000000000000004,1015
2021,4,5,2,30,4.6000000000000005,88.82000000000001,307,3,1015
2021,4,5,3,30,4.2,89.05,305,3.1,1015
2021,4,5,4,30,3.9000000000000004,88.86,305,3.1,1015
2021,4,5,5,30,4.3,85.08,304,3.2,1015
2021,4,5,6,30,5.9,78.03,303,3.3000000000000003,1015
2021,4,5,7,30,8.3,70.54,306,3.3000000000000003,1015
2021,4,5,8,30,10.5,63.86,313,3.2,1014
2021,4,5,9,30,11.9,57.93,317,3.2,1014
2021,4,5,10,30,13.200000000000001,53.54,315,3.1,1013
2021,4,5,11,30,14.3,51.09,311,3.1,1012
2021,4,5,12,30,15.200000000000001,49.660000000000004,308,3.1,1011
2021,4,5,13,30,15.600000000000001,49.99,308,3.2,1011
2021,4,5,14,30,15.700000000000001,51.03,309,3.3000000000000003,1010
2021,4,5,15,30,15.200000000000001,53.82,313,3.3000000000000003,1010
2021,4,5,16,30,14,59.53,317,3.1,1011
2021,4,5,17,30,12.100000000000001,68.31,321,2.9000000000000004,1011
2021,4,5,18,30,10.5,73.19,326,3,1012
2021,4,5,19,30,9.5,75.8,330,3.1,1013
2021,4,5,20,30,8.6,77.99,332,2.8000000000000003,1013
2021,4,5,21,30,7.7,81.36,331,2.4000000000000004,1013
2021,4,5,22,30,7.300000000000001,83.4,329,2.2,1013
2021,4,5,23,30,7.1000000000000005,84.10000000000001,326,2.1,1013
2021,4,6,0,30,6.800000000000001,85.04,325,2.1,1013
2021,4,6,1,30,6.2,87.77,328,2.1,1013
2021,4,6,2,30,5.5,89.21000000000001,330,2.1,1013
2021,4,6,3,30,4.9,89.66,325,2.2,1013
2021,4,6,4,30,4.4,90.74,317,2.3000000000000003,1013
2021,4,6,5,30,4.7,87.58,311,2.5,1014
2021,4,6,6,30,6.4,79.4,310,2.7,1014
2021,4,6,7,30,8.9,69.9,316,2.8000000000000003,1014
2021,4,6,8,30,10.9,59.89,326,2.8000000000000003,1014
2021,4,6,9,30,12.200000000000001,52.97,330,2.6,1014
2021,4,6,10,30,13.5,48.14,328,2.4000000000000004,1013
2021,4,6,11,30,14.600000000000001,45.07,325,2.3000000000000003,1012
2021,4,6,12,30,15.4,43.99,322,2.1,1012
2021,4,6,13,30,16,43.71,321,2,1011
2021,4,6,14,30,16.1,45.37,321,2,1011
2021,4,6,15,30,15.9,47.26,324,1.8,1011
2021,4,6,16,30,14.5,57.35,328,1.5,1011
2021,4,6,17,30,11.9,77.86,333,1.4000000000000001,1012
2021,4,6,18,30,10,79.03,340,1.5,1012
2021,4,6,19,30,9.1,80.05,349,1.6,1013
2021,4,6,20,30,8.4,80.63,177,1.7000000000000002,1013
2021,4,6,21,30,7.800000000000001,80.79,3,1.6,1013
2021,4,6,22,30,7.2,81.89,6,1.6,1014
2021,4,6,23,30,6.9,82.61,8,1.7000000000000002,1014
2021,4,7,0,30,6.6000000000000005,83.92,8,1.7000000000000002,1014
2021,4,7,1,30,6.300000000000001,86.2,8,1.8,1014
2021,4,7,2,30,6.300000000000001,87.49,11,1.9000000000000001,1014
2021,4,7,3,30,6.300000000000001,89,17,2,1014
2021,4,7,4,30,6.4,89.62,21,1.9000000000000001,1014
2021,4,7,5,30,7,87.43,23,1.9000000000000001,1015
2021,4,7,6,30,8.200000000000001,84.03,20,1.9000000000000001,1015
2021,4,7,7,30,9.700000000000001,79.82000000000001,8,1.6,1015
2021,4,7,8,30,11.700000000000001,74.98,168,1.1,1015
2021,4,7,9,30,13.600000000000001,67.36,329,1,1015
2021,4,7,10,30,15.4,60.45,325,1,1014
2021,4,7,11,30,16.900000000000002,56.06,331,0.9,1014
2021,4,7,12,30,18.1,52.870000000000005,340,0.6000000000000001,1013
2021,4,7,13,30,18.8,51.43,236,0.5,1013
2021,4,7,14,30,18.8,52.49,131,0.6000000000000001,1012
2021,4,7,15,30,18.3,56.35,139,0.8,1013
2021,4,7,16,30,16.6,66.29,149,1.1,1013
2021,4,7,17,30,13.700000000000001,88.45,156,1.5,1013
2021,4,7,18,30,11.4,90.94,154,1.8,1014
2021,4,7,19,30,10.3,91.41,146,2.1,1015
2021,4,7,20,30,9.3,92.74,138,2.1,1016
2021,4,7,21,30,8.6,92.8,137,1.9000000000000001,1016
2021,4,7,22,30,7.9,93.92,142,1.6,1016
2021,4,7,23,30,7.5,93.75,151,1.2000000000000002,1017
2021,4,8,0,30,7.4,91.89,158,1,1017
2021,4,8,1,30,7.4,89.95,163,0.8,1017
2021,4,8,2,30,7.7,86.26,162,0.6000000000000001,1017
2021,4,8,3,30,8,82.88,97,0.4,1017
2021,4,8,4,30,7.9,82.93,29,0.5,1018
2021,4,8,5,30,8.3,80.85000000000001,24,0.8,1018
2021,4,8,6,30,9.8,79.24,23,0.8,1018
2021,4,8,7,30,12.200000000000001,68.54,27,0.6000000000000001,1019
2021,4,8,8,30,14.600000000000001,60.730000000000004,46,0.6000000000000001,1019
2021,4,8,9,30,16.2,57.980000000000004,68,0.7000000000000001,1018
2021,4,8,10,30,17.3,56.54,89,0.8,1018
2021,4,8,11,30,18,55.97,114,0.9,1017
2021,4,8,12,30,18.3,56.54,133,1.1,1017
2021,4,8,13,30,18.1,58.69,145,1.3,1017
2021,4,8,14,30,17.5,62.06,153,1.5,1016
2021,4,8,15,30,16.5,67.1,158,1.7000000000000002,1017
2021,4,8,16,30,15.100000000000001,74.14,159,1.8,1017
2021,4,8,17,30,13.100000000000001,84.7,157,1.8,1017
2021,4,8,18,30,11.3,91.06,150,1.9000000000000001,1018
2021,4,8,19,30,10.100000000000001,93.03,143,2.1,1018
2021,4,8,20,30,9.1,95.26,138,2.1,1018
2021,4,8,21,30,8.3,97.78,140,1.8,1018
2021,4,8,22,30,7.800000000000001,99.65,147,1.4000000000000001,1019
2021,4,8,23,30,7.4,100,154,1.1,1019
2021,4,9,0,30,7.4,99.99000000000001,157,0.9,1019
2021,4,9,1,30,7.5,98.31,153,0.8,1019
2021,4,9,2,30,7.7,96.28,139,0.8,1019
2021,4,9,3,30,7.7,95.68,120,0.9,1019
2021,4,9,4,30,7.4,96.77,104,1.1,1020
2021,4,9,5,30,7.7,93.54,98,1.4000000000000001,1020
2021,4,9,6,30,8.9,88.84,98,1.6,1020
2021,4,9,7,30,10.200000000000001,82.12,104,1.7000000000000002,1020
2021,4,9,8,30,11.3,76.89,110,1.8,1020
2021,4,9,9,30,12.100000000000001,74.19,116,1.8,1020
2021,4,9,10,30,12.600000000000001,73.05,121,1.8,1020
2021,4,9,11,30,12.8,73.32000000000001,126,1.8,1020
2021,4,9,12,30,12.700000000000001,74.63,131,1.7000000000000002,1019
2021,4,9,13,30,12.4,76.88,133,1.6,1019
2021,4,9,14,30,12.200000000000001,78.5,132,1.5,1019
2021,4,9,15,30,11.9,80.4,134,1.5,1018
2021,4,9,16,30,11.3,83.96000000000001,145,1.5,1019
2021,4,9,17,30,10.100000000000001,91.7,159,1.6,1019
2021,4,9,18,30,9,97.36,165,1.6,1019
2021,4,9,19,30,8.4,99.15,167,1.4000000000000001,1019
2021,4,9,20,30,8.1,99.43,171,1.3,1019
2021,4,9,21,30,8.200000000000001,97.7,175,1.2000000000000002,1019
2021,4,9,22,30,8.3,96.89,171,1.1,1018
2021,4,9,23,30,8.3,97.27,162,1,1018
2021,4,10,0,30,8.200000000000001,98.07000000000001,156,0.9,1017
2021,4,10,1,30,8.200000000000001,98.34,154,0.8,1017
2021,4,10,2,30,8.3,98.12,151,0.7000000000000001,1017
2021,4,10,3,30,8.4,97.9,147,0.7000000000000001,1017
2021,4,10,4,30,8.4,97.99000000000001,140,0.7000000000000001,1017
2021,4,10,5,30,8.9,94.56,132,0.8,1016
2021,4,10,6,30,10.200000000000001,90.2,137,0.9,1016
2021,4,10,7,30,11.9,85.09,154,1,1016
2021,4,10,8,30,13.600000000000001,80.45,167,1.1,1015
2021,4,10,9,30,15,77.47,173,1.3,1015
2021,4,10,10,30,16.2,75.93,172,1.5,1014
2021,4,10,11,30,17,75.84,173,1.7000000000000002,1013
2021,4,10,12,30,17.400000000000002,76.44,183,2,1013
2021,4,10,13,30,17.6,77.15,192,2.1,1012
2021,4,10,14,30,17.6,78.71000000000001,193,1.9000000000000001,1011
2021,4,10,15,30,17.5,80.75,188,1.7000000000000002,1010
2021,4,10,16,30,16.7,86.49,180,1.5,1009
2021,4,10,17,30,15,97.87,170,1.5,1009
2021,4,10,18,30,13.4,100,165,1.6,1008
2021,4,10,19,30,12.600000000000001,100,162,1.7000000000000002,1008
2021,4,10,20,30,11.9,100,162,1.7000000000000002,1007
2021,4,10,21,30,11.3,100,167,1.6,1007
2021,4,10,22,30,10.8,100,178,1.4000000000000001,1006
2021,4,10,23,30,10.5,100,189,1.2000000000000002,1006
2021,4,11,0,30,10.4,100,193,1,1006
2021,4,11,1,30,10.5,98.27,189,0.9,1005
2021,4,11,2,30,10.5,97.88,176,0.8,1004
2021,4,11,3,30,10.200000000000001,99.18,158,0.8,1004
2021,4,11,4,30,9.9,100,148,0.9,1003
2021,4,11,5,30,10.3,97.35000000000001,143,1.1,1003
2021,4,11,6,30,11.100000000000001,94.61,135,1.4000000000000001,1003
2021,4,11,7,30,11.700000000000001,94.14,129,1.7000000000000002,1002
2021,4,11,8,30,12.3,94.10000000000001,127,2,1002
2021,4,11,9,30,12.8,93.7,120,2.1,1001
2021,4,11,10,30,13.5,92.29,108,2.4000000000000004,1001
2021,4,11,11,30,14.200000000000001,91.16,99,3,1000
2021,4,11,12,30,14.5,92.02,98,3.7,1000
2021,4,11,13,30,14.200000000000001,93.61,97,4.2,1000
2021,4,11,14,30,13.4,95.17,94,4.5,1000
2021,4,11,15,30,12.3,96,88,4.800000000000001,1000
2021,4,11,16,30,11.200000000000001,95.73,82,4.800000000000001,1000
2021,4,11,17,30,10.3,95.3,77,4.4,1001
2021,4,11,18,30,9.700000000000001,94.95,74,4.2,1002
2021,4,11,19,30,9.3,94.91,72,4.1000000000000005,1003
2021,4,11,20,30,8.9,95.26,70,4,1003
2021,4,11,21,30,8.6,95.37,69,4,1003
2021,4,11,22,30,8.4,94.99,69,4,1003
2021,4,11,23,30,8.1,95.14,68,4.1000000000000005,1003
2021,4,12,0,30,7.800000000000001,95.03,67,4.2,1003
2021,4,12,1,30,7.6000000000000005,94.43,65,4.4,1003
2021,4,12,2,30,7.300000000000001,94.31,65,4.5,1003
2021,4,12,3,30,7.1000000000000005,92.84,64,4.6000000000000005,1003
2021,4,12,4,30,6.9,90.88,60,4.4,1004
2021,4,12,5,30,6.800000000000001,88.9,56,4.1000000000000005,1004
2021,4,12,6,30,7.1000000000000005,86.09,52,3.8000000000000003,1005
2021,4,12,7,30,7.5,83.45,51,3.6,1006
2021,4,12,8,30,8,81.17,51,3.4000000000000004,1006
2021,4,12,9,30,8.6,78.89,52,3.2,1006
2021,4,12,10,30,9.1,77.48,54,3,1007
2021,4,12,11,30,9.5,77.12,57,2.9000000000000004,1007
2021,4,12,12,30,9.8,77.78,60,2.6,1007
2021,4,12,13,30,9.9,79.64,63,2.3000000000000003,1007
2021,4,12,14,30,9.9,82.05,65,1.9000000000000001,1007
2021,4,12,15,30,9.8,85.18,68,1.6,1008
2021,4,12,16,30,9.5,89.23,71,1.4000000000000001,1008
2021,4,12,17,30,9,94.3,69,1.3,1009
2021,4,12,18,30,8.5,96.41,65,1.5,1010
2021,4,12,19,30,8.1,97.13,59,1.8,1011
2021,4,12,20,30,7.800000000000001,96.75,54,2.1,1012
2021,4,12,21,30,7.6000000000000005,96.10000000000001,47,2.2,1012
2021,4,12,22,30,7.300000000000001,96.47,41,2.3000000000000003,1012
2021,4,12,23,30,7.1000000000000005,96.13,35,2.3000000000000003,1012
2021,4,13,0,30,6.9,96.08,29,2.3000000000000003,1013
2021,4,13,1,30,6.7,96.10000000000001,23,2.1,1013
2021,4,13,2,30,6.5,96.2,16,2,1014
2021,4,13,3,30,6.2,96.56,11,2,1014
2021,4,13,4,30,5.800000000000001,97.73,9,2.1,1015
2021,4,13,5,30,6.300000000000001,92.83,8,2.3000000000000003,1015
2021,4,13,6,30,7.7,87.34,9,2.4000000000000004,1016
2021,4,13,7,30,9.5,75.77,14,2.4000000000000004,1016
2021,4,13,8,30,11.200000000000001,64.1,16,2.2,1016
2021,4,13,9,30,12.3,62.190000000000005,12,1.9000000000000001,1016
2021,4,13,10,30,13.4,60.32,7,1.7000000000000002,1016
2021,4,13,11,30,14.4,58.43,4,1.5,1016
2021,4,13,12,30,15.3,56.7,6,1.4000000000000001,1015
2021,4,13,13,30,15.9,55.85,12,1.2000000000000002,1015
2021,4,13,14,30,16.3,55.36,20,1.1,1015
2021,4,13,15,30,16.400000000000002,55.7,35,0.9,1015
2021,4,13,16,30,16.1,58.03,68,0.7000000000000001,1015
2021,4,13,17,30,14.9,67.53,118,0.8,1015
2021,4,13,18,30,12.9,68.45,158,1.1,1016
2021,4,13,19,30,10.8,78.87,175,1.3,1016
2021,4,13,20,30,9.5,86.28,186,1.4000000000000001,1016
2021,4,13,21,30,8.8,88.59,195,1.6,1016
2021,4,13,22,30,8.3,89.32000000000001,202,1.7000000000000002,1016
2021,4,13,23,30,7.9,89.59,209,1.7000000000000002,1016
2021,4,14,0,30,7.4,90.86,216,1.7000000000000002,1016
2021,4,14,1,30,6.800000000000001,93.61,223,1.8,1016
2021,4,14,2,30,6.4,95.55,229,1.9000000000000001,1017
2021,4,14,3,30,6.1000000000000005,96.68,234,1.8,1017
2021,4,14,4,30,6,96.4,238,1.7000000000000002,1017
2021,4,14,5,30,7.1000000000000005,88.81,241,1.6,1017
2021,4,14,6,30,9.200000000000001,83.46000000000001,240,1.4000000000000001,1017
2021,4,14,7,30,11.5,72.95,235,1.3,1016
2021,4,14,8,30,13.700000000000001,67.57000000000001,235,1.1,1016
2021,4,14,9,30,15.200000000000001,63.870000000000005,237,1,1016
2021,4,14,10,30,16,60.32,239,1.1,1015
2021,4,14,11,30,16.400000000000002,61.26,244,1.4000000000000001,1015
2021,4,14,12,30,17.1,61.120000000000005,248,1.6,1014
2021,4,14,13,30,17.6,61.06,246,1.8,1013
2021,4,14,14,30,17.2,65.16,242,1.9000000000000001,1012
2021,4,14,15,30,16.5,71.44,238,2,1012
2021,4,14,16,30,15.4,80.51,236,1.9000000000000001,1012
2021,4,14,17,30,14,90.81,235,1.8,1012
2021,4,14,18,30,12.9,95.36,235,1.8,1012
2021,4,14,19,30,12.3,97.58,233,1.8,1011
2021,4,14,20,30,11.8,99.5,230,1.9000000000000001,1011
2021,4,14,21,30,11.4,100,227,1.9000000000000001,1010
2021,4,14,22,30,11.100000000000001,100,223,1.8,1010
2021,4,14,23,30,10.9,100,219,1.8,1009
2021,4,15,0,30,10.700000000000001,100,218,1.8,1009
2021,4,15,1,30,10.4,100,217,1.7000000000000002,1008
2021,4,15,2,30,10.100000000000001,100,213,1.5,1007
2021,4,15,3,30,10,100,208,1.4000000000000001,1007
2021,4,15,4,30,10,99.83,200,1.4000000000000001,1007
2021,4,15,5,30,10.3,96.91,187,1.3,1006
2021,4,15,6,30,10.9,94.45,170,1.4000000000000001,1006
2021,4,15,7,30,11.3,93.4,157,1.6,1006
2021,4,15,8,30,11.700000000000001,92.04,151,1.8,1006
2021,4,15,9,30,12.100000000000001,89.51,151,1.9000000000000001,1005
2021,4,15,10,30,12.4,87.36,155,2.1,1005
2021,4,15,11,30,12.600000000000001,86.27,159,2.1,1004
2021,4,15,12,30,12.8,85.67,158,2,1003
2021,4,15,13,30,12.8,86.36,152,1.9000000000000001,1003
2021,4,15,14,30,12.600000000000001,87.76,144,1.7000000000000002,1002
2021,4,15,15,30,12.3,89.76,139,1.4000000000000001,1002
2021,4,15,16,30,11.700000000000001,93.92,128,0.9,1002
2021,4,15,17,30,10.9,97.52,62,0.6000000000000001,1003
2021,4,15,18,30,10,98.48,166,1,1003
2021,4,15,19,30,9,97.77,329,2.3000000000000003,1004
2021,4,15,20,30,8,96.61,331,3.2,1004
2021,4,15,21,30,7.2,96.11,335,3.3000000000000003,1004
2021,4,15,22,30,6.6000000000000005,95.72,338,3.1,1004
2021,4,15,23,30,6.2,95.51,336,3,1004
2021,4,16,0,30,5.9,94.58,330,3,1004
2021,4,16,1,30,5.6000000000000005,94.4,322,3,1004
2021,4,16,2,30,5.300000000000001,94.52,317,3,1004
2021,4,16,3,30,4.800000000000001,96.17,313,2.8000000000000003,1004
2021,4,16,4,30,4.4,96.69,307,2.7,1003
2021,4,16,5,30,4.800000000000001,92.28,300,2.9000000000000004,1003
2021,4,16,6,30,5.9,85.95,296,3.2,1003
2021,4,16,7,30,7.2,76.46000000000001,295,3.4000000000000004,1003
2021,4,16,8,30,8.4,68.58,292,3.4000000000000004,1002
2021,4,16,9,30,9.3,63.800000000000004,287,3.3000000000000003,1002
2021,4,16,10,30,10.100000000000001,60.300000000000004,281,3.3000000000000003,1001
2021,4,16,11,30,10.600000000000001,58.76,276,3.4000000000000004,1001
2021,4,16,12,30,10.700000000000001,59.45,276,3.5,1001
2021,4,16,13,30,10.4,62.27,281,3.6,1001
2021,4,16,14,30,9.9,66.77,290,3.5,1001
2021,4,16,15,30,9.3,72.73,299,3.3000000000000003,1001
2021,4,16,16,30,8.8,78.51,304,3,1002
2021,4,16,17,30,8.200000000000001,84.02,306,2.8000000000000003,1003
2021,4,16,18,30,7.5,88.43,305,2.7,1004
2021,4,16,19,30,7.1000000000000005,90.53,303,2.6,1004
2021,4,16,20,30,6.7,92.53,302,2.5,1005
2021,4,16,21,30,6.300000000000001,93.86,303,2.5,1005
2021,4,16,22,30,6,94.53,304,2.5,1005
2021,4,16,23,30,5.6000000000000005,95.78,309,2.5,1005
2021,4,17,0,30,5.4,95.36,314,2.4000000000000004,1005
2021,4,17,1,30,5.1000000000000005,95.58,319,2.3000000000000003,1005
2021,4,17,2,30,4.6000000000000005,96.43,324,2.3000000000000003,1005
2021,4,17,3,30,4.2,96.58,328,2.3000000000000003,1005
2021,4,17,4,30,3.8000000000000003,96.71000000000001,330,2.2,1006
2021,4,17,5,30,4.5,90.49,331,2.3000000000000003,1006
2021,4,17,6,30,6.1000000000000005,83.86,333,2.5,1007
2021,4,17,7,30,7.7,73.43,335,2.5,1007
2021,4,17,8,30,9.200000000000001,63.67,333,2.3000000000000003,1007
2021,4,17,9,30,10.5,57.75,327,2,1007
2021,4,17,10,30,11.5,54.870000000000005,315,1.7000000000000002,1007
2021,4,17,11,30,12.100000000000001,54.83,298,1.4000000000000001,1006
2021,4,17,12,30,12.5,55.69,284,1.3,1006
2021,4,17,13,30,12.700000000000001,56.67,274,1.2000000000000002,1006
2021,4,17,14,30,12.600000000000001,58.44,266,1.1,1006
2021,4,17,15,30,12.3,60.7,260,0.9,1006
2021,4,17,16,30,11.700000000000001,65.06,258,0.7000000000000001,1007
2021,4,17,17,30,10.600000000000001,76.86,256,0.6000000000000001,1007
2021,4,17,18,30,9.600000000000001,83.62,259,0.6000000000000001,1008
2021,4,17,19,30,9.1,84.44,270,0.6000000000000001,1008
2021,4,17,20,30,8.6,87.32000000000001,287,0.6000000000000001,1008
2021,4,17,21,30,8.200000000000001,89.16,304,0.7000000000000001,1008
2021,4,17,22,30,7.7,91.2,318,0.8,1008
2021,4,17,23,30,7.300000000000001,92.09,322,0.9,1008
2021,4,18,0,30,6.9,93.4,321,1.1,1008
2021,4,18,1,30,6.6000000000000005,94.56,323,1.3,1008
2021,4,18,2,30,6.1000000000000005,96.46000000000001,326,1.5,1008
2021,4,18,3,30,5.6000000000000005,97.97,326,1.6,1008
2021,4,18,4,30,5.1000000000000005,99.47,322,1.6,1009
2021,4,18,5,30,5.9,92.45,315,1.7000000000000002,1009
2021,4,18,6,30,7.9,81.62,308,1.7000000000000002,1009
2021,4,18,7,30,10.200000000000001,70.07000000000001,306,1.6,1010
2021,4,18,8,30,12.100000000000001,61.65,301,1.5,1010
2021,4,18,9,30,13.4,57.82,288,1.3,1009
2021,4,18,10,30,14.200000000000001,56.45,272,1.2000000000000002,1009
2021,4,18,11,30,14.700000000000001,56.51,258,1.3,1009
2021,4,18,12,30,15.200000000000001,56.54,248,1.4000000000000001,1008
2021,4,18,13,30,15.3,57.56,237,1.4000000000000001,1008
2021,4,18,14,30,15.100000000000001,59.58,227,1.5,1008
2021,4,18,15,30,14.700000000000001,63.31,222,1.6,1008
2021,4,18,16,30,13.9,70.23,222,1.5,1008
2021,4,18,17,30,12.5,85.17,225,1.4000000000000001,1009
2021,4,18,18,30,11.100000000000001,88.98,230,1.4000000000000001,1009
2021,4,18,19,30,10.4,88.88,234,1.4000000000000001,1010
2021,4,18,20,30,10,89.19,240,1.3,1010
2021,4,18,21,30,9.5,90.27,247,1.2000000000000002,1010
2021,4,18,22,30,9.1,91.14,254,1.2000000000000002,1010
2021,4,18,23,30,8.700000000000001,92.34,261,1.1,1010
2021,4,19,0,30,8.5,92.53,268,1,1010
2021,4,19,1,30,8.4,91.91,273,0.9,1010
2021,4,19,2,30,8.5,90.05,275,0.9,1010
2021,4,19,3,30,8.700000000000001,87.74,275,0.7000000000000001,1010
2021,4,19,4,30,8.9,85.66,286,0.6000000000000001,1010
2021,4,19,5,30,9.5,82.19,184,0.4,1010
2021,4,19,6,30,10.9,81.94,82,0.5,1010
2021,4,19,7,30,13.100000000000001,70.94,115,0.6000000000000001,1010
2021,4,19,8,30,15,60.29,150,0.7000000000000001,1010
2021,4,19,9,30,15.8,56.36,168,0.9,1009
2021,4,19,10,30,15.8,57.33,176,1.2000000000000002,1009
2021,4,19,11,30,15.5,60.07,181,1.4000000000000001,1008
2021,4,19,12,30,15.200000000000001,63.18,186,1.5,1008
2021,4,19,13,30,14.9,66.37,194,1.6,1008
2021,4,19,14,30,14.8,68.49,203,1.5,1008
2021,4,19,15,30,14.5,71.4,210,1.5,1008
2021,4,19,16,30,13.9,76.68,215,1.5,1008
2021,4,19,17,30,12.600000000000001,89.29,223,1.4000000000000001,1009
2021,4,19,18,30,11.4,93.29,233,1.4000000000000001,1009
2021,4,19,19,30,10.8,92.9,242,1.5,1010
2021,4,19,20,30,10.3,93.29,250,1.6,1010
2021,4,19,21,30,9.700000000000001,94.55,255,1.6,1010
2021,4,19,22,30,9,96.5,259,1.7000000000000002,1010
2021,4,19,23,30,8.3,98.91,264,1.8,1010
2021,4,20,0,30,7.800000000000001,99.92,267,1.9000000000000001,1011
2021,4,20,1,30,7.4,99.88,264,1.9000000000000001,1011
2021,4,20,2,30,7.2,99.32000000000001,258,1.9000000000000001,1011
2021,4,20,3,30,7.1000000000000005,99.2,250,1.9000000000000001,1011
2021,4,20,4,30,7.1000000000000005,99.23,243,2,1012
2021,4,20,5,30,8.200000000000001,92.77,236,2.2,1012
2021,4,20,6,30,10.100000000000001,85.86,227,2.3000000000000003,1012
2021,4,20,7,30,12.3,79.09,221,2.3000000000000003,1012
2021,4,20,8,30,14.5,72.67,221,2.6,1012
2021,4,20,9,30,16.3,66.7,224,2.9000000000000004,1012
2021,4,20,10,30,17.6,62.75,225,3,1012
2021,4,20,11,30,18.5,60.14,223,3.1,1011
2021,4,20,12,30,19,58.92,217,3.2,1011
2021,4,20,13,30,19.1,59.13,211,3.4000000000000004,1011
2021,4,20,14,30,18.7,61.27,205,3.6,1010
2021,4,20,15,30,17.900000000000002,66.08,199,3.7,1010
2021,4,20,16,30,16.7,74.14,196,3.7,1010
2021,4,20,17,30,15.200000000000001,82.19,196,3.7,1011
2021,4,20,18,30,13.700000000000001,87.08,198,3.5,1011
2021,4,20,19,30,12.600000000000001,89.5,198,3.4000000000000004,1011
2021,4,20,20,30,11.600000000000001,91.62,195,3.4000000000000004,1011
2021,4,20,21,30,11,91.64,193,3.5,1011
2021,4,20,22,30,10.5,92.22,193,3.5,1010
2021,4,20,23,30,10.200000000000001,92.51,195,3.6,1010
2021,4,21,0,30,10.100000000000001,91.49,197,3.8000000000000003,1009
2021,4,21,1,30,10.200000000000001,89.4,198,4,1009
2021,4,21,2,30,10.4,87.96000000000001,197,4,1008
2021,4,21,3,30,10.5,87.85000000000001,195,3.9000000000000004,1007
2021,4,21,4,30,10.600000000000001,87.9,196,3.8000000000000003,1006
2021,4,21,5,30,11.100000000000001,86.75,196,3.7,1006
2021,4,21,6,30,12,84.58,194,3.6,1005
2021,4,21,7,30,13.200000000000001,81.49,190,3.6,1004
2021,4,21,8,30,14.600000000000001,77.55,188,3.7,1003
2021,4,21,9,30,15.9,73.33,188,4.1000000000000005,1002
2021,4,21,10,30,16.7,72.08,192,4.3,1001
2021,4,21,11,30,16.900000000000002,74.10000000000001,200,4.2,1000
2021,4,21,12,30,16.400000000000002,78.45,211,3.9000000000000004,1000
2021,4,21,13,30,14.600000000000001,85.72,234,3.7,1000
2021,4,21,14,30,11.600000000000001,90.9,268,4.4,1001
2021,4,21,15,30,9.1,83.75,296,5.5,1002
2021,4,21,16,30,7.800000000000001,72.38,306,5.5,1003
2021,4,21,17,30,6.9,70.11,309,5.1000000000000005,1004
2021,4,21,18,30,5.9,69,312,4.9,1005
2021,4,21,19,30,4.7,68.49,315,5,1006
2021,4,21,20,30,3.7,68.77,317,4.800000000000001,1007
2021,4,21,21,30,3,69.73,316,4.5,1008
2021,4,21,22,30,2.5,71.65,313,4.2,1008
2021,4,21,23,30,2.2,73.86,307,4,1008
2021,4,22,0,30,1.9000000000000001,76.4,299,3.9000000000000004,1008
2021,4,22,1,30,1.8,77.57000000000001,293,3.9000000000000004,1008
2021,4,22,2,30,1.7000000000000002,78.24,289,4,1008
2021,4,22,3,30,1.5,78.68,287,4.1000000000000005,1009
2021,4,22,4,30,1.4000000000000001,78.13,286,4.1000000000000005,1009
2021,4,22,5,30,1.7000000000000002,75.36,287,4.2,1009
2021,4,22,6,30,2.4000000000000004,70.03,288,4.5,1010
2021,4,22,7,30,3.2,63.08,288,4.6000000000000005,1010
2021,4,22,8,30,4.1000000000000005,57.38,287,4.6000000000000005,1010
2021,4,22,9,30,5,53.67,286,4.6000000000000005,1010
2021,4,22,10,30,6,50.51,284,4.7,1010
2021,4,22,11,30,6.800000000000001,48.46,283,4.7,1010
2021,4,22,12,30,7.5,46.97,282,4.7,1010
2021,4,22,13,30,8,46.38,281,4.6000000000000005,1009
2021,4,22,14,30,8.3,46.86,279,4.5,1009
2021,4,22,15,30,8.3,48.370000000000005,278,4.3,1009
2021,4,22,16,30,7.800000000000001,51.83,278,4,1010
2021,4,22,17,30,6.9,57.71,279,3.6,1010
2021,4,22,18,30,5.800000000000001,65.9,282,3.3000000000000003,1011
2021,4,22,19,30,5.1000000000000005,70.37,286,3.3000000000000003,1012
2021,4,22,20,30,4.7,72.22,290,3.3000000000000003,1013
2021,4,22,21,30,4.3,73.3,289,3.3000000000000003,1013
2021,4,22,22,30,4,74.19,285,3.4000000000000004,1013
2021,4,22,23,30,3.6,76.34,282,3.5,1014
2021,4,23,0,30,3.3000000000000003,78.09,283,3.4000000000000004,1014
2021,4,23,1,30,2.9000000000000004,80.67,286,3.3000000000000003,1014
2021,4,23,2,30,2.4000000000000004,83.58,289,3.2,1015
2021,4,23,3,30,1.8,86.47,289,3,1015
2021,4,23,4,30,1.4000000000000001,88,287,2.9000000000000004,1015
2021,4,23,5,30,2.2,83.28,282,3,1016
2021,4,23,6,30,4.3,73.77,280,3.4000000000000004,1016
2021,4,23,7,30,6.4,60.53,280,3.7,1016
2021,4,23,8,30,8.1,52.59,277,3.8000000000000003,1016
2021,4,23,9,30,9.5,48.660000000000004,273,3.8000000000000003,1016
2021,4,23,10,30,10.8,46.19,269,3.7,1015
2021,4,23,11,30,12,45.06,265,3.6,1014
2021,4,23,12,30,13,44.9,261,3.5,1013
2021,4,23,13,30,13.700000000000001,45.480000000000004,260,3.4000000000000004,1012
2021,4,23,14,30,14.100000000000001,46.68,261,3.3000000000000003,1012
2021,4,23,15,30,14.100000000000001,49.18,262,3.1,1012
2021,4,23,16,30,13.600000000000001,53.54,262,2.8000000000000003,1012
2021,4,23,17,30,11.9,64.6,262,2.5,1012
2021,4,23,18,30,10.200000000000001,73.45,262,2.4000000000000004,1013
2021,4,23,19,30,9.3,77.15,263,2.3000000000000003,1013
2021,4,23,20,30,8.8,79.99,264,2.2,1013
2021,4,23,21,30,8.200000000000001,83.64,265,2.2,1014
2021,4,23,22,30,7.6000000000000005,87.18,266,2.2,1014
2021,4,23,23,30,7.2,89.82000000000001,268,2.3000000000000003,1014
2021,4,24,0,30,6.9,91.63,270,2.3000000000000003,1014
2021,4,24,1,30,6.4,94.08,274,2.3000000000000003,1014
2021,4,24,2,30,6.1000000000000005,94.38,277,2.2,1014
2021,4,24,3,30,6.1000000000000005,92.45,282,2.2,1014
2021,4,24,4,30,6.1000000000000005,89.94,291,2.1,1015
2021,4,24,5,30,7.1000000000000005,82.27,297,2,1015
2021,4,24,6,30,9.200000000000001,73.83,296,1.8,1016
2021,4,24,7,30,11.8,65.52,291,1.5,1016
2021,4,24,8,30,14.3,57.44,289,1.3,1016
2021,4,24,9,30,16.1,49.84,275,1.2000000000000002,1016
2021,4,24,10,30,17.1,45.410000000000004,247,1.4000000000000001,1015
2021,4,24,11,30,17.5,45.53,225,1.6,1014
2021,4,24,12,30,17.6,46.730000000000004,214,1.9000000000000001,1014
2021,4,24,13,30,17.400000000000002,48.730000000000004,207,2.2,1013
2021,4,24,14,30,16.7,52.730000000000004,202,2.6,1012
2021,4,24,15,30,15.4,60.59,198,2.9000000000000004,1012
2021,4,24,16,30,13.8,73.16,198,2.9000000000000004,1012
2021,4,24,17,30,12.4,81.7,202,2.7,1012
2021,4,24,18,30,11.4,86.64,205,2.4000000000000004,1012
2021,4,24,19,30,10.9,88.22,203,2.1,1011
2021,4,24,20,30,10.4,89.86,200,2,1011
2021,4,24,21,30,10,90.89,195,1.9000000000000001,1010
2021,4,24,22,30,9.5,92.86,192,1.6,1009
2021,4,24,23,30,9.3,93.57000000000001,191,1.5,1009
2021,4,25,0,30,9.1,94.42,189,1.4000000000000001,1008
2021,4,25,1,30,9.1,94.3,182,1.2000000000000002,1007
2021,4,25,2,30,8.9,96.02,159,1,1007
2021,4,25,3,30,8.6,96.8,105,1,1006
2021,4,25,4,30,8.3,96.47,55,1.7000000000000002,1006
2021,4,25,5,30,8.3,94.97,32,2.8000000000000003,1005
2021,4,25,6,30,8.4,94.16,20,3.6,1005
2021,4,25,7,30,8.8,91.22,15,4.1000000000000005,1005
2021,4,25,8,30,9.8,85.11,11,4.3,1005
2021,4,25,9,30,11.200000000000001,77.83,10,4.1000000000000005,1005
2021,4,25,10,30,12.5,72.85000000000001,10,3.6,1005
2021,4,25,11,30,13.4,70.65,5,2.9000000000000004,1004
2021,4,25,12,30,14,69.87,173,2.4000000000000004,1004
2021,4,25,13,30,14.4,69.53,337,2,1004
2021,4,25,14,30,14.700000000000001,69.14,322,1.9000000000000001,1004
2021,4,25,15,30,14.9,69.66,314,2,1005
2021,4,25,16,30,14.600000000000001,72.57000000000001,310,1.9000000000000001,1005
2021,4,25,17,30,13.5,79.9,311,1.8,1006
2021,4,25,18,30,12.200000000000001,84.98,315,1.9000000000000001,1007
2021,4,25,19,30,11.3,86.79,319,2.1,1007
2021,4,25,20,30,10.600000000000001,88.34,323,2.2,1008
2021,4,25,21,30,10,89.15,324,2.4000000000000004,1009
2021,4,25,22,30,9.4,89.31,324,2.6,1009
2021,4,25,23,30,8.6,88.49,323,3.1,1010
2021,4,26,0,30,7.4,85.7,322,3.7,1011
2021,4,26,1,30,5.9,82.24,321,4,1011
2021,4,26,2,30,4.6000000000000005,80.58,320,4,1012
2021,4,26,3,30,3.8000000000000003,80.89,318,3.8000000000000003,1013
2021,4,26,4,30,3.3000000000000003,82,316,3.7,1014
2021,4,26,5,30,3.6,79.02,315,4,1015
2021,4,26,6,30,4.5,72.39,317,4.3,1016
2021,4,26,7,30,5.800000000000001,63.03,319,4.3,1016
2021,4,26,8,30,7.300000000000001,55.46,318,4.1000000000000005,1016
2021,4,26,9,30,8.9,49.85,312,4,1016
2021,4,26,10,30,10.4,46.32,307,4,1016
2021,4,26,11,30,11.700000000000001,44.1,304,3.9000000000000004,1015
2021,4,26,12,30,12.600000000000001,43.24,302,3.6,1015
2021,4,26,13,30,13.100000000000001,43.38,302,3.5,1014
2021,4,26,14,30,13.3,43.94,304,3.5,1014
2021,4,26,15,30,13,45.480000000000004,309,3.4000000000000004,1015
2021,4,26,16,30,12.200000000000001,48.47,313,3,1015
2021,4,26,17,30,10.5,56.78,317,2.5,1015
2021,4,26,18,30,8.5,68.01,320,2.3000000000000003,1016
2021,4,26,19,30,7.2,72.96000000000001,326,2.3000000000000003,1017
2021,4,26,20,30,6.2,76.44,332,2.3000000000000003,1018
2021,4,26,21,30,5.4,79.21000000000001,335,2.2,1018
2021,4,26,22,30,4.800000000000001,80.3,338,2.1,1018
2021,4,26,23,30,4.4,80.24,341,2,1018
2021,4,27,0,30,4.6000000000000005,77.51,343,1.8,1018
2021,4,27,1,30,5,76.45,343,1.7000000000000002,1018
2021,4,27,2,30,5,77.34,345,1.6,1019
2021,4,27,3,30,4.800000000000001,78.16,175,1.4000000000000001,1019
2021,4,27,4,30,4.9,75.71000000000001,6,1.1,1019
2021,4,27,5,30,6.1000000000000005,70.96000000000001,33,0.6000000000000001,1019
2021,4,27,6,30,7.9,64.49,102,0.5,1019
2021,4,27,7,30,9.9,52.52,152,0.9,1019
2021,4,27,8,30,11.8,44.1,162,1.2000000000000002,1018
2021,4,27,9,30,12.9,43.71,170,1.6,1017
2021,4,27,10,30,13.9,44.050000000000004,175,1.9000000000000001,1016
2021,4,27,11,30,14.600000000000001,45.26,179,2,1016
2021,4,27,12,30,15.200000000000001,46.2,178,2,1015
2021,4,27,13,30,15.600000000000001,48.4,180,1.8,1014
2021,4,27,14,30,15.9,50.96,188,1.4000000000000001,1013
2021,4,27,15,30,16,54.78,199,1.1,1013
2021,4,27,16,30,15.8,60.85,207,0.8,1013
2021,4,27,17,30,14.3,77.26,189,0.8,1012
2021,4,27,18,30,12.200000000000001,87.32000000000001,159,0.9,1012
2021,4,27,19,30,11.200000000000001,88.15,149,1.1,1012
2021,4,27,20,30,11,88.65,153,1.5,1012
2021,4,27,21,30,10.600000000000001,88.76,161,1.6,1012
2021,4,27,22,30,10.3,91.36,165,1.6,1012
2021,4,27,23,30,10.200000000000001,94.82000000000001,165,1.6,1011
2021,4,28,0,30,9.9,98.60000000000001,167,1.6,1010
2021,4,28,1,30,9.8,99.64,175,1.6,1010
2021,4,28,2,30,9.8,99.51,194,1.4000000000000001,1010
2021,4,28,3,30,9.9,99.51,236,1.1,1010
2021,4,28,4,30,9.9,100,279,1.1,1009
2021,4,28,5,30,11,94.60000000000001,303,1.5,1010
2021,4,28,6,30,12.8,88.92,322,1.5,1010
2021,4,28,7,30,15,81.01,338,1.2000000000000002,1010
2021,4,28,8,30,17.6,73.99,344,0.8,1010
2021,4,28,9,30,20.200000000000003,67.4,326,0.5,1010
2021,4,28,10,30,22.200000000000003,61.58,268,0.5,1009
2021,4,28,11,30,23.5,58.52,218,0.8,1009
2021,4,28,12,30,24.1,58.46,199,1.2000000000000002,1008
2021,4,28,13,30,23.700000000000003,61.26,184,1.5,1007
2021,4,28,14,30,22.400000000000002,68.87,183,1.8,1007
2021,4,28,15,30,21.1,79.12,193,1.8,1007
2021,4,28,16,30,20.200000000000003,85.83,208,1.6,1006
2021,4,28,17,30,19.3,91.01,226,1.6,1006
2021,4,28,18,30,18.6,94.12,241,1.6,1007
2021,4,28,19,30,18.2,96.32000000000001,251,1.7000000000000002,1007
2021,4,28,20,30,17.6,99.78,258,1.6,1007
2021,4,28,21,30,17.1,100,264,1.3,1007
2021,4,28,22,30,17.1,100,266,1,1007
2021,4,28,23,30,17.2,100,236,0.6000000000000001,1007
2021,4,29,0,30,16.900000000000002,100,182,0.5,1007
2021,4,29,1,30,16.7,100,166,0.6000000000000001,1006
2021,4,29,2,30,16.400000000000002,100,181,0.6000000000000001,1006
2021,4,29,3,30,16.1,100,196,0.6000000000000001,1006
2021,4,29,4,30,15.9,100,220,0.6000000000000001,1006
2021,4,29,5,30,16.3,97.94,238,0.8,1007
2021,4,29,6,30,17.2,95.65,241,0.9,1007
2021,4,29,7,30,18.2,92.28,229,1,1006
2021,4,29,8,30,19.3,88.07000000000001,212,1.1,1006
2021,4,29,9,30,20.5,81.86,210,1.3,1005
2021,4,29,10,30,21.8,72.76,218,1.7000000000000002,1005
2021,4,29,11,30,22.3,69.19,223,2,1004
2021,4,29,12,30,21.700000000000003,72.49,219,2,1003
2021,4,29,13,30,20.700000000000003,79.28,211,2,1002
2021,4,29,14,30,19.900000000000002,85.57000000000001,199,2.1,1001
2021,4,29,15,30,19.400000000000002,89.33,192,2.4000000000000004,1000
2021,4,29,16,30,18.8,93.33,193,2.7,999
2021,4,29,17,30,18.3,95.43,193,3.2,998
2021,4,29,18,30,17.900000000000002,96.96000000000001,192,3.5,997
2021,4,29,19,30,17.5,97.96000000000001,197,3.7,996
2021,4,29,20,30,17.5,96.64,206,3.7,995
2021,4,29,21,30,17.900000000000002,95.41,214,3.7,994
2021,4,29,22,30,18.400000000000002,95.68,224,3.9000000000000004,993
2021,4,29,23,30,18.2,97.55,241,4,993
2021,4,30,0,30,17,98.21000000000001,263,3.6,994
2021,4,30,1,30,15.5,96.55,281,3.3000000000000003,995
2021,4,30,2,30,14.200000000000001,93.47,291,3.4000000000000004,996
2021,4,30,3,30,13.4,89.76,292,3.3000000000000003,996
2021,4,30,4,30,13,87.8,285,3,997
2021,4,30,5,30,13.100000000000001,85.19,276,3.1,997
2021,4,30,6,30,13.8,79.69,275,3.7,997
2021,4,30,7,30,14.600000000000001,70.92,280,4.2,997
2021,4,30,8,30,15.5,63.61,281,4.3,997
2021,4,30,9,30,16.400000000000002,59.39,279,4.4,997
2021,4,30,10,30,17,56.84,276,4.6000000000000005,997
2021,4,30,11,30,17.400000000000002,55.32,275,4.5,997
2021,4,30,12,30,17.6,54.53,275,4.4,996
2021,4,30,13,30,17.5,54.11,278,4.3,996
2021,4,30,14,30,17,53.82,283,4.4,997
2021,4,30,15,30,16.2,53.93,288,4.3,997
2021,4,30,16,30,15,56.230000000000004,291,4.3,998
2021,4,30,17,30,13.3,60.32,294,4.3,999
2021,4,30,18,30,11.600000000000001,62.83,297,4.6000000000000005,1001
2021,4,30,19,30,10.200000000000001,63.47,298,4.7,1002
2021,4,30,20,30,9.1,63.84,296,4.800000000000001,1003
2021,4,30,21,30,8.1,65.95,296,4.9,1003
2021,4,30,22,30,7.2,69.19,298,5.1000000000000005,1004
2021,4,30,23,30,6.4,72.09,300,5.1000000000000005,1004
2021,5,1,0,30,5.800000000000001,74.09,302,5.1000000000000005,1005
2021,5,1,1,30,5.300000000000001,74.92,307,5.1000000000000005,1006
2021,5,1,2,30,4.800000000000001,74.88,312,5,1007
2021,5,1,3,30,4.3,74.91,315,4.9,1008
2021,5,1,4,30,4,74.51,316,4.800000000000001,1009
2021,5,1,5,30,4.4,72.04,318,4.7,1010
2021,5,1,6,30,5.6000000000000005,66.92,319,4.5,1011
2021,5,1,7,30,7.4,60.230000000000004,318,4.3,1011
2021,5,1,8,30,9.4,55.230000000000004,316,4,1011
2021,5,1,9,30,11.4,51.65,312,3.6,1011
2021,5,1,10,30,13.100000000000001,49.46,307,3.2,1011
2021,5,1,11,30,14.3,48.050000000000004,301,2.9000000000000004,1011
2021,5,1,12,30,15,46.43,298,2.7,1011
2021,5,1,13,30,15.4,44.59,298,2.5,1011
2021,5,1,14,30,15.600000000000001,43.480000000000004,297,2.2,1011
2021,5,1,15,30,15.5,44,293,1.8,1010
2021,5,1,16,30,14.9,46.94,280,1.5,1010
2021,5,1,17,30,13,62.38,262,1.2000000000000002,1010
2021,5,1,18,30,10.9,78.4,246,1.3,1010
2021,5,1,19,30,10.200000000000001,76.12,235,1.6,1010
2021,5,1,20,30,10.4,74.73,230,1.8,1010
2021,5,1,21,30,10.4,75.24,231,2.1,1010
2021,5,1,22,30,10.200000000000001,78.21000000000001,232,2.3000000000000003,1010
2021,5,1,23,30,9.9,81.15,228,2.6,1010
2021,5,2,0,30,9.600000000000001,83.42,223,2.9000000000000004,1009
2021,5,2,1,30,9.3,85.71000000000001,220,3,1008
2021,5,2,2,30,9.200000000000001,86.78,218,3.1,1008
2021,5,2,3,30,9.3,87.06,217,3.2,1007
2021,5,2,4,30,9.4,87.8,218,3.3000000000000003,1007
2021,5,2,5,30,10.4,83.60000000000001,221,3.3000000000000003,1007
2021,5,2,6,30,12.200000000000001,76.57000000000001,224,3.2,1007
2021,5,2,7,30,14.3,70.41,231,3.1,1007
2021,5,2,8,30,16.1,65.28,242,2.9000000000000004,1007
2021,5,2,9,30,17.400000000000002,63.940000000000005,249,2.7,1007
2021,5,2,10,30,18.3,64.79,253,2.4000000000000004,1007
2021,5,2,11,30,19.3,65,252,2.1,1006
2021,5,2,12,30,20.5,63.77,245,2,1006
2021,5,2,13,30,21.6,62.440000000000005,239,2.1,1006
2021,5,2,14,30,22.200000000000003,62.74,236,2.2,1005
2021,5,2,15,30,22.3,65.98,234,2.1,1005
2021,5,2,16,30,21.400000000000002,75.8,230,1.9000000000000001,1005
2021,5,2,17,30,19.900000000000002,85.71000000000001,226,2,1005
2021,5,2,18,30,18.5,89.04,224,2.2,1006
2021,5,2,19,30,17.5,91.3,222,2.4000000000000004,1006
2021,5,2,20,30,16.8,92.61,223,2.3000000000000003,1007
2021,5,2,21,30,16.2,94.04,228,2,1007
2021,5,2,22,30,15.4,97.29,235,1.5,1008
2021,5,2,23,30,14.8,99.9,247,1,1008
2021,5,3,0,30,14.5,100,147,0.6000000000000001,1008
2021,5,3,1,30,14,100,58,0.6000000000000001,1008
2021,5,3,2,30,13.600000000000001,100,78,0.9,1009
2021,5,3,3,30,13.200000000000001,100,76,1.2000000000000002,1009
2021,5,3,4,30,13,98.07000000000001,73,1.3,1009
2021,5,3,5,30,13.100000000000001,94.95,69,1.6,1010
2021,5,3,6,30,13.5,90.61,71,2.1,1010
2021,5,3,7,30,14.100000000000001,85.10000000000001,78,2.2,1011
2021,5,3,8,30,14.700000000000001,81.27,85,1.8,1011
2021,5,3,9,30,15.100000000000001,78.63,88,1.4000000000000001,1011
2021,5,3,10,30,15.4,77.45,84,1.2000000000000002,1011
2021,5,3,11,30,15.600000000000001,77.32000000000001,80,1.2000000000000002,1010
2021,5,3,12,30,15.9,77.69,83,1.4000000000000001,1010
2021,5,3,13,30,16.1,78.59,89,1.6,1009
2021,5,3,14,30,16,80.2,97,1.6,1008
2021,5,3,15,30,15.600000000000001,83.08,106,1.5,1008
2021,5,3,16,30,14.8,87.81,113,1.5,1008
2021,5,3,17,30,13.8,93.27,116,1.7000000000000002,1008
2021,5,3,18,30,13,96.67,116,1.9000000000000001,1008
2021,5,3,19,30,12.4,97.85000000000001,116,2.1,1008
2021,5,3,20,30,12.100000000000001,97.26,121,2.2,1007
2021,5,3,21,30,11.9,96.89,130,2.1,1006
2021,5,3,22,30,11.700000000000001,97.46000000000001,133,1.9000000000000001,1005
2021,5,3,23,30,11.700000000000001,97.12,132,1.6,1004
2021,5,4,0,30,11.600000000000001,97.43,137,1.3,1003
2021,5,4,1,30,11.600000000000001,97.52,162,0.9,1003
2021,5,4,2,30,11.5,98.01,223,0.6000000000000001,1003
2021,5,4,3,30,11.3,98.39,294,0.8,1003
2021,5,4,4,30,11.200000000000001,97.8,333,1.2000000000000002,1004
2021,5,4,5,30,11.5,95.07000000000001,350,1.6,1004
2021,5,4,6,30,12.3,91.41,178,1.7000000000000002,1005
2021,5,4,7,30,13.700000000000001,85.48,179,1.5,1005
2021,5,4,8,30,15.4,78.58,351,1.3,1006
2021,5,4,9,30,17.1,73.62,340,1.1,1006
2021,5,4,10,30,18.8,70.27,330,0.9,1006
2021,5,4,11,30,20.200000000000003,69.06,301,0.6000000000000001,1006
2021,5,4,12,30,21.200000000000003,68.98,236,0.5,1006
2021,5,4,13,30,21.5,70.58,176,0.7000000000000001,1006
2021,5,4,14,30,21.1,74.01,148,1.2000000000000002,1006
2021,5,4,15,30,19.900000000000002,81.13,135,1.9000000000000001,1006
2021,5,4,16,30,18.2,90.06,133,2.5,1006
2021,5,4,17,30,16.3,96.96000000000001,134,2.9000000000000004,1007
2021,5,4,18,30,14.600000000000001,99.35000000000001,132,3.1,1007
2021,5,4,19,30,13.4,98.58,129,3.1,1008
2021,5,4,20,30,12.600000000000001,97.43,130,3,1008
2021,5,4,21,30,12.100000000000001,96.5,129,2.8000000000000003,1008
2021,5,4,22,30,11.600000000000001,96.79,127,2.8000000000000003,1007
2021,5,4,23,30,11.3,96.73,127,2.9000000000000004,1007
2021,5,5,0,30,11.100000000000001,96.57000000000001,125,2.8000000000000003,1006
2021,5,5,1,30,11,96.28,119,2.6,1006
2021,5,5,2,30,10.9,96.32000000000001,113,2.3000000000000003,1005
2021,5,5,3,30,10.8,96.68,111,2.1,1005
2021,5,5,4,30,10.700000000000001,96.61,110,1.9000000000000001,1005
2021,5,5,5,30,11,94.24,106,1.6,1005
2021,5,5,6,30,11.8,90.49,91,1.2000000000000002,1005
2021,5,5,7,30,12.9,87.4,62,1,1005
2021,5,5,8,30,14.200000000000001,84.08,38,1,1005
2021,5,5,9,30,15.4,81.75,31,1,1004
2021,5,5,10,30,16.3,81.27,42,0.8,1004
2021,5,5,11,30,16.6,83.08,66,0.7000000000000001,1003
2021,5,5,12,30,16.8,84.34,86,0.6000000000000001,1002
2021,5,5,13,30,16.900000000000002,85.98,134,0.5,1002
2021,5,5,14,30,17,87.75,203,0.5,1002
2021,5,5,15,30,16.900000000000002,90.53,259,0.6000000000000001,1003
2021,5,5,16,30,16.3,93.28,300,0.9,1003
2021,5,5,17,30,15.200000000000001,93.96000000000001,311,1.5,1005
2021,5,5,18,30,14,91.26,315,2.2,1006
2021,5,5,19,30,12.8,88.58,319,2.8000000000000003,1007
2021,5,5,20,30,11.9,87.55,319,3,1008
2021,5,5,21,30,11.200000000000001,86.99,316,2.9000000000000004,1009
2021,5,5,22,30,10.600000000000001,87.17,313,2.8000000000000003,1009
2021,5,5,23,30,10,87.06,310,2.8000000000000003,1010
2021,5,6,0,30,9.5,86.84,307,2.9000000000000004,1010
2021,5,6,1,30,9.1,87.45,303,2.9000000000000004,1010
2021,5,6,2,30,8.8,88.19,300,2.9000000000000004,1010
2021,5,6,3,30,8.5,89.33,299,2.9000000000000004,1011
2021,5,6,4,30,8.4,89.26,299,2.9000000000000004,1012
2021,5,6,5,30,9.200000000000001,84.74,301,3,1012
2021,5,6,6,30,10.600000000000001,78.29,309,3.2,1013
2021,5,6,7,30,11.8,69.54,321,3.3000000000000003,1013
2021,5,6,8,30,12.8,60.78,327,3.2,1013
2021,5,6,9,30,13.8,54.08,326,2.9000000000000004,1013
2021,5,6,10,30,14.700000000000001,50.39,319,2.4000000000000004,1013
2021,5,6,11,30,15.600000000000001,47.83,311,2.1,1012
2021,5,6,12,30,16.3,46.17,306,1.8,1012
2021,5,6,13,30,16.6,45.67,302,1.6,1011
2021,5,6,14,30,16.5,46.38,299,1.5,1011
2021,5,6,15,30,16,48.75,295,1.3,1011
2021,5,6,16,30,15,54.47,293,1.1,1011
2021,5,6,17,30,13.600000000000001,65.04,295,1,1012
2021,5,6,18,30,12.200000000000001,74.8,306,1.1,1013
2021,5,6,19,30,11.200000000000001,78.93,321,1.3,1013
2021,5,6,20,30,10.600000000000001,81.33,334,1.5,1013
2021,5,6,21,30,10.100000000000001,83.33,345,1.6,1013
2021,5,6,22,30,9.8,83.42,355,1.7000000000000002,1013
2021,5,6,23,30,9.5,83.4,182,1.8,1013
2021,5,7,0,30,9.1,84.03,5,1.9000000000000001,1013
2021,5,7,1,30,8.6,85.05,6,2,1013
2021,5,7,2,30,8,86.53,6,2,1013
2021,5,7,3,30,7.300000000000001,88.61,9,2,1013
2021,5,7,4,30,7.2,87.56,17,2,1012
2021,5,7,5,30,8.200000000000001,82.91,27,2.1,1012
2021,5,7,6,30,10.200000000000001,74.98,42,2.2,1012
2021,5,7,7,30,12.4,65.53,59,2.1,1012
2021,5,7,8,30,14,59.21,69,1.7000000000000002,1012
2021,5,7,9,30,15.3,53.99,73,1.4000000000000001,1011
2021,5,7,10,30,16.1,51.02,79,1.3,1011
2021,5,7,11,30,16.5,50.35,92,1.5,1010
2021,5,7,12,30,16.3,52.14,108,1.8,1010
2021,5,7,13,30,15.600000000000001,56.02,123,2,1010
2021,5,7,14,30,14.9,60.93,136,2.2,1010
2021,5,7,15,30,14.3,65.65,144,2.2,1010
2021,5,7,16,30,13.600000000000001,70.64,144,2.2,1010
2021,5,7,17,30,12.5,79.27,137,2.1,1010
2021,5,7,18,30,11.4,88.04,129,2.2,1010
2021,5,7,19,30,10.700000000000001,91.07000000000001,120,2.3000000000000003,1010
2021,5,7,20,30,10.4,92.3,113,2.3000000000000003,1010
2021,5,7,21,30,10.100000000000001,93.29,111,2.2,1010
2021,5,7,22,30,9.8,93.73,111,2,1010
2021,5,7,23,30,9.5,93.94,109,1.7000000000000002,1010
2021,5,8,0,30,9.200000000000001,94.19,108,1.5,1009
2021,5,8,1,30,8.8,95.39,109,1.3,1009
2021,5,8,2,30,8.6,95.31,110,1.1,1009
2021,5,8,3,30,8.5,94.67,109,0.9,1009
2021,5,8,4,30,8.8,92.87,110,0.6000000000000001,1009
2021,5,8,5,30,9.3,91.86,121,0.5,1010
2021,5,8,6,30,10.100000000000001,89.31,140,0.6000000000000001,1010
2021,5,8,7,30,10.600000000000001,82.07000000000001,142,0.8,1010
2021,5,8,8,30,11.200000000000001,76.06,130,1.1,1010
2021,5,8,9,30,11.8,71.84,125,1.3,1010
2021,5,8,10,30,12.3,68.45,129,1.4000000000000001,1010
2021,5,8,11,30,12.5,66.99,136,1.6,1009
2021,5,8,12,30,12.4,67.24,144,1.8,1009
2021,5,8,13,30,12.100000000000001,68.81,154,1.8,1009
2021,5,8,14,30,11.700000000000001,71.41,169,1.6,1010
2021,5,8,15,30,11.200000000000001,75.43,198,1.3,1010
2021,5,8,16,30,10.9,79.48,241,1.2000000000000002,1011
2021,5,8,17,30,10.4,85.03,279,1.2000000000000002,1011
2021,5,8,18,30,9.5,92.19,299,1.3,1012
2021,5,8,19,30,8.8,93.44,310,1.6,1013
2021,5,8,20,30,8.3,94.98,312,1.7000000000000002,1014
2021,5,8,21,30,7.800000000000001,96.45,304,1.8,1014
2021,5,8,22,30,7.4,97.51,290,2,1014
2021,5,8,23,30,7.1000000000000005,97.82000000000001,284,2.3000000000000003,1014
2021,5,9,0,30,6.800000000000001,98.01,287,2.5,1015
2021,5,9,1,30,6.5,97.56,294,2.4000000000000004,1016
2021,5,9,2,30,6.300000000000001,96.51,295,2.2,1016
2021,5,9,3,30,6,97.56,290,2.1,1016
2021,5,9,4,30,6.1000000000000005,96.05,283,2.2,1017
2021,5,9,5,30,6.9,91.64,280,2.5,1018
2021,5,9,6,30,8.6,82.42,281,2.4000000000000004,1018
2021,5,9,7,30,10.700000000000001,70.87,278,2.1,1017
2021,5,9,8,30,12.600000000000001,61.04,264,1.9000000000000001,1017
2021,5,9,9,30,14,55.69,240,1.8,1016
2021,5,9,10,30,14.5,54.4,223,2.2,1016
2021,5,9,11,30,14.4,55.480000000000004,215,2.5,1015
2021,5,9,12,30,13.9,58.24,206,2.7,1014
2021,5,9,13,30,13,63.59,207,2.9000000000000004,1014
2021,5,9,14,30,12,70.78,213,2.8000000000000003,1014
2021,5,9,15,30,11.3,76.84,213,2.2,1014
2021,5,9,16,30,10.700000000000001,81.03,202,1.7000000000000002,1013
2021,5,9,17,30,10.200000000000001,84.95,174,1.4000000000000001,1013
2021,5,9,18,30,9.600000000000001,90.48,140,1.6,1012
2021,5,9,19,30,9.3,92.57000000000001,125,2.1,1012
2021,5,9,20,30,9.200000000000001,93.05,123,2.5,1011
2021,5,9,21,30,9.1,93.57000000000001,122,2.5,1009
2021,5,9,22,30,9.1,94.49,120,2.3000000000000003,1008
2021,5,9,23,30,9.3,94.97,124,1.8,1006
2021,5,10,0,30,9.5,95.64,139,1.3,1005
2021,5,10,1,30,9.700000000000001,96.16,183,0.8,1004
2021,5,10,2,30,9.700000000000001,97.7,254,0.8,1004
2021,5,10,3,30,9.5,98.85000000000001,307,1.4000000000000001,1005
2021,5,10,4,30,9,99.27,332,2.1,1006
2021,5,10,5,30,8.700000000000001,97.25,343,2.7,1008
2021,5,10,6,30,8.8,93.01,352,3.1,1009
2021,5,10,7,30,9.600000000000001,85.64,181,3.1,1009
2021,5,10,8,30,11.100000000000001,76.46000000000001,4,2.7,1010
2021,5,10,9,30,12.600000000000001,69.22,177,2,1011
2021,5,10,10,30,13.600000000000001,65.22,346,1.5,1011
2021,5,10,11,30,14.4,63.35,330,1.1,1011
2021,5,10,12,30,15,62.39,310,1,1011
2021,5,10,13,30,15.200000000000001,62.300000000000004,291,1,1011
2021,5,10,14,30,15.100000000000001,63.050000000000004,281,1.1,1011
2021,5,10,15,30,14.8,64.91,282,1.2000000000000002,1011
2021,5,10,16,30,14.4,67.38,284,1.1,1012
2021,5,10,17,30,13.4,73.36,288,1.1,1013
2021,5,10,18,30,11.600000000000001,86.3,295,1.1,1014
2021,5,10,19,30,10.4,89.03,301,1.3,1014
2021,5,10,20,30,9.8,88.98,302,1.4000000000000001,1015
2021,5,10,21,30,9.200000000000001,89.42,298,1.3,1015
2021,5,10,22,30,8.700000000000001,90.96000000000001,294,1.2000000000000002,1015
2021,5,10,23,30,8.3,92.73,296,1.4000000000000001,1015
2021,5,11,0,30,8.1,92.72,301,1.6,1015
2021,5,11,1,30,8.200000000000001,91.06,306,1.9000000000000001,1015
2021,5,11,2,30,8.200000000000001,90.04,310,2,1015
2021,5,11,3,30,8,89.52,313,2,1015
2021,5,11,4,30,7.9,88.57000000000001,316,2,1016
2021,5,11,5,30,8.700000000000001,83.11,314,2,1016
2021,5,11,6,30,10.5,73.55,311,2.1,1016
2021,5,11,7,30,12.3,63.15,308,2.1,1017
2021,5,11,8,30,13.5,56.25,299,2,1017
2021,5,11,9,30,14.5,52.96,285,1.9000000000000001,1017
2021,5,11,10,30,15.4,50.82,273,1.9000000000000001,1016
2021,5,11,11,30,16.1,49.99,262,2,1015
2021,5,11,12,30,16.5,49.980000000000004,251,2.2,1015
2021,5,11,13,30,16.5,51.21,245,2.4000000000000004,1014
2021,5,11,14,30,15.9,54.980000000000004,248,2.4000000000000004,1014
2021,5,11,15,30,15.200000000000001,59.980000000000004,259,2.3000000000000003,1014
2021,5,11,16,30,14.4,65.77,273,2.2,1015
2021,5,11,17,30,13.3,72.62,287,1.9000000000000001,1015
2021,5,11,18,30,12.100000000000001,79.85000000000001,299,1.8,1015
2021,5,11,19,30,11.200000000000001,82.51,310,1.9000000000000001,1016
2021,5,11,20,30,10.4,83.01,317,2.2,1017
2021,5,11,21,30,9.4,83.7,320,2.4000000000000004,1018
2021,5,11,22,30,8.5,83.63,320,2.4000000000000004,1018
2021,5,11,23,30,8,81.48,318,2.6,1018
2021,5,12,0,30,7.5,79.8,315,2.8000000000000003,1019
2021,5,12,1,30,6.800000000000001,80.68,310,2.7,1019
2021,5,12,2,30,6.300000000000001,80.83,304,2.7,1019
2021,5,12,3,30,5.800000000000001,81.26,298,2.6,1019
2021,5,12,4,30,5.800000000000001,80.42,290,2.7,1020
2021,5,12,5,30,6.7,77.04,287,2.9000000000000004,1020
2021,5,12,6,30,8.3,69.54,294,3.2,1020
2021,5,12,7,30,10.100000000000001,64.07000000000001,308,3.1,1020
2021,5,12,8,30,11.9,61.43,320,2.8000000000000003,1020
2021,5,12,9,30,13.600000000000001,58.31,323,2.5,1020
2021,5,12,10,30,15.100000000000001,55.75,322,2,1020
2021,5,12,11,30,16.2,54.13,323,1.7000000000000002,1019
2021,5,12,12,30,16.900000000000002,51.72,322,1.6,1019
2021,5,12,13,30,17.3,49.68,319,1.5,1019
2021,5,12,14,30,17.3,49.11,317,1.5,1019
2021,5,12,15,30,17,50.04,318,1.6,1019
2021,5,12,16,30,16.2,53.5,325,1.5,1019
2021,5,12,17,30,14.700000000000001,63.120000000000005,333,1.4000000000000001,1020
2021,5,12,18,30,12.600000000000001,77.03,339,1.5,1020
2021,5,12,19,30,11.200000000000001,81.8,344,1.7000000000000002,1021
2021,5,12,20,30,10.600000000000001,82.95,348,1.9000000000000001,1021
2021,5,12,21,30,10.100000000000001,83.31,351,2,1021
2021,5,12,22,30,9.700000000000001,83.26,353,2,1021
2021,5,12,23,30,9.200000000000001,84.51,353,2,1021
2021,5,13,0,30,8.6,86.62,352,2,1021
2021,5,13,1,30,8.1,88.18,350,2,1021
2021,5,13,2,30,7.5,90.09,348,2,1021
2021,5,13,3,30,6.9,91.76,344,2,1021
2021,5,13,4,30,6.9,89.72,339,2,1022
2021,5,13,5,30,8.1,82.85000000000001,336,1.9000000000000001,1022
2021,5,13,6,30,10.4,72.11,333,1.8,1022
2021,5,13,7,30,13.3,62.68,331,1.5,1022
2021,5,13,8,30,15.600000000000001,50.64,327,1.1,1022
2021,5,13,9,30,16.8,44.04,318,0.9,1022
2021,5,13,10,30,17.7,41.36,305,0.9,1022
2021,5,13,11,30,18.5,38.6,291,0.8,1021
2021,5,13,12,30,19,37.300000000000004,272,0.7000000000000001,1021
2021,5,13,13,30,19.200000000000003,36.95,242,0.6000000000000001,1021
2021,5,13,14,30,19.1,37.77,213,0.6000000000000001,1020
2021,5,13,15,30,18.7,40.03,197,0.8,1020
2021,5,13,16,30,18.1,44.6,193,1.1,1020
2021,5,13,17,30,16.7,52.18,195,1.5,1020
2021,5,13,18,30,14.700000000000001,67.42,198,1.9000000000000001,1021
2021,5,13,19,30,13.3,70.83,204,2.4000000000000004,1021
2021,5,13,20,30,12.3,77.27,210,2.6,1021
2021,5,13,21,30,11.5,82.65,217,2.5,1021
2021,5,13,22,30,10.9,86.3,225,2.2,1021
2021,5,13,23,30,10.3,89.55,233,1.9000000000000001,1021
2021,5,14,0,30,9.8,92.28,243,1.7000000000000002,1021
2021,5,14,1,30,9.4,94.47,256,1.5,1021
2021,5,14,2,30,8.9,96.2,272,1.3,1022
2021,5,14,3,30,8.6,96.35000000000001,292,1.2000000000000002,1022
2021,5,14,4,30,8.8,93.21000000000001,313,1.2000000000000002,1022
2021,5,14,5,30,10.100000000000001,85.42,331,1.3,1022
2021,5,14,6,30,12.3,75.12,340,1.3,1023
2021,5,14,7,30,15.100000000000001,66.8,347,1,1023
2021,5,14,8,30,17.7,54.6,355,0.9,1023
2021,5,14,9,30,19.400000000000002,46.01,357,0.8,1022
2021,5,14,10,30,20.700000000000003,40.45,338,0.5,1022
2021,5,14,11,30,21.5,37.14,264,0.30000000000000004,1022
2021,5,14,12,30,21.700000000000003,37.050000000000004,201,0.7000000000000001,1021
2021,5,14,13,30,21.400000000000002,39.4,197,1.1,1021
2021,5,14,14,30,20.900000000000002,42.47,198,1.5,1021
2021,5,14,15,30,20.400000000000002,45.76,200,1.7000000000000002,1020
2021,5,14,16,30,19.5,50.25,202,1.9000000000000001,1020
2021,5,14,17,30,17.5,61.96,204,2.1,1020
2021,5,14,18,30,15.4,77.75,207,2.3000000000000003,1021
2021,5,14,19,30,14.3,77.67,211,2.4000000000000004,1021
2021,5,14,20,30,13.700000000000001,79.15,216,2.4000000000000004,1021
2021,5,14,21,30,13.100000000000001,81.93,223,2.2,1021
2021,5,14,22,30,12.5,85.21000000000001,232,2,1021
2021,5,14,23,30,12,87.74,241,1.7000000000000002,1022
2021,5,15,0,30,11.5,89.91,250,1.6,1022
2021,5,15,1,30,11.200000000000001,91.58,258,1.4000000000000001,1022
2021,5,15,2,30,11,93.06,267,1.1,1022
2021,5,15,3,30,10.700000000000001,95.08,298,0.7000000000000001,1022
2021,5,15,4,30,11,93.4,197,0.5,1023
2021,5,15,5,30,12.600000000000001,87.5,75,0.7000000000000001,1023
2021,5,15,6,30,14.8,78.82000000000001,85,0.8,1023
2021,5,15,7,30,16.900000000000002,68.38,90,0.7000000000000001,1023
2021,5,15,8,30,18.7,57.08,92,0.7000000000000001,1023
2021,5,15,9,30,20,50.36,101,0.7000000000000001,1023
2021,5,15,10,30,20.900000000000002,47.12,126,0.6000000000000001,1023
2021,5,15,11,30,21.5,45.410000000000004,157,0.7000000000000001,1023
2021,5,15,12,30,21.700000000000003,45.32,178,1,1022
2021,5,15,13,30,21.5,46.81,188,1.4000000000000001,1022
2021,5,15,14,30,20.900000000000002,49.59,195,1.8,1022
2021,5,15,15,30,20.200000000000003,53.34,200,2.1,1021
2021,5,15,16,30,19.1,60.06,204,2.3000000000000003,1022
2021,5,15,17,30,17.5,72.58,205,2.2,1022
2021,5,15,18,30,15.8,82.84,207,2.1,1022
2021,5,15,19,30,14.700000000000001,84.2,210,2,1022
2021,5,15,20,30,14.100000000000001,85.17,217,1.9000000000000001,1022
2021,5,15,21,30,13.600000000000001,86.48,226,1.9000000000000001,1022
2021,5,15,22,30,13.4,86.53,236,1.9000000000000001,1022
2021,5,15,23,30,13.200000000000001,87.60000000000001,246,1.9000000000000001,1022
2021,5,16,0,30,12.9,90.21000000000001,258,2,1023
2021,5,16,1,30,12.600000000000001,92.75,273,1.9000000000000001,1023
2021,5,16,2,30,12.4,94.69,291,1.8,1024
2021,5,16,3,30,12.4,94.72,308,1.6,1024
2021,5,16,4,30,12.700000000000001,91.5,326,1.3,1024
2021,5,16,5,30,13.5,87.12,346,1,1024
2021,5,16,6,30,14.8,83.93,188,0.8,1024
2021,5,16,7,30,16.8,70.05,57,0.5,1024
2021,5,16,8,30,18.8,56.6,144,0.4,1024
2021,5,16,9,30,19.6,49.74,195,0.7000000000000001,1024
2021,5,16,10,30,19.8,49.07,198,0.9,1024
2021,5,16,11,30,19.700000000000003,50.26,202,1.3,1023
2021,5,16,12,30,19.400000000000002,52.42,209,1.6,1023
2021,5,16,13,30,19.1,54.94,215,1.8,1023
2021,5,16,14,30,18.6,59.33,219,1.8,1022
2021,5,16,15,30,18,66.24,220,1.7000000000000002,1022
2021,5,16,16,30,17.3,74.49,219,1.5,1022
2021,5,16,17,30,16.2,85.63,219,1.3,1022
2021,5,16,18,30,15.4,87.58,219,1.2000000000000002,1023
2021,5,16,19,30,15.100000000000001,84.55,221,1.1,1023
2021,5,16,20,30,15,82.98,225,1,1023
2021,5,16,21,30,14.700000000000001,82.59,231,0.9,1023
2021,5,16,22,30,14.4,82.74,240,0.9,1023
2021,5,16,23,30,13.700000000000001,85.84,254,0.9,1023
2021,5,17,0,30,12.700000000000001,91.21000000000001,271,1,1023
2021,5,17,1,30,11.8,96.4,289,1,1023
2021,5,17,2,30,11.3,99.82000000000001,310,1,1024
2021,5,17,3,30,11,100,330,1.2000000000000002,1024
2021,5,17,4,30,11.3,96.97,344,1.3,1024
2021,5,17,5,30,12.8,88.77,353,1.3,1024
2021,5,17,6,30,14.8,80.32000000000001,182,1,1024
2021,5,17,7,30,17.3,71.10000000000001,10,0.7000000000000001,1024
2021,5,17,8,30,19.5,58.21,20,0.5,1024
2021,5,17,9,30,20.8,51.44,102,0.30000000000000004,1024
2021,5,17,10,30,21.5,49.69,184,0.5,1024
2021,5,17,11,30,21.700000000000003,50.300000000000004,189,0.9,1024
2021,5,17,12,30,21.6,51.68,191,1.2000000000000002,1024
2021,5,17,13,30,21.200000000000003,53.89,194,1.4000000000000001,1023
2021,5,17,14,30,20.900000000000002,56.17,198,1.6,1023
2021,5,17,15,30,20.5,59.230000000000004,202,1.7000000000000002,1023
2021,5,17,16,30,19.8,64.46000000000001,205,1.8,1023
2021,5,17,17,30,18.3,75.35000000000001,208,1.7000000000000002,1023
2021,5,17,18,30,16.6,86.60000000000001,214,1.7000000000000002,1024
2021,5,17,19,30,15.5,87.35000000000001,220,1.7000000000000002,1024
2021,5,17,20,30,14.9,88.12,226,1.7000000000000002,1024
2021,5,17,21,30,14.3,89.28,233,1.8,1024
2021,5,17,22,30,13.700000000000001,90.57000000000001,241,1.8,1024
2021,5,17,23,30,13.100000000000001,92.10000000000001,248,1.9000000000000001,1024
2021,5,18,0,30,12.600000000000001,93.31,253,2,1024
2021,5,18,1,30,12.100000000000001,95.19,257,2,1025
2021,5,18,2,30,11.8,96.41,260,2,1025
2021,5,18,3,30,11.600000000000001,97.13,262,2,1025
2021,5,18,4,30,12,93.65,260,2,1025
2021,5,18,5,30,13.100000000000001,87.65,258,2,1025
2021,5,18,6,30,14.9,79.22,256,2,1026
2021,5,18,7,30,17.5,71.10000000000001,257,1.8,1026
2021,5,18,8,30,19.900000000000002,63.18,262,1.8,1026
2021,5,18,9,30,21.5,56.1,262,1.8,1026
2021,5,18,10,30,22.400000000000002,52.97,253,1.9000000000000001,1025
2021,5,18,11,30,23,51.26,243,2.1,1025
2021,5,18,12,30,23.200000000000003,50.71,237,2.2,1024
2021,5,18,13,30,23.3,50.910000000000004,235,2.4000000000000004,1023
2021,5,18,14,30,23.200000000000003,52.120000000000005,233,2.4000000000000004,1023
2021,5,18,15,30,22.900000000000002,54.5,229,2.4000000000000004,1022
2021,5,18,16,30,22.1,60.78,227,2.5,1022
2021,5,18,17,30,20.400000000000002,73.12,227,2.5,1022
2021,5,18,18,30,18.8,81.61,229,2.6,1022
2021,5,18,19,30,17.900000000000002,83.11,232,2.6,1023
2021,5,18,20,30,17.3,84.3,235,2.7,1023
2021,5,18,21,30,16.6,86.35000000000001,240,2.6,1023
2021,5,18,22,30,16.1,88.46000000000001,247,2.5,1023
2021,5,18,23,30,15.8,90.33,257,2.3000000000000003,1023
2021,5,19,0,30,15.5,92.10000000000001,269,2.1,1023
2021,5,19,1,30,15.100000000000001,93.67,282,1.9000000000000001,1023
2021,5,19,2,30,14.700000000000001,94.7,292,1.7000000000000002,1023
2021,5,19,3,30,14.4,95.22,297,1.6,1023
2021,5,19,4,30,14.700000000000001,92.33,301,1.5,1024
2021,5,19,5,30,15.8,86.47,304,1.5,1024
2021,5,19,6,30,17.7,77.75,310,1.5,1025
2021,5,19,7,30,20.1,69.58,318,1.4000000000000001,1025
2021,5,19,8,30,22.3,60.43,334,1.5,1025
2021,5,19,9,30,23.700000000000003,52.9,349,1.5,1025
2021,5,19,10,30,24.8,49.14,354,1.4000000000000001,1025
2021,5,19,11,30,25.8,46.82,355,1.2000000000000002,1024
2021,5,19,12,30,26.6,45.24,178,1,1024
2021,5,19,13,30,27.1,44.51,12,0.7000000000000001,1024
2021,5,19,14,30,27.400000000000002,44.730000000000004,52,0.5,1023
2021,5,19,15,30,27.700000000000003,45.22,107,0.5,1023
2021,5,19,16,30,27.1,48.22,136,0.6000000000000001,1023
2021,5,19,17,30,24.6,54.1,144,1,1024
2021,5,19,18,30,21.400000000000002,74.43,150,1.8,1024
2021,5,19,19,30,18.7,79.81,151,2.6,1024
2021,5,19,20,30,16.900000000000002,84.87,149,2.6,1025
2021,5,19,21,30,15.700000000000001,88.63,144,2.3000000000000003,1025
2021,5,19,22,30,14.9,91.82000000000001,137,1.9000000000000001,1025
2021,5,19,23,30,14.4,94.5,131,1.8,1026
2021,5,20,0,30,14,95.92,127,1.7000000000000002,1026
2021,5,20,1,30,13.700000000000001,96.11,127,1.7000000000000002,1027
2021,5,20,2,30,13.600000000000001,94.83,128,1.6,1027
2021,5,20,3,30,13.5,94.62,125,1.5,1028
2021,5,20,4,30,13.9,92.05,122,1.5,1029
2021,5,20,5,30,14.8,88.71000000000001,119,1.6,1029
2021,5,20,6,30,16.2,82.07000000000001,119,1.5,1029
2021,5,20,7,30,17.8,69.86,123,1.5,1030
2021,5,20,8,30,19.200000000000003,60,125,1.6,1030
2021,5,20,9,30,20.3,55.84,127,1.6,1030
2021,5,20,10,30,21.1,54.53,131,1.6,1030
2021,5,20,11,30,21.6,54.14,134,1.7000000000000002,1030
2021,5,20,12,30,21.900000000000002,53.85,138,1.8,1030
2021,5,20,13,30,21.8,54.21,141,1.8,1030
2021,5,20,14,30,21.400000000000002,55.120000000000005,144,1.9000000000000001,1030
2021,5,20,15,30,20.700000000000003,56.78,146,1.9000000000000001,1030
2021,5,20,16,30,19.400000000000002,60.89,146,1.8,1030
2021,5,20,17,30,17.8,67.29,147,1.7000000000000002,1030
2021,5,20,18,30,16,75.82000000000001,148,1.6,1030
2021,5,20,19,30,14.600000000000001,81.65,151,1.5,1031
2021,5,20,20,30,13.8,85.45,157,1.4000000000000001,1031
2021,5,20,21,30,13.200000000000001,88.51,167,1.3,1031
2021,5,20,22,30,13,89.60000000000001,176,1.2000000000000002,1031
2021,5,20,23,30,12.8,91.8,181,1.1,1031
2021,5,21,0,30,12.600000000000001,93.72,183,1.1,1031
2021,5,21,1,30,12.4,95.3,188,1,1031
2021,5,21,2,30,12.200000000000001,96.73,203,0.9,1031
2021,5,21,3,30,12.200000000000001,96.63,221,0.8,1032
2021,5,21,4,30,12.700000000000001,93.54,233,0.8,1032
2021,5,21,5,30,14,88.4,232,0.7000000000000001,1032
2021,5,21,6,30,15.9,78.64,224,0.8,1032
2021,5,21,7,30,17.8,65.94,216,0.9,1032
2021,5,21,8,30,19.3,57.410000000000004,208,1.1,1032
2021,5,21,9,30,20.5,53.88,201,1.4000000000000001,1031
2021,5,21,10,30,21.6,52.730000000000004,197,1.6,1031
2021,5,21,11,30,22.5,52.85,196,1.9000000000000001,1030
2021,5,21,12,30,23,54.24,195,2.1,1030
2021,5,21,13,30,23.1,56.83,193,2.2,1029
2021,5,21,14,30,22.8,60.57,192,2.3000000000000003,1029
2021,5,21,15,30,22.1,65.59,192,2.3000000000000003,1028
2021,5,21,16,30,21.200000000000003,71.34,192,2.3000000000000003,1028
2021,5,21,17,30,20,79.79,191,2.3000000000000003,1028
2021,5,21,18,30,18.7,86.65,192,2.3000000000000003,1027
2021,5,21,19,30,18,88.35000000000001,197,2.4000000000000004,1027
2021,5,21,20,30,17.6,90.38,205,2.5,1027
2021,5,21,21,30,17.400000000000002,91.98,213,2.4000000000000004,1027
2021,5,21,22,30,17.2,93.96000000000001,220,2.3000000000000003,1026
2021,5,21,23,30,17.1,95.53,224,2,1026
2021,5,22,0,30,17.2,95.7,230,1.8,1025
2021,5,22,1,30,17.400000000000002,95.87,241,1.5,1025
2021,5,22,2,30,17.6,96.51,255,1.3,1024
2021,5,22,3,30,17.8,97.36,272,1.1,1024
2021,5,22,4,30,18.2,96.28,291,1,1024
2021,5,22,5,30,19,93.35000000000001,304,1,1024
2021,5,22,6,30,20.200000000000003,89.06,297,1.1,1023
2021,5,22,7,30,21.6,82.27,276,1.2000000000000002,1022
2021,5,22,8,30,23.200000000000003,75.27,265,1.3,1022
2021,5,22,9,30,24.5,71.01,269,1.4000000000000001,1021
2021,5,22,10,30,25.6,65.85,280,1.4000000000000001,1020
2021,5,22,11,30,26.3,61.46,291,1.4000000000000001,1020
2021,5,22,12,30,26.8,58.26,295,1.4000000000000001,1019
2021,5,22,13,30,27.1,56.24,291,1.5,1018
2021,5,22,14,30,26.900000000000002,57.99,285,1.5,1017
2021,5,22,15,30,26.1,63.72,280,1.6,1017
2021,5,22,16,30,25,72.42,280,1.6,1016
2021,5,22,17,30,23.8,79.99,286,1.6,1016
2021,5,22,18,30,22.8,84.39,298,1.7000000000000002,1016
2021,5,22,19,30,21.900000000000002,88.36,311,1.8,1016
2021,5,22,20,30,21.3,90.49,316,1.7000000000000002,1016
2021,5,22,21,30,20.8,91.62,313,1.5,1016
2021,5,22,22,30,20.5,91.72,308,1.4000000000000001,1015
2021,5,22,23,30,20.1,92.71000000000001,305,1.4000000000000001,1015
2021,5,23,0,30,19.6,94.27,305,1.5,1015
2021,5,23,1,30,19.1,95.44,306,1.5,1014
2021,5,23,2,30,18.7,95.55,308,1.6,1014
2021,5,23,3,30,18.400000000000002,94.67,308,1.6,1014
2021,5,23,4,30,18.6,91.18,306,1.7000000000000002,1014
2021,5,23,5,30,19.5,86.44,301,1.8,1014
2021,5,23,6,30,21.1,79.49,295,1.8,1014
2021,5,23,7,30,22.8,73.91,292,1.8,1013
2021,5,23,8,30,24.3,70.27,289,1.9000000000000001,1012
2021,5,23,9,30,25.5,66.93,287,1.9000000000000001,1012
2021,5,23,10,30,26.400000000000002,63.76,288,2,1011
2021,5,23,11,30,27.1,61.61,290,2,1011
2021,5,23,12,30,27.700000000000003,59.93,293,2.1,1010
2021,5,23,13,30,27.900000000000002,59.75,296,2.1,1010
2021,5,23,14,30,27.8,60.67,300,2.2,1009
2021,5,23,15,30,27.400000000000002,63.25,304,2.1,1009
2021,5,23,16,30,26.700000000000003,68.05,309,2.1,1009
2021,5,23,17,30,25.5,74.99,319,2.1,1010
2021,5,23,18,30,23.900000000000002,82.24,340,2.3000000000000003,1012
2021,5,23,19,30,22.400000000000002,85.26,183,2.9000000000000004,1014
2021,5,23,20,30,20.900000000000002,84.55,20,3.4000000000000004,1015
2021,5,23,21,30,19.400000000000002,82.73,27,3,1016
2021,5,23,22,30,18.3,82.01,31,2.4000000000000004,1017
2021,5,23,23,30,17.400000000000002,83.37,34,2.2,1018
2021,5,24,0,30,16.6,84.57000000000001,39,2.1,1018
2021,5,24,1,30,15.9,85.49,44,2.1,1019
2021,5,24,2,30,15.3,86.38,50,2,1020
2021,5,24,3,30,14.8,87.17,56,2,1020
2021,5,24,4,30,14.700000000000001,86.67,64,2,1021
2021,5,24,5,30,15.3,82.98,80,2.4000000000000004,1022
2021,5,24,6,30,16.1,74.94,101,2.9000000000000004,1023
2021,5,24,7,30,16.8,69.02,114,3.1,1024
2021,5,24,8,30,16.900000000000002,67.42,119,3,1024
2021,5,24,9,30,16.7,66.96000000000001,120,2.8000000000000003,1025
2021,5,24,10,30,16.6,66.32000000000001,121,2.7,1025
2021,5,24,11,30,16.5,65.9,124,2.6,1025
2021,5,24,12,30,16.7,64.22,127,2.5,1024
2021,5,24,13,30,16.8,63.300000000000004,130,2.5,1024
2021,5,24,14,30,16.900000000000002,62.46,133,2.4000000000000004,1024
2021,5,24,15,30,16.8,62.42,137,2.4000000000000004,1024
2021,5,24,16,30,16.3,63.74,143,2.4000000000000004,1024
2021,5,24,17,30,15.5,66.76,147,2.3000000000000003,1024
2021,5,24,18,30,14.600000000000001,71.31,150,2.3000000000000003,1024
2021,5,24,19,30,13.9,74.9,154,2.3000000000000003,1024
2021,5,24,20,30,13.600000000000001,75.91,159,2.3000000000000003,1025
2021,5,24,21,30,13.4,76.9,164,2.1,1025
2021,5,24,22,30,13.200000000000001,78.34,171,2,1025
2021,5,24,23,30,13.100000000000001,79.67,180,1.9000000000000001,1024
2021,5,25,0,30,13,81.26,190,1.8,1024
2021,5,25,1,30,13,82.77,198,1.7000000000000002,1024
2021,5,25,2,30,13,83.72,207,1.7000000000000002,1024
2021,5,25,3,30,12.8,86.02,214,1.6,1024
2021,5,25,4,30,13.100000000000001,85.17,216,1.7000000000000002,1024
2021,5,25,5,30,14.200000000000001,80.86,214,1.8,1024
2021,5,25,6,30,15.600000000000001,72.57000000000001,210,2.1,1024
2021,5,25,7,30,17,66.71000000000001,207,2.1,1024
2021,5,25,8,30,18.2,65.05,202,2.3000000000000003,1023
2021,5,25,9,30,19.3,64.36,198,2.5,1023
2021,5,25,10,30,20.1,64.31,195,2.8000000000000003,1023
2021,5,25,11,30,20.900000000000002,63.97,194,3,1022
2021,5,25,12,30,21.400000000000002,64.48,193,3.1,1021
2021,5,25,13,30,21.6,65.91,193,3.2,1021
2021,5,25,14,30,21.400000000000002,68.38,193,3.3000000000000003,1020
2021,5,25,15,30,21.1,70.94,194,3.3000000000000003,1020
2021,5,25,16,30,20.700000000000003,73.7,195,3.3000000000000003,1019
2021,5,25,17,30,20,78.18,196,3.2,1019
2021,5,25,18,30,18.900000000000002,84.7,198,3.1,1019
2021,5,25,19,30,18.1,88.38,202,3.1,1019
2021,5,25,20,30,17.6,90.33,206,3,1019
2021,5,25,21,30,17.3,91.5,211,2.9000000000000004,1019
2021,5,25,22,30,17,93.41,216,2.7,1019
2021,5,25,23,30,16.900000000000002,95.01,220,2.5,1019
2021,5,26,0,30,16.900000000000002,96.06,223,2.4000000000000004,1018
2021,5,26,1,30,17,96.73,226,2.3000000000000003,1018
2021,5,26,2,30,17.1,96.96000000000001,229,2.4000000000000004,1018
2021,5,26,3,30,17.2,96.96000000000001,230,2.3000000000000003,1018
2021,5,26,4,30,17.3,96.56,229,2.2,1018
2021,5,26,5,30,17.900000000000002,92.73,223,2.1,1017
2021,5,26,6,30,19.200000000000003,87.02,220,2.2,1017
2021,5,26,7,30,20.900000000000002,82.19,221,2.2,1017
2021,5,26,8,30,22.6,77.77,223,2.2,1016
2021,5,26,9,30,24.200000000000003,72.51,221,2.2,1015
2021,5,26,10,30,25.5,67.95,216,2.4000000000000004,1015
2021,5,26,11,30,26.3,65.8,210,2.6,1014
2021,5,26,12,30,26.700000000000003,65.59,205,2.9000000000000004,1013
2021,5,26,13,30,26.6,67.38,202,3.2,1012
2021,5,26,14,30,26.3,69.96000000000001,200,3.4000000000000004,1011
2021,5,26,15,30,25.8,73.43,200,3.5,1011
2021,5,26,16,30,24.900000000000002,79.32000000000001,200,3.3000000000000003,1011
2021,5,26,17,30,23.700000000000003,87.39,199,3.1,1011
2021,5,26,18,30,22.400000000000002,94.96000000000001,201,3,1011
2021,5,26,19,30,21.5,98.64,205,2.9000000000000004,1011
2021,5,26,20,30,21.1,99.07000000000001,214,2.9000000000000004,1011
2021,5,26,21,30,20.900000000000002,98.52,224,2.7,1011
2021,5,26,22,30,20.6,99.65,229,2.3000000000000003,1011
2021,5,26,23,30,20.3,100,233,1.9000000000000001,1011
2021,5,27,0,30,20,100,242,1.7000000000000002,1010
2021,5,27,1,30,19.6,100,252,1.6,1010
2021,5,27,2,30,19.200000000000003,100,262,1.5,1011
2021,5,27,3,30,18.900000000000002,100,274,1.3,1011
2021,5,27,4,30,18.900000000000002,98.74000000000001,290,1.4000000000000001,1012
2021,5,27,5,30,19.400000000000002,96.54,306,1.6,1013
2021,5,27,6,30,20.3,91.58,323,1.8,1013
2021,5,27,7,30,21.3,78.96000000000001,333,1.9000000000000001,1013
2021,5,27,8,30,22.3,67.93,330,1.9000000000000001,1013
2021,5,27,9,30,23.1,62.59,318,1.9000000000000001,1014
2021,5,27,10,30,23.700000000000003,59,307,1.9000000000000001,1014
2021,5,27,11,30,24.200000000000003,55.79,300,1.9000000000000001,1013
2021,5,27,12,30,24.700000000000003,52.730000000000004,293,1.7000000000000002,1013
2021,5,27,13,30,24.900000000000002,50.93,287,1.6,1012
2021,5,27,14,30,24.8,50.65,285,1.6,1012
2021,5,27,15,30,24.400000000000002,51.68,290,1.5,1012
2021,5,27,16,30,23.6,54.15,302,1.5,1012
2021,5,27,17,30,22,61.410000000000004,319,1.3,1012
2021,5,27,18,30,20.200000000000003,71.93,336,1.4000000000000001,1013
2021,5,27,19,30,18.8,75.51,349,1.8,1014
2021,5,27,20,30,17.900000000000002,76.61,178,2.2,1015
2021,5,27,21,30,16.8,78.88,5,2.5,1015
2021,5,27,22,30,15.8,81.09,9,2.5,1016
2021,5,27,23,30,14.9,82.35000000000001,13,2.5,1016
2021,5,28,0,30,14.200000000000001,82.16,15,2.4000000000000004,1016
2021,5,28,1,30,13.5,83.23,17,2.2,1016
2021,5,28,2,30,12.9,84.94,24,2.1,1016
2021,5,28,3,30,12.600000000000001,85.93,36,2.3000000000000003,1016
2021,5,28,4,30,12.9,84.32000000000001,45,2.7,1017
2021,5,28,5,30,13.9,79.16,55,3.3000000000000003,1017
2021,5,28,6,30,15.200000000000001,67.26,66,3.7,1017
2021,5,28,7,30,16.2,57.77,70,3.6,1017
2021,5,28,8,30,16.900000000000002,54.44,72,3.6,1017
2021,5,28,9,30,17.3,53.7,74,3.5,1017
2021,5,28,10,30,17.5,54.29,79,3.5,1016
2021,5,28,11,30,17.5,55.95,82,3.7,1015
2021,5,28,12,30,17.400000000000002,58.11,85,3.8000000000000003,1015
2021,5,28,13,30,17.1,60.910000000000004,88,4,1014
2021,5,28,14,30,16.400000000000002,64.95,88,4.2,1013
2021,5,28,15,30,15.3,70.93,87,4.2,1013
2021,5,28,16,30,13.9,79.12,84,4.2,1013
2021,5,28,17,30,12.8,86.2,79,4.3,1013
2021,5,28,18,30,12.100000000000001,90.75,73,4.4,1013
2021,5,28,19,30,11.700000000000001,93.08,69,4.7,1012
2021,5,28,20,30,11.3,94.38,65,5,1011
2021,5,28,21,30,11.100000000000001,94.32000000000001,63,5.4,1010
2021,5,28,22,30,10.9,94.3,64,5.6000000000000005,1009
2021,5,28,23,30,10.700000000000001,94.45,60,5.4,1009
2021,5,29,0,30,10.3,95.33,47,5.2,1009
2021,5,29,1,30,9.700000000000001,95.88,33,5.5,1010
2021,5,29,2,30,8.9,94.96000000000001,29,5.9,1010
2021,5,29,3,30,8.4,91.97,32,5.7,1010
2021,5,29,4,30,8.200000000000001,90.58,35,5.2,1011
2021,5,29,5,30,8.3,89.62,36,4.9,1012
2021,5,29,6,30,8.700000000000001,87.62,38,4.800000000000001,1012
2021,5,29,7,30,9.3,84.97,40,4.9,1013
2021,5,29,8,30,10,81.7,42,4.9,1013
2021,5,29,9,30,10.5,79.68,43,4.9,1014
2021,5,29,10,30,10.8,78.68,42,4.800000000000001,1014
2021,5,29,11,30,10.9,79.33,42,4.7,1015
2021,5,29,12,30,10.9,80.7,41,4.5,1015
2021,5,29,13,30,10.8,82.18,38,4.5,1016
2021,5,29,14,30,10.700000000000001,82.99,38,4.7,1016
2021,5,29,15,30,10.5,84.04,39,4.7,1017
2021,5,29,16,30,10.3,85.43,39,4.6000000000000005,1017
2021,5,29,17,30,10,87.8,38,4.6000000000000005,1018
2021,5,29,18,30,9.700000000000001,89.69,38,4.4,1019
2021,5,29,19,30,9.4,91.12,37,4.3,1019
2021,5,29,20,30,9.3,91.46000000000001,39,4.3,1020
2021,5,29,21,30,9.200000000000001,91.64,41,4.3,1019
2021,5,29,22,30,9.1,92.06,41,4.1000000000000005,1019
2021,5,29,23,30,9.1,92.19,40,4,1019
2021,5,30,0,30,9.1,92.36,40,4,1019
2021,5,30,1,30,9.1,92.25,41,4.1000000000000005,1019
2021,5,30,2,30,9,92.77,41,4.1000000000000005,1019
2021,5,30,3,30,9,92.86,42,4.1000000000000005,1019
2021,5,30,4,30,9,93.36,42,4.1000000000000005,1020
2021,5,30,5,30,9.3,92.15,42,4.2,1020
2021,5,30,6,30,9.700000000000001,91.21000000000001,41,4.3,1020
2021,5,30,7,30,10.200000000000001,89.48,42,4.5,1020
2021,5,30,8,30,10.700000000000001,87.61,41,4.6000000000000005,1019
2021,5,30,9,30,11.200000000000001,86.21000000000001,40,4.5,1019
2021,5,30,10,30,11.700000000000001,84.83,39,4.5,1019
2021,5,30,11,30,12,84.60000000000001,38,4.3,1019
2021,5,30,12,30,12.100000000000001,85.23,35,4,1019
2021,5,30,13,30,12.100000000000001,86.26,33,4,1019
2021,5,30,14,30,12.100000000000001,86.82000000000001,31,4,1018
2021,5,30,15,30,11.9,88.31,27,3.9000000000000004,1018
2021,5,30,16,30,11.700000000000001,89.98,20,3.8000000000000003,1018
2021,5,30,17,30,11.3,92.72,13,3.7,1018
2021,5,30,18,30,10.9,94.67,8,3.6,1019
2021,5,30,19,30,10.600000000000001,95.08,7,3.6,1019
2021,5,30,20,30,10.3,95.39,7,3.4000000000000004,1019
2021,5,30,21,30,10,95.67,6,3.3000000000000003,1019
2021,5,30,22,30,9.8,95.5,182,3.1,1019
2021,5,30,23,30,9.600000000000001,95.53,355,2.9000000000000004,1020
2021,5,31,0,30,9.5,95.06,347,2.7,1020
2021,5,31,1,30,9.4,94.87,338,2.6,1020
2021,5,31,2,30,9.200000000000001,95.27,333,2.4000000000000004,1020
2021,5,31,3,30,9.1,94.95,329,2.3000000000000003,1020
2021,5,31,4,30,9.4,92.58,325,2.3000000000000003,1021
2021,5,31,5,30,10,90.06,321,2.4000000000000004,1021
2021,5,31,6,30,10.9,86.12,321,2.5,1022
2021,5,31,7,30,12.100000000000001,79.41,321,2.5,1022
2021,5,31,8,30,13.3,73,317,2.4000000000000004,1022
2021,5,31,9,30,14.3,68.91,308,2.3000000000000003,1022
2021,5,31,10,30,15.3,65.84,301,2.4000000000000004,1022
2021,5,31,11,30,16.3,63.58,299,2.3000000000000003,1021
2021,5,31,12,30,17.2,62.620000000000005,302,2.1,1021
2021,5,31,13,30,18,62.24,308,1.9000000000000001,1021
2021,5,31,14,30,18.5,62.190000000000005,313,1.6,1021
2021,5,31,15,30,18.8,62.21,313,1.4000000000000001,1021
2021,5,31,16,30,18.8,63.31,303,1,1021
2021,5,31,17,30,18.3,69.48,278,0.8,1021
2021,5,31,18,30,17,79.75,244,0.9,1022
2021,5,31,19,30,15.700000000000001,75.2,220,1.2000000000000002,1022
2021,5,31,20,30,14.700000000000001,79.13,212,1.4000000000000001,1022
2021,5,31,21,30,13.8,83.51,210,1.5,1022
2021,5,31,22,30,13.200000000000001,87.03,214,1.7000000000000002,1022
2021,5,31,23,30,12.700000000000001,89.82000000000001,221,1.8,1022
2021,6,1,0,30,12.200000000000001,91.22,228,1.8,1023
2021,6,1,1,30,11.9,91.45,235,1.8,1023
2021,6,1,2,30,11.600000000000001,92.78,241,1.7000000000000002,1023
2021,6,1,3,30,11.5,92.15,247,1.6,1024
2021,6,1,4,30,12,88.51,250,1.4000000000000001,1024
2021,6,1,5,30,13.200000000000001,86.4,254,1.2000000000000002,1024
2021,6,1,6,30,14.3,81.3,255,1,1024
2021,6,1,7,30,15.5,74.87,246,0.8,1024
2021,6,1,8,30,17.2,70.59,235,0.8,1024
2021,6,1,9,30,18.900000000000002,62.84,232,1.1,1023
2021,6,1,10,30,20.3,57.79,236,1.3,1023
2021,6,1,11,30,21.200000000000003,55.57,236,1.4000000000000001,1023
2021,6,1,12,30,21.6,55.410000000000004,230,1.4000000000000001,1023
2021,6,1,13,30,21.5,57.42,220,1.5,1022
2021,6,1,14,30,21.3,60.44,213,1.6,1022
2021,6,1,15,30,21,63.32,209,1.7000000000000002,1022
2021,6,1,16,30,20.3,69.32000000000001,206,1.9000000000000001,1022
2021,6,1,17,30,18.900000000000002,81.15,204,2,1022
2021,6,1,18,30,17.3,90.43,204,2.3000000000000003,1022
2021,6,1,19,30,16.3,90.16,203,2.5,1022
2021,6,1,20,30,15.9,90.93,202,2.6,1022
2021,6,1,21,30,15.3,92.91,203,2.5,1022
2021,6,1,22,30,14.600000000000001,95.4,208,2.2,1022
2021,6,1,23,30,14.100000000000001,97.22,214,1.9000000000000001,1023
2021,6,2,0,30,14,97.59,222,1.8,1023
2021,6,2,1,30,14,98.05,229,1.6,1023
2021,6,2,2,30,13.9,98.95,236,1.4000000000000001,1023
2021,6,2,3,30,13.8,99.53,240,1.2000000000000002,1023
2021,6,2,4,30,14.200000000000001,96.59,243,1,1023
2021,6,2,5,30,15.3,92.95,240,0.8,1023
2021,6,2,6,30,16.8,86.93,227,0.6000000000000001,1023
2021,6,2,7,30,18.7,79.08,207,0.7000000000000001,1023
2021,6,2,8,30,20.5,71.51,191,0.9,1023
2021,6,2,9,30,21.400000000000002,67.64,180,1.3,1022
2021,6,2,10,30,21.6,67.7,177,1.8,1022
2021,6,2,11,30,21.5,68.62,179,2.1,1022
2021,6,2,12,30,21.200000000000003,70.06,181,2.2,1022
2021,6,2,13,30,20.5,73.26,181,2.2,1021
2021,6,2,14,30,19.8,77.52,180,2.1,1021
2021,6,2,15,30,19.200000000000003,81.32000000000001,178,1.9000000000000001,1021
2021,6,2,16,30,18.7,83.53,175,1.8,1021
2021,6,2,17,30,17.900000000000002,87.23,170,1.6,1021
2021,6,2,18,30,17,91.81,166,1.4000000000000001,1021
2021,6,2,19,30,16.2,94.57000000000001,163,1.4000000000000001,1021
2021,6,2,20,30,15.700000000000001,96.10000000000001,161,1.5,1021
2021,6,2,21,30,15.200000000000001,98.24000000000001,159,1.4000000000000001,1020
2021,6,2,22,30,14.8,99.95,161,1.3,1020
2021,6,2,23,30,14.3,100,165,1.2000000000000002,1020
2021,6,3,0,30,13.9,100,170,1,1019
2021,6,3,1,30,13.8,100,169,0.9,1019
2021,6,3,2,30,14,100,159,0.8,1018
2021,6,3,3,30,14.3,99.29,141,0.8,1018
2021,6,3,4,30,14.700000000000001,97.92,128,1,1018
2021,6,3,5,30,15.100000000000001,97.38,123,1.4000000000000001,1018
2021,6,3,6,30,15.5,96.36,123,1.8,1017
2021,6,3,7,30,16,94.74,133,2.1,1017
2021,6,3,8,30,17,90.63,160,2.3000000000000003,1016
2021,6,3,9,30,18.6,86.93,189,2.4000000000000004,1016
2021,6,3,10,30,20.400000000000002,83.25,206,2.2,1016
2021,6,3,11,30,21.8,80.32000000000001,209,2,1015
2021,6,3,12,30,22.6,79.31,203,2.2,1015
2021,6,3,13,30,22.900000000000002,79.35000000000001,196,2.5,1014
2021,6,3,14,30,22.700000000000003,81.43,193,2.9000000000000004,1014
2021,6,3,15,30,22.1,85.55,192,3,1014
2021,6,3,16,30,21.400000000000002,90.99,191,3,1013
2021,6,3,17,30,20.5,97.46000000000001,192,2.9000000000000004,1013
2021,6,3,18,30,19.8,99.91,195,2.8000000000000003,1013
2021,6,3,19,30,19.400000000000002,99.95,199,2.7,1013
2021,6,3,20,30,19.400000000000002,98.83,204,2.8000000000000003,1013
2021,6,3,21,30,19.3,99.44,209,2.8000000000000003,1013
2021,6,3,22,30,19.1,100,210,2.8000000000000003,1013
2021,6,3,23,30,18.900000000000002,99.78,210,2.7,1012
2021,6,4,0,30,18.8,99.55,209,2.5,1012
2021,6,4,1,30,18.7,99.89,211,2.4000000000000004,1012
2021,6,4,2,30,18.6,100,216,2.2,1012
2021,6,4,3,30,18.5,100,221,2.1,1012
2021,6,4,4,30,18.6,99.34,222,2,1012
2021,6,4,5,30,18.900000000000002,98.32000000000001,220,1.9000000000000001,1012
2021,6,4,6,30,19.3,97.86,216,2,1012
2021,6,4,7,30,19.8,97.3,214,1.9000000000000001,1012
2021,6,4,8,30,20.400000000000002,96.69,211,1.9000000000000001,1012
2021,6,4,9,30,21,95.23,211,1.8,1012
2021,6,4,10,30,21.400000000000002,92.43,214,1.5,1012
2021,6,4,11,30,21.900000000000002,86.65,220,1.4000000000000001,1012
2021,6,4,12,30,22.6,81.41,226,1.3,1011
2021,6,4,13,30,23.1,78.31,231,1.2000000000000002,1011
2021,6,4,14,30,23.3,77.4,234,1.2000000000000002,1011
2021,6,4,15,30,23.200000000000003,79.74,234,1.2000000000000002,1011
2021,6,4,16,30,22.700000000000003,84.42,229,1.1,1011
2021,6,4,17,30,21.8,88.79,222,1.1,1011
2021,6,4,18,30,20.3,97.04,217,1.2000000000000002,1011
2021,6,4,19,30,18.900000000000002,97.37,218,1.3,1012
2021,6,4,20,30,18.1,99.52,223,1.3,1012
2021,6,4,21,30,17.7,100,231,1.3,1012
2021,6,4,22,30,17.400000000000002,100,241,1.4000000000000001,1012
2021,6,4,23,30,17.400000000000002,100,249,1.4000000000000001,1012
2021,6,5,0,30,17.2,100,254,1.4000000000000001,1012
2021,6,5,1,30,16.8,100,261,1.4000000000000001,1012
2021,6,5,2,30,16.5,100,266,1.3,1012
2021,6,5,3,30,16.3,100,268,1.2000000000000002,1013
2021,6,5,4,30,16.900000000000002,95.55,262,1.2000000000000002,1013
2021,6,5,5,30,18.2,91.91,249,1.3,1013
2021,6,5,6,30,19.8,87.28,235,1.4000000000000001,1013
2021,6,5,7,30,21.400000000000002,84.36,227,1.6,1013
2021,6,5,8,30,22.900000000000002,80.67,228,1.8,1013
2021,6,5,9,30,24.5,75.49,229,2.1,1012
2021,6,5,10,30,26.1,70.05,230,2.3000000000000003,1012
2021,6,5,11,30,27.1,65.98,234,2.4000000000000004,1012
2021,6,5,12,30,27.8,63.22,235,2.4000000000000004,1011
2021,6,5,13,30,28.1,62.120000000000005,235,2.4000000000000004,1011
2021,6,5,14,30,28.1,62.52,233,2.4000000000000004,1011
2021,6,5,15,30,27.700000000000003,65.69,232,2.5,1011
2021,6,5,16,30,27,71.10000000000001,233,2.5,1011
2021,6,5,17,30,25.8,78.06,235,2.4000000000000004,1012
2021,6,5,18,30,24.3,85.13,237,2.3000000000000003,1012
2021,6,5,19,30,23.200000000000003,87.94,241,2.2,1013
2021,6,5,20,30,22.5,89.66,246,2.1,1013
2021,6,5,21,30,21.900000000000002,91.19,251,2,1014
2021,6,5,22,30,21.3,93.01,254,1.8,1014
2021,6,5,23,30,20.700000000000003,95.17,257,1.7000000000000002,1014
2021,6,6,0,30,20.200000000000003,96.92,260,1.6,1014
2021,6,6,1,30,19.700000000000003,98.69,261,1.5,1014
2021,6,6,2,30,19.400000000000002,99.14,262,1.4000000000000001,1014
2021,6,6,3,30,19,100,262,1.3,1015
2021,6,6,4,30,19.400000000000002,96.67,261,1.3,1016
2021,6,6,5,30,20.700000000000003,91.27,258,1.3,1016
2021,6,6,6,30,22.400000000000002,84.93,249,1.2000000000000002,1016
2021,6,6,7,30,24.700000000000003,78.7,241,1.1,1017
2021,6,6,8,30,26.8,70.27,237,1.1,1017
2021,6,6,9,30,28.1,62.75,232,1.2000000000000002,1016
2021,6,6,10,30,28.5,60.7,223,1.5,1016
2021,6,6,11,30,28.8,59.89,217,1.8,1016
2021,6,6,12,30,28.8,60.39,214,2,1016
2021,6,6,13,30,28.700000000000003,61.38,211,2.1,1016
2021,6,6,14,30,28.400000000000002,63.46,209,2.3000000000000003,1015
2021,6,6,15,30,27.8,67.38,207,2.3000000000000003,1015
2021,6,6,16,30,26.900000000000002,74.17,204,2.4000000000000004,1015
2021,6,6,17,30,25.6,82.92,202,2.4000000000000004,1015
2021,6,6,18,30,24.1,91.12,203,2.4000000000000004,1015
2021,6,6,19,30,23.1,92.72,206,2.3000000000000003,1016
2021,6,6,20,30,22.5,94.05,210,2.2,1017
2021,6,6,21,30,22,95.44,214,2.1,1017
2021,6,6,22,30,21.700000000000003,96.17,220,2,1017
2021,6,6,23,30,21.3,97.8,225,2,1017
2021,6,7,0,30,21,98.58,228,1.9000000000000001,1017
2021,6,7,1,30,20.700000000000003,99.26,230,1.7000000000000002,1017
2021,6,7,2,30,20.5,99.45,231,1.6,1017
2021,6,7,3,30,20.3,99.86,230,1.4000000000000001,1017
2021,6,7,4,30,20.6,97.55,229,1.4000000000000001,1017
2021,6,7,5,30,21.6,92.81,223,1.4000000000000001,1018
2021,6,7,6,30,23.1,86.61,213,1.3,1018
2021,6,7,7,30,24.8,81.3,204,1.4000000000000001,1018
2021,6,7,8,30,26.200000000000003,77.03,199,1.6,1018
2021,6,7,9,30,27.200000000000003,73.60000000000001,196,1.8,1018
2021,6,7,10,30,27.700000000000003,71.53,195,2.1,1017
2021,6,7,11,30,27.700000000000003,71.27,197,2.3000000000000003,1017
2021,6,7,12,30,27.200000000000003,73.48,199,2.4000000000000004,1017
2021,6,7,13,30,26.5,77.45,199,2.3000000000000003,1017
2021,6,7,14,30,25.700000000000003,82.47,197,2.2,1016
2021,6,7,15,30,25,86.91,194,2.1,1016
2021,6,7,16,30,24.400000000000002,91.06,195,2.1,1016
2021,6,7,17,30,23.8,95.58,197,2.1,1016
2021,6,7,18,30,23.200000000000003,98.06,200,2,1016
2021,6,7,19,30,22.700000000000003,97.89,204,1.9000000000000001,1017
2021,6,7,20,30,22.200000000000003,98.9,206,1.8,1017
2021,6,7,21,30,21.900000000000002,99.3,206,1.8,1017
2021,6,7,22,30,21.700000000000003,99.28,208,1.8,1017
2021,6,7,23,30,21.5,99.52,209,1.7000000000000002,1017
2021,6,8,0,30,21.400000000000002,99.45,209,1.6,1017
2021,6,8,1,30,21.200000000000003,100,209,1.4000000000000001,1016
2021,6,8,2,30,21.1,100,209,1.4000000000000001,1016
2021,6,8,3,30,21,100,210,1.3,1016
2021,6,8,4,30,21.200000000000003,98.62,211,1.4000000000000001,1017
2021,6,8,5,30,21.8,97.07000000000001,211,1.5,1017
2021,6,8,6,30,22.6,94.60000000000001,208,1.5,1017
2021,6,8,7,30,23.700000000000003,91.82000000000001,205,1.5,1017
2021,6,8,8,30,24.900000000000002,88.59,205,1.6,1017
2021,6,8,9,30,25.900000000000002,84.46000000000001,206,1.6,1017
2021,6,8,10,30,26.3,82.27,205,1.7000000000000002,1016
2021,6,8,11,30,26.3,82.25,203,1.8,1016
2021,6,8,12,30,26,84.59,203,1.9000000000000001,1016
2021,6,8,13,30,25.8,86.53,203,1.9000000000000001,1015
2021,6,8,14,30,25.5,89.41,204,1.8,1015
2021,6,8,15,30,25.1,93.02,206,1.8,1015
2021,6,8,16,30,24.6,96.2,210,1.6,1015
2021,6,8,17,30,24,99.01,213,1.5,1015
2021,6,8,18,30,23.200000000000003,100,216,1.3,1015
2021,6,8,19,30,22.6,100,220,1.3,1015
2021,6,8,20,30,22.200000000000003,100,224,1.3,1015
2021,6,8,21,30,22,100,228,1.3,1015
2021,6,8,22,30,21.700000000000003,100,232,1.3,1014
2021,6,8,23,30,21.400000000000002,100,238,1.3,1014
2021,6,9,0,30,21.200000000000003,100,245,1.2000000000000002,1014
2021,6,9,1,30,21,100,251,1.2000000000000002,1014
2021,6,9,2,30,20.900000000000002,100,258,1.1,1014
2021,6,9,3,30,20.700000000000003,100,267,1.1,1014
2021,6,9,4,30,20.900000000000002,98.43,277,1.2000000000000002,1014
2021,6,9,5,30,21.400000000000002,96.62,283,1.2000000000000002,1014
2021,6,9,6,30,22.400000000000002,93.14,285,1.1,1014
2021,6,9,7,30,23.900000000000002,88.43,289,1,1014
2021,6,9,8,30,25.1,82.52,300,1,1014
2021,6,9,9,30,25.900000000000002,79.18,307,1,1014
2021,6,9,10,30,26.700000000000003,76.07000000000001,304,0.9,1014
2021,6,9,11,30,27.3,73.77,291,0.8,1014
2021,6,9,12,30,27.8,71.94,266,0.7000000000000001,1014
2021,6,9,13,30,28,71.44,239,0.8,1014
2021,6,9,14,30,28.1,71.61,224,1,1014
2021,6,9,15,30,28.5,71,221,1.1,1013
2021,6,9,16,30,28.700000000000003,74.85000000000001,228,1.2000000000000002,1013
2021,6,9,17,30,27.6,76.47,234,1.1,1013
2021,6,9,18,30,26,84.19,236,1.1,1013
2021,6,9,19,30,24.700000000000003,84.7,241,1.2000000000000002,1013
2021,6,9,20,30,23.6,89.74,250,1.2000000000000002,1013
2021,6,9,21,30,22.8,93.72,265,1.2000000000000002,1013
2021,6,9,22,30,22.400000000000002,94.72,286,1.1,1013
2021,6,9,23,30,22.200000000000003,94.8,312,1,1013
2021,6,10,0,30,21.900000000000002,95.9,342,1,1013
2021,6,10,1,30,21.6,96.89,191,1.2000000000000002,1013
2021,6,10,2,30,21.3,97.05,35,1.5,1014
2021,6,10,3,30,20.900000000000002,95.04,52,2.1,1014
2021,6,10,4,30,20.8,91.18,64,2.5,1014
2021,6,10,5,30,21.1,86.54,69,2.7,1014
2021,6,10,6,30,22,80.89,71,2.5,1015
2021,6,10,7,30,22.900000000000002,74.98,70,2.3000000000000003,1015
2021,6,10,8,30,23.700000000000003,68.36,70,2.2,1015
2021,6,10,9,30,24.1,63.99,73,2.3000000000000003,1015
2021,6,10,10,30,24.400000000000002,61.09,77,2.4000000000000004,1015
2021,6,10,11,30,24.6,59.56,81,2.5,1015
2021,6,10,12,30,24.6,59.18,85,2.6,1015
2021,6,10,13,30,24.400000000000002,59.65,89,2.7,1015
2021,6,10,14,30,23.900000000000002,61.120000000000005,92,2.9000000000000004,1015
2021,6,10,15,30,23,63.910000000000004,94,3.1,1015
2021,6,10,16,30,21.8,67.88,97,3.1,1015
2021,6,10,17,30,20.400000000000002,72.46000000000001,98,3,1015
2021,6,10,18,30,18.900000000000002,76.64,97,3,1016
2021,6,10,19,30,17.6,79.98,97,3,1016
2021,6,10,20,30,16.900000000000002,80.83,100,3,1016
2021,6,10,21,30,16.5,79.88,102,2.9000000000000004,1016
2021,6,10,22,30,16.2,81.59,101,2.7,1016
2021,6,10,23,30,16,83.10000000000001,97,2.6,1016
2021,6,11,0,30,15.9,83.09,93,2.6,1016
2021,6,11,1,30,15.9,81.93,91,2.6,1016
2021,6,11,2,30,15.700000000000001,82.88,86,2.6,1016
2021,6,11,3,30,15.5,83.96000000000001,81,2.6,1016
2021,6,11,4,30,15.5,84.05,78,2.6,1016
2021,6,11,5,30,16,81.42,79,2.7,1016
2021,6,11,6,30,16.900000000000002,75.81,80,2.8000000000000003,1015
2021,6,11,7,30,18,70.23,81,2.9000000000000004,1015
2021,6,11,8,30,19,66.12,82,2.9000000000000004,1015
2021,6,11,9,30,19.700000000000003,63.97,83,2.9000000000000004,1015
2021,6,11,10,30,20.1,63.52,85,2.8000000000000003,1014
2021,6,11,11,30,20.400000000000002,64.06,86,2.7,1014
2021,6,11,12,30,20.5,65.4,86,2.6,1013
2021,6,11,13,30,20.400000000000002,67.45,87,2.5,1013
2021,6,11,14,30,20.1,70.19,88,2.5,1012
2021,6,11,15,30,19.8,72.86,89,2.4000000000000004,1012
2021,6,11,16,30,19.3,76.51,89,2.2,1012
2021,6,11,17,30,18.7,81.01,88,2.1,1011
2021,6,11,18,30,18,87.38,88,1.9000000000000001,1011
2021,6,11,19,30,17.5,91.38,89,1.9000000000000001,1011
2021,6,11,20,30,17.3,92.86,87,1.9000000000000001,1011
2021,6,11,21,30,17.1,94.76,84,1.8,1011
2021,6,11,22,30,17,95.98,82,1.8,1011
2021,6,11,23,30,17,96.21000000000001,79,1.8,1010
2021,6,12,0,30,16.900000000000002,96.83,77,1.8,1010
2021,6,12,1,30,16.7,97.53,73,1.9000000000000001,1009
2021,6,12,2,30,16.6,97.65,69,1.9000000000000001,1009
2021,6,12,3,30,16.400000000000002,98.09,68,1.9000000000000001,1009
2021,6,12,4,30,16.7,95.37,72,2,1009
2021,6,12,5,30,17.8,91.60000000000001,75,2,1009
2021,6,12,6,30,18.7,88.64,77,1.9000000000000001,1009
2021,6,12,7,30,19.3,82.88,76,2,1010
2021,6,12,8,30,20,77.82000000000001,74,2.2,1010
2021,6,12,9,30,20.700000000000003,73.96000000000001,76,2.3000000000000003,1010
2021,6,12,10,30,21.1,72.41,83,2.2,1010
2021,6,12,11,30,21.3,71.79,88,2,1010
2021,6,12,12,30,21.400000000000002,71.39,90,1.8,1009
2021,6,12,13,30,21.3,71.92,95,1.6,1009
2021,6,12,14,30,21.1,72.79,104,1.5,1009
2021,6,12,15,30,20.8,73.93,113,1.4000000000000001,1009
2021,6,12,16,30,20.400000000000002,75.46000000000001,121,1.3,1009
2021,6,12,17,30,19.6,79.07000000000001,129,1.3,1010
2021,6,12,18,30,18.400000000000002,86.2,136,1.3,1010
2021,6,12,19,30,17.400000000000002,90.36,145,1.3,1011
2021,6,12,20,30,16.8,91.11,154,1.3,1011
2021,6,12,21,30,16.400000000000002,91.74,166,1.2000000000000002,1012
2021,6,12,22,30,16.1,91.87,180,1,1012
2021,6,12,23,30,15.9,91.88,195,0.9,1012
2021,6,13,0,30,15.8,91.56,207,0.9,1012
2021,6,13,1,30,15.5,92.46000000000001,215,1,1011
2021,6,13,2,30,15.3,92.86,219,1,1011
2021,6,13,3,30,15.100000000000001,93.37,228,1.1,1012
2021,6,13,4,30,15.600000000000001,90.28,240,1.1,1012
2021,6,13,5,30,16.8,85.41,248,1,1012
2021,6,13,6,30,18.400000000000002,76.75,248,0.9,1013
2021,6,13,7,30,20.200000000000003,70.45,231,0.7000000000000001,1013
2021,6,13,8,30,21.700000000000003,67.04,205,0.7000000000000001,1012
2021,6,13,9,30,22.6,64.84,187,0.9,1012
2021,6,13,10,30,23.200000000000003,63.550000000000004,179,1.2000000000000002,1012
2021,6,13,11,30,23.400000000000002,63.63,174,1.4000000000000001,1012
2021,6,13,12,30,23.400000000000002,64.89,170,1.6,1011
2021,6,13,13,30,23.3,66.87,167,1.7000000000000002,1011
2021,6,13,14,30,23,69.31,166,1.9000000000000001,1011
2021,6,13,15,30,22.5,72.31,166,2,1010
2021,6,13,16,30,21.8,76.09,166,2.1,1010
2021,6,13,17,30,20.8,81.76,166,2.2,1011
2021,6,13,18,30,19.6,87.98,167,2.3000000000000003,1011
2021,6,13,19,30,18.7,91.52,168,2.3000000000000003,1011
2021,6,13,20,30,18.1,93.74,169,2.3000000000000003,1011
2021,6,13,21,30,17.8,94.47,175,2.3000000000000003,1011
2021,6,13,22,30,17.6,95.07000000000001,185,2.2,1012
2021,6,13,23,30,17.5,94.99,190,2.1,1011
2021,6,14,0,30,17.400000000000002,94.72,190,2.1,1011
2021,6,14,1,30,17.2,94.91,190,2.2,1011
2021,6,14,2,30,17.1,94.81,188,2.2,1011
2021,6,14,3,30,17,95.04,182,2.1,1011
2021,6,14,4,30,17.1,94.66,176,2.2,1011
2021,6,14,5,30,17.6,92.69,173,2.5,1011
2021,6,14,6,30,18.2,90.95,174,2.6,1010
2021,6,14,7,30,18.900000000000002,88.33,179,2.5,1010
2021,6,14,8,30,20,82.33,184,2.4000000000000004,1010
2021,6,14,9,30,21.3,76.76,186,2.2,1010
2021,6,14,10,30,22,75.33,189,2.2,1009
2021,6,14,11,30,22.1,76.89,193,2.2,1009
2021,6,14,12,30,21.900000000000002,79.75,188,2.1,1009
2021,6,14,13,30,21.8,81.28,174,1.9000000000000001,1008
2021,6,14,14,30,21.900000000000002,81.52,161,1.8,1008
2021,6,14,15,30,22,81.83,151,1.9000000000000001,1008
2021,6,14,16,30,21.8,83.73,144,2,1007
2021,6,14,17,30,21.1,88.37,143,2,1007
2021,6,14,18,30,20.200000000000003,93.99,148,1.9000000000000001,1007
2021,6,14,19,30,19.400000000000002,98.08,159,1.7000000000000002,1007
2021,6,14,20,30,19,99.59,171,1.6,1007
2021,6,14,21,30,18.7,100,181,1.5,1007
2021,6,14,22,30,18.5,100,186,1.5,1006
2021,6,14,23,30,18.5,100,191,1.6,1006
2021,6,15,0,30,18.6,99.33,199,1.6,1006
2021,6,15,1,30,18.7,98.60000000000001,201,1.5,1005
2021,6,15,2,30,18.7,98.58,194,1.5,1005
2021,6,15,3,30,18.6,99.2,187,1.9000000000000001,1004
2021,6,15,4,30,18.6,98.84,198,2.3000000000000003,1004
2021,6,15,5,30,18.7,98.33,225,2.3000000000000003,1005
2021,6,15,6,30,19.1,95.75,261,2.3000000000000003,1005
2021,6,15,7,30,20,89.10000000000001,299,2.3000000000000003,1005
2021,6,15,8,30,21.400000000000002,77.15,322,2.2,1005
2021,6,15,9,30,22.700000000000003,68.38,324,1.9000000000000001,1005
2021,6,15,10,30,23.8,63.06,313,1.6,1005
2021,6,15,11,30,24.6,59.980000000000004,295,1.4000000000000001,1005
2021,6,15,12,30,25,58.4,276,1.4000000000000001,1005
2021,6,15,13,30,25,58.31,265,1.4000000000000001,1005
2021,6,15,14,30,24.700000000000003,59.5,262,1.5,1005
2021,6,15,15,30,24.1,62.47,265,1.5,1005
2021,6,15,16,30,23.400000000000002,66.56,274,1.6,1006
2021,6,15,17,30,22.3,72.33,289,1.6,1006
2021,6,15,18,30,20.8,79.99,302,1.7000000000000002,1007
2021,6,15,19,30,19.5,85.15,311,2,1007
2021,6,15,20,30,18.6,88.14,313,2.2,1008
2021,6,15,21,30,17.900000000000002,90.04,311,2.4000000000000004,1008
2021,6,15,22,30,17.3,91.62,310,2.5,1008
2021,6,15,23,30,16.900000000000002,91.86,311,2.6,1008
2021,6,16,0,30,16.400000000000002,92.29,317,2.6,1007
2021,6,16,1,30,15.8,93.16,320,2.4000000000000004,1007
2021,6,16,2,30,15.3,94.29,317,2.2,1007
2021,6,16,3,30,15,94.52,312,2.2,1008
2021,6,16,4,30,15.200000000000001,91.45,307,2.3000000000000003,1008
2021,6,16,5,30,16.400000000000002,83.91,310,2.6,1009
2021,6,16,6,30,18.1,73.75,320,2.7,1009
2021,6,16,7,30,19.5,62.550000000000004,329,2.9000000000000004,1010
2021,6,16,8,30,20.6,54.44,330,2.8000000000000003,1010
2021,6,16,9,30,21.3,49.72,325,2.7,1010
2021,6,16,10,30,21.900000000000002,46.51,318,2.4000000000000004,1010
2021,6,16,11,30,22.400000000000002,45.09,310,2.1,1010
2021,6,16,12,30,22.700000000000003,45,304,1.9000000000000001,1010
2021,6,16,13,30,22.900000000000002,45.29,299,1.8,1009
2021,6,16,14,30,22.8,46.49,296,1.8,1010
2021,6,16,15,30,22.5,48.34,294,1.7000000000000002,1010
2021,6,16,16,30,22,51.13,294,1.6,1010
2021,6,16,17,30,20.8,58.97,297,1.3,1010
2021,6,16,18,30,18.8,75.01,303,1.2000000000000002,1011
2021,6,16,19,30,17.3,78.39,314,1.4000000000000001,1012
2021,6,16,20,30,16.6,79.26,326,1.6,1012
2021,6,16,21,30,16,79.84,338,2,1012
2021,6,16,22,30,15.3,80.38,348,2.2,1013
2021,6,16,23,30,14.600000000000001,81.23,354,2.3000000000000003,1013
2021,6,17,0,30,13.9,82.23,357,2.2,1013
2021,6,17,1,30,13.3,82.43,357,1.9000000000000001,1013
2021,6,17,2,30,12.700000000000001,82.42,355,1.7000000000000002,1013
2021,6,17,3,30,12.200000000000001,81.85000000000001,350,1.6,1013
2021,6,17,4,30,12.8,76.66,342,1.5,1013
2021,6,17,5,30,14.4,70.10000000000001,332,1.5,1013
2021,6,17,6,30,16.5,59.910000000000004,324,1.3,1014
2021,6,17,7,30,18.7,52.39,324,1.4000000000000001,1015
2021,6,17,8,30,20.3,42.72,322,1.5,1015
2021,6,17,9,30,21.200000000000003,41.17,310,1.5,1015
2021,6,17,10,30,22,41.61,297,1.4000000000000001,1014
2021,6,17,11,30,22.6,43.1,290,1.3,1014
2021,6,17,12,30,23,45.19,287,1.1,1014
2021,6,17,13,30,23.3,46.53,283,0.9,1014
2021,6,17,14,30,23.400000000000002,46.78,277,0.8,1013
2021,6,17,15,30,23.200000000000003,48.09,270,0.8,1013
2021,6,17,16,30,22.900000000000002,50.42,262,0.8,1013
2021,6,17,17,30,21.900000000000002,56.82,255,0.8,1013
2021,6,17,18,30,20,71.41,251,1,1014
2021,6,17,19,30,18.5,73.22,255,1.2000000000000002,1014
2021,6,17,20,30,17.6,75.89,264,1.3,1015
2021,6,17,21,30,16.900000000000002,78.8,273,1.4000000000000001,1015
2021,6,17,22,30,16.5,79.36,279,1.5,1015
2021,6,17,23,30,16.2,77.95,278,1.6,1014
2021,6,18,0,30,15.5,78.5,271,1.7000000000000002,1015
2021,6,18,1,30,14.700000000000001,82.67,268,1.9000000000000001,1016
2021,6,18,2,30,14.100000000000001,86.67,266,2,1016
2021,6,18,3,30,13.600000000000001,88.89,258,1.9000000000000001,1016
2021,6,18,4,30,14.4,83.92,248,1.9000000000000001,1016
2021,6,18,5,30,16.2,79.64,241,2,1016
2021,6,18,6,30,18.3,70.60000000000001,232,2,1016
2021,6,18,7,30,20.700000000000003,64.61,224,2.1,1015
2021,6,18,8,30,22.6,57.43,223,2.2,1015
2021,6,18,9,30,23.8,52.86,223,2.2,1015
2021,6,18,10,30,24.6,50.42,217,2.3000000000000003,1015
2021,6,18,11,30,25,50.17,214,2.5,1014
2021,6,18,12,30,24.900000000000002,52,211,2.6,1013
2021,6,18,13,30,24.400000000000002,55.88,205,2.8000000000000003,1012
2021,6,18,14,30,23.8,61.89,198,3,1012
2021,6,18,15,30,23.400000000000002,66.47,195,3.2,1011
2021,6,18,16,30,22.8,71.59,195,3.1,1011
2021,6,18,17,30,21.8,80.51,194,2.9000000000000004,1011
2021,6,18,18,30,20.900000000000002,84.47,195,3.1,1011
2021,6,18,19,30,20.5,82.85000000000001,197,3.5,1011
2021,6,18,20,30,20,84.39,200,3.6,1011
2021,6,18,21,30,19.5,87.39,202,3.4000000000000004,1011
2021,6,18,22,30,19,90.63,205,3.4000000000000004,1010
2021,6,18,23,30,18.8,91.78,203,3.3000000000000003,1010
2021,6,19,0,30,18.6,92.67,200,3.1,1009
2021,6,19,1,30,18.6,92.99,199,2.9000000000000004,1009
2021,6,19,2,30,18.6,94.17,205,2.8000000000000003,1008
2021,6,19,3,30,18.6,95.60000000000001,214,2.8000000000000003,1007
2021,6,19,4,30,18.900000000000002,94.64,222,2.9000000000000004,1007
2021,6,19,5,30,19.700000000000003,92.55,222,2.7,1007
2021,6,19,6,30,20.900000000000002,89.96000000000001,221,2.4000000000000004,1007
2021,6,19,7,30,22.700000000000003,84.2,227,2.1,1007
2021,6,19,8,30,24.6,76.55,239,1.8,1007
2021,6,19,9,30,26.200000000000003,71.51,249,1.5,1007
2021,6,19,10,30,27.400000000000002,66.83,253,1.3,1006
2021,6,19,11,30,28.200000000000003,62.81,247,1.3,1006
2021,6,19,12,30,28.200000000000003,61.39,242,1.6,1006
2021,6,19,13,30,27.900000000000002,61.89,246,1.8,1006
2021,6,19,14,30,27.6,62.85,249,1.7000000000000002,1006
2021,6,19,15,30,26.8,67.19,250,1.7000000000000002,1006
2021,6,19,16,30,25.400000000000002,75.67,251,1.8,1006
2021,6,19,17,30,23.900000000000002,85.46000000000001,251,1.7000000000000002,1007
2021,6,19,18,30,22.6,92.76,254,1.4000000000000001,1007
2021,6,19,19,30,21.700000000000003,96.43,253,1.2000000000000002,1008
2021,6,19,20,30,21.1,97.86,250,1,1008
2021,6,19,21,30,20.6,99.12,252,1,1008
2021,6,19,22,30,20.1,100,253,1,1008
2021,6,19,23,30,19.700000000000003,100,253,1.1,1008
2021,6,20,0,30,19.200000000000003,100,255,1.2000000000000002,1008
2021,6,20,1,30,18.7,100,261,1.3,1008
2021,6,20,2,30,18.3,100,267,1.4000000000000001,1008
2021,6,20,3,30,18,100,270,1.4000000000000001,1009
2021,6,20,4,30,18.3,96.56,270,1.4000000000000001,1009
2021,6,20,5,30,19.200000000000003,93.39,265,1.3,1009
2021,6,20,6,30,20.700000000000003,88.63,257,1.1,1009
2021,6,20,7,30,22.400000000000002,82.34,255,1.1,1009
2021,6,20,8,30,23.8,74.54,251,1.2000000000000002,1009
2021,6,20,9,30,25.1,69.55,242,1.3,1009
2021,6,20,10,30,26.3,66.17,231,1.4000000000000001,1009
2021,6,20,11,30,27,64.47,219,1.6,1008
2021,6,20,12,30,27.400000000000002,64.11,211,1.9000000000000001,1007
2021,6,20,13,30,27.5,64.96000000000001,206,2.2,1007
2021,6,20,14,30,27.400000000000002,66.36,203,2.4000000000000004,1007
2021,6,20,15,30,27,68.99,200,2.6,1007
2021,6,20,16,30,26.5,72.33,196,2.7,1007
2021,6,20,17,30,25.5,78.45,192,2.6,1007
2021,6,20,18,30,24.200000000000003,85.99,189,2.5,1007
2021,6,20,19,30,23.1,91.38,191,2.4000000000000004,1008
2021,6,20,20,30,22.5,94.43,195,2.3000000000000003,1008
2021,6,20,21,30,22.1,96.79,200,2.1,1008
2021,6,20,22,30,21.8,98.45,204,2,1007
2021,6,20,23,30,21.6,99.72,205,1.9000000000000001,1007
2021,6,21,0,30,21.400000000000002,100,205,1.9000000000000001,1007
2021,6,21,1,30,21.3,100,203,1.8,1006
2021,6,21,2,30,21.1,100,201,1.7000000000000002,1006
2021,6,21,3,30,21,100,199,1.7000000000000002,1006
2021,6,21,4,30,21.3,99.53,198,1.7000000000000002,1007
2021,6,21,5,30,22.200000000000003,94.86,196,1.7000000000000002,1007
2021,6,21,6,30,23.400000000000002,89.58,194,1.8,1007
2021,6,21,7,30,24.700000000000003,84.59,192,1.9000000000000001,1006
2021,6,21,8,30,25.6,80.84,189,2.3000000000000003,1006
2021,6,21,9,30,26.1,78.78,188,2.7,1005
2021,6,21,10,30,26.3,78.22,188,3,1005
2021,6,21,11,30,26.5,77.63,189,3.2,1004
2021,6,21,12,30,26.700000000000003,77.22,191,3.3000000000000003,1004
2021,6,21,13,30,26.8,76.84,193,3.3000000000000003,1003
2021,6,21,14,30,26.900000000000002,76.5,193,3.2,1003
2021,6,21,15,30,26.700000000000003,77.53,192,3.1,1003
2021,6,21,16,30,26.3,80,190,2.9000000000000004,1003
2021,6,21,17,30,25.400000000000002,85.17,185,2.8000000000000003,1002
2021,6,21,18,30,24.3,91.29,182,2.8000000000000003,1002
2021,6,21,19,30,23.3,96.46000000000001,187,2.7,1002
2021,6,21,20,30,22.900000000000002,98.27,198,2.7,1003
2021,6,21,21,30,22.700000000000003,99.18,206,2.5,1003
2021,6,21,22,30,22.6,99.23,209,2.4000000000000004,1002
2021,6,21,23,30,22.3,100,212,2.3000000000000003,1002
2021,6,22,0,30,22,100,214,2.2,1002
2021,6,22,1,30,21.6,100,215,1.8,1002
2021,6,22,2,30,21.5,100,215,1.6,1002
2021,6,22,3,30,21.5,100,222,1.5,1003
2021,6,22,4,30,21.700000000000003,98.8,238,1.3,1003
2021,6,22,5,30,22.3,96.72,257,1.1,1004
2021,6,22,6,30,22.900000000000002,94.60000000000001,280,1,1004
2021,6,22,7,30,23.700000000000003,88.95,302,0.9,1004
2021,6,22,8,30,24.400000000000002,80.09,311,0.9,1004
2021,6,22,9,30,24.200000000000003,77.68,299,0.9,1004
2021,6,22,10,30,23.1,80.91,291,1.3,1004
2021,6,22,11,30,22.1,83.34,306,2,1005
2021,6,22,12,30,21.700000000000003,81.35000000000001,324,2.8000000000000003,1005
2021,6,22,13,30,21.6,78.4,334,2.9000000000000004,1006
2021,6,22,14,30,21.5,76.83,336,2.4000000000000004,1006
2021,6,22,15,30,21.200000000000003,76.97,330,1.9000000000000001,1006
2021,6,22,16,30,20.8,78.69,317,1.7000000000000002,1007
2021,6,22,17,30,20.200000000000003,81.61,296,1.7000000000000002,1008
2021,6,22,18,30,19.3,85.12,288,1.7000000000000002,1009
2021,6,22,19,30,18.3,87.11,302,2.2,1011
2021,6,22,20,30,17.2,86.89,321,2.9000000000000004,1012
2021,6,22,21,30,16.1,85.77,330,3.3000000000000003,1012
2021,6,22,22,30,15.200000000000001,85.35000000000001,330,3.1,1013
2021,6,22,23,30,14.5,85.05,326,3,1014
2021,6,23,0,30,13.9,84.61,322,2.9000000000000004,1014
2021,6,23,1,30,13.3,84.45,321,2.8000000000000003,1015
2021,6,23,2,30,12.700000000000001,84.98,322,2.7,1015
2021,6,23,3,30,12.3,84.59,326,2.6,1016
2021,6,23,4,30,12.700000000000001,79.66,331,2.6,1017
2021,6,23,5,30,14.200000000000001,72.22,335,2.6,1018
2021,6,23,6,30,16.2,63.26,337,2.5,1019
2021,6,23,7,30,18.2,54.89,340,2.5,1020
2021,6,23,8,30,19.5,49.78,340,2.4000000000000004,1020
2021,6,23,9,30,20.5,46.62,336,2,1020
2021,6,23,10,30,21.3,44.730000000000004,327,1.6,1020
2021,6,23,11,30,22.1,44.09,310,1.2000000000000002,1020
2021,6,23,12,30,22.6,43.910000000000004,287,1,1020
2021,6,23,13,30,22.900000000000002,44.17,255,0.8,1021
2021,6,23,14,30,23,44.660000000000004,222,0.8,1021
2021,6,23,15,30,22.900000000000002,45.69,202,0.9,1021
2021,6,23,16,30,22.6,47.45,192,1.1,1021
2021,6,23,17,30,21.8,52.38,187,1.2000000000000002,1022
2021,6,23,18,30,20.400000000000002,63.21,184,1.4000000000000001,1023
2021,6,23,19,30,19.3,64.25,184,1.7000000000000002,1023
2021,6,23,20,30,18.7,65.15,187,1.9000000000000001,1024
2021,6,23,21,30,17.900000000000002,68.85000000000001,189,2,1024
2021,6,23,22,30,17.1,74.06,192,2,1025
2021,6,23,23,30,16.400000000000002,78.53,194,2,1025
2021,6,24,0,30,15.8,82.36,195,1.9000000000000001,1025
2021,6,24,1,30,15.3,85.58,195,1.8,1025
2021,6,24,2,30,14.9,88.14,196,1.7000000000000002,1026
2021,6,24,3,30,14.700000000000001,89.11,194,1.6,1026
2021,6,24,4,30,15.4,85.05,189,1.3,1027
2021,6,24,5,30,17.2,80.56,169,0.9,1027
2021,6,24,6,30,19.200000000000003,69.41,137,1,1027
2021,6,24,7,30,20.8,59.480000000000004,114,1.3,1028
2021,6,24,8,30,21.6,55.550000000000004,107,1.6,1028
2021,6,24,9,30,22,54.19,107,1.9000000000000001,1028
2021,6,24,10,30,22.6,52.5,109,2.2,1028
2021,6,24,11,30,23,51.550000000000004,110,2.5,1027
2021,6,24,12,30,23.1,51,111,2.7,1027
2021,6,24,13,30,23,50.730000000000004,109,2.6,1026
2021,6,24,14,30,22.700000000000003,50.83,106,2.5,1026
2021,6,24,15,30,22.1,51.78,103,2.6,1026
2021,6,24,16,30,21.3,53.26,99,2.7,1025
2021,6,24,17,30,20,57.09,97,2.6,1025
2021,6,24,18,30,18.1,67.11,95,2.4000000000000004,1025
2021,6,24,19,30,16.400000000000002,77.98,93,2.2,1025
2021,6,24,20,30,15.700000000000001,82.93,86,2.1,1026
2021,6,24,21,30,15.5,85.72,72,1.9000000000000001,1026
2021,6,24,22,30,15.3,88.05,53,1.9000000000000001,1026
2021,6,24,23,30,14.8,91.78,40,2.1,1025
2021,6,25,0,30,14.5,94.36,37,2.2,1024
2021,6,25,1,30,14.3,95.75,35,2.3000000000000003,1024
2021,6,25,2,30,14.100000000000001,96.59,30,2.2,1024
2021,6,25,3,30,13.9,97.12,22,2,1024
2021,6,25,4,30,14.600000000000001,91.66,14,1.9000000000000001,1024
2021,6,25,5,30,16.1,84.01,184,1.7000000000000002,1025
2021,6,25,6,30,18.1,74.38,351,1.4000000000000001,1025
2021,6,25,7,30,20,66.03,333,1.2000000000000002,1025
2021,6,25,8,30,21.5,60.38,306,1,1025
2021,6,25,9,30,22.6,56.68,266,0.9,1024
2021,6,25,10,30,23.5,53.980000000000004,231,1.2000000000000002,1024
2021,6,25,11,30,24.3,52.74,213,1.4000000000000001,1024
2021,6,25,12,30,24.8,52.47,202,1.7000000000000002,1023
2021,6,25,13,30,25.1,53.04,192,1.9000000000000001,1023
2021,6,25,14,30,25,55.120000000000005,183,2.1,1022
2021,6,25,15,30,24.700000000000003,58.74,177,2.4000000000000004,1022
2021,6,25,16,30,23.900000000000002,65.03,175,2.6,1022
2021,6,25,17,30,22.700000000000003,74.21000000000001,173,2.8000000000000003,1022
2021,6,25,18,30,21.3,85.29,171,2.7,1022
2021,6,25,19,30,20.200000000000003,92.44,170,2.4000000000000004,1023
2021,6,25,20,30,19.700000000000003,96.19,169,2.2,1023
2021,6,25,21,30,19.3,98.8,170,2,1023
2021,6,25,22,30,19,100,174,1.9000000000000001,1023
2021,6,25,23,30,18.900000000000002,100,180,1.9000000000000001,1023
2021,6,26,0,30,18.8,100,186,1.9000000000000001,1022
2021,6,26,1,30,18.6,100,192,1.8,1022
2021,6,26,2,30,18.6,100,198,1.7000000000000002,1023
2021,6,26,3,30,18.7,100,203,1.6,1023
2021,6,26,4,30,19.400000000000002,98.37,204,1.5,1023
2021,6,26,5,30,20.700000000000003,93.36,201,1.5,1023
2021,6,26,6,30,22.1,88.84,199,1.7000000000000002,1023
2021,6,26,7,30,23.400000000000002,84.46000000000001,198,1.8,1023
2021,6,26,8,30,24.400000000000002,80.04,196,2,1023
2021,6,26,9,30,25,77.7,191,2.2,1023
2021,6,26,10,30,25.5,75.82000000000001,188,2.6,1022
2021,6,26,11,30,26,74.25,186,2.8000000000000003,1022
2021,6,26,12,30,26.400000000000002,72.79,186,3,1021
2021,6,26,13,30,26.700000000000003,71.9,185,3.2,1021
2021,6,26,14,30,26.6,72.68,185,3.4000000000000004,1020
2021,6,26,15,30,26.3,74.5,186,3.4000000000000004,1020
2021,6,26,16,30,25.700000000000003,78.10000000000001,187,3.4000000000000004,1020
2021,6,26,17,30,24.900000000000002,83.29,188,3.2,1020
2021,6,26,18,30,23.8,90.25,188,2.9000000000000004,1020
2021,6,26,19,30,22.900000000000002,95.32000000000001,190,2.8000000000000003,1020
2021,6,26,20,30,22.400000000000002,97.86,193,2.8000000000000003,1021
2021,6,26,21,30,22.1,98.73,197,2.8000000000000003,1020
2021,6,26,22,30,21.900000000000002,98.95,199,2.7,1020
2021,6,26,23,30,21.700000000000003,99.26,201,2.6,1020
2021,6,27,0,30,21.6,99.08,201,2.5,1020
2021,6,27,1,30,21.400000000000002,99.66,201,2.4000000000000004,1020
2021,6,27,2,30,21.3,99.78,200,2.3000000000000003,1020
2021,6,27,3,30,21.3,99.51,200,2.3000000000000003,1020
2021,6,27,4,30,21.6,97.59,199,2.4000000000000004,1021
2021,6,27,5,30,22.400000000000002,93.92,199,2.6,1021
2021,6,27,6,30,23.700000000000003,89.02,202,2.7,1021
2021,6,27,7,30,25.200000000000003,82.31,205,2.8000000000000003,1021
2021,6,27,8,30,26.400000000000002,75.94,205,2.9000000000000004,1021
2021,6,27,9,30,27.400000000000002,71.38,203,3.1,1021
2021,6,27,10,30,28.1,68.64,201,3.3000000000000003,1020
2021,6,27,11,30,28.700000000000003,66.73,200,3.4000000000000004,1020
2021,6,27,12,30,29,66.07000000000001,199,3.4000000000000004,1020
2021,6,27,13,30,29,66.55,198,3.5,1020
2021,6,27,14,30,28.8,67.63,198,3.5,1019
2021,6,27,15,30,28.400000000000002,69.71000000000001,198,3.5,1019
2021,6,27,16,30,27.8,72.35000000000001,198,3.4000000000000004,1019
2021,6,27,17,30,27,75.46000000000001,197,3.2,1019
2021,6,27,18,30,25.700000000000003,81.25,196,3,1019
2021,6,27,19,30,24.6,86.07000000000001,198,2.9000000000000004,1020
2021,6,27,20,30,23.900000000000002,88.76,202,2.8000000000000003,1020
2021,6,27,21,30,23.3,91.11,205,2.8000000000000003,1020
2021,6,27,22,30,23,92.23,209,2.8000000000000003,1020
2021,6,27,23,30,22.8,93.27,212,2.7,1020
2021,6,28,0,30,22.700000000000003,93.91,216,2.6,1021
2021,6,28,1,30,22.6,94.56,219,2.4000000000000004,1021
2021,6,28,2,30,22.5,95.32000000000001,222,2.3000000000000003,1021
2021,6,28,3,30,22.5,95.65,224,2.2,1021
2021,6,28,4,30,22.8,94.47,223,2.2,1022
2021,6,28,5,30,23.6,90.96000000000001,222,2.3000000000000003,1022
2021,6,28,6,30,24.8,86.14,223,2.4000000000000004,1022
2021,6,28,7,30,26.400000000000002,79.39,225,2.4000000000000004,1022
2021,6,28,8,30,28,72.7,224,2.4000000000000004,1022
2021,6,28,9,30,29.3,67.61,219,2.4000000000000004,1022
2021,6,28,10,30,30.200000000000003,64.11,214,2.5,1021
2021,6,28,11,30,30.8,61.99,211,2.7,1021
2021,6,28,12,30,31.1,60.93,210,2.9000000000000004,1021
2021,6,28,13,30,31.1,60.89,209,3,1020
2021,6,28,14,30,30.8,61.980000000000004,207,3.1,1020
2021,6,28,15,30,30.3,63.99,206,3.2,1020
2021,6,28,16,30,29.6,67.04,206,3.2,1020
2021,6,28,17,30,28.5,72.13,205,3.1,1020
2021,6,28,18,30,27.200000000000003,78.61,205,3,1020
2021,6,28,19,30,26,82.93,206,2.9000000000000004,1021
2021,6,28,20,30,25.200000000000003,85.78,208,2.9000000000000004,1021
2021,6,28,21,30,24.6,87.76,212,2.9000000000000004,1021
2021,6,28,22,30,24.1,90,218,2.8000000000000003,1022
2021,6,28,23,30,23.8,91.12,224,2.7,1022
2021,6,29,0,30,23.6,91.41,229,2.6,1022
2021,6,29,1,30,23.400000000000002,91.68,234,2.5,1022
2021,6,29,2,30,23.200000000000003,92.24,236,2.4000000000000004,1022
2021,6,29,3,30,23.1,92.78,237,2.3000000000000003,1022
2021,6,29,4,30,23.3,91.94,236,2.2,1022
2021,6,29,5,30,24.3,87.44,236,2.2,1022
2021,6,29,6,30,26,80.28,239,2.1,1022
2021,6,29,7,30,27.8,73.18,241,1.9000000000000001,1022
2021,6,29,8,30,29.700000000000003,65.59,241,1.7000000000000002,1021
2021,6,29,9,30,31.3,58.56,234,1.6,1021
2021,6,29,10,30,32.2,54.34,223,1.8,1020
2021,6,29,11,30,32.6,52.92,216,2.1,1020
2021,6,29,12,30,32.800000000000004,52.75,213,2.4000000000000004,1019
2021,6,29,13,30,32.7,53.69,212,2.7,1019
2021,6,29,14,30,32.300000000000004,55.370000000000005,211,2.8000000000000003,1018
2021,6,29,15,30,31.8,57.81,211,2.9000000000000004,1018
2021,6,29,16,30,31,61.33,210,2.9000000000000004,1018
2021,6,29,17,30,29.8,67.2,208,2.9000000000000004,1018
2021,6,29,18,30,28.1,76.93,206,2.9000000000000004,1018
2021,6,29,19,30,26.6,81.95,208,2.9000000000000004,1018
2021,6,29,20,30,25.700000000000003,85.11,212,2.8000000000000003,1019
2021,6,29,21,30,25.1,86.65,218,2.7,1019
2021,6,29,22,30,24.700000000000003,87.4,224,2.6,1018
2021,6,29,23,30,24.200000000000003,88.64,229,2.5,1018
2021,6,30,0,30,23.900000000000002,88.87,231,2.3000000000000003,1018
2021,6,30,1,30,23.5,90.55,231,2.2,1017
2021,6,30,2,30,23.3,92.28,227,2,1017
2021,6,30,3,30,23.1,94.19,224,2,1017
2021,6,30,4,30,23.400000000000002,93.17,222,2.1,1016
2021,6,30,5,30,24.6,88.48,222,2.2,1016
2021,6,30,6,30,26.400000000000002,82.27,226,2.2,1016
2021,6,30,7,30,28.400000000000002,75.28,229,2.1,1015
2021,6,30,8,30,30.1,68.81,227,2.1,1015
2021,6,30,9,30,31.3,63.93,223,2.1,1014
2021,6,30,10,30,32.1,60.56,218,2.3000000000000003,1014
2021,6,30,11,30,32.4,58.63,215,2.5,1013
2021,6,30,12,30,32.7,56.620000000000005,213,2.7,1012
2021,6,30,13,30,32.7,55.97,212,2.9000000000000004,1012
2021,6,30,14,30,32.4,56.230000000000004,212,2.9000000000000004,1011
2021,6,30,15,30,31.900000000000002,57.58,211,2.9000000000000004,1011
2021,6,30,16,30,31,61.13,208,2.9000000000000004,1011
2021,6,30,17,30,29.6,67.84,204,2.9000000000000004,1011
2021,6,30,18,30,27.5,80.09,202,3,1011
2021,6,30,19,30,25.200000000000003,80.57000000000001,229,1.4000000000000001,1015
2021,6,30,20,30,24.5,82.13,228,1.6,1015
2021,6,30,21,30,23.900000000000002,84.47,230,1.7000000000000002,1015
2021,6,30,22,30,23.400000000000002,86.14,235,1.8,1015
2021,6,30,23,30,22.900000000000002,88.09,241,1.7000000000000002,1015
2018,7,1,0,30,22.5,89.58,247,1.7000000000000002,1015
2018,7,1,1,30,22.1,90.93,254,1.6,1015
2018,7,1,2,30,21.900000000000002,91.28,263,1.6,1015
2018,7,1,3,30,21.8,91.32000000000001,274,1.5,1015
2018,7,1,4,30,22.3,89.37,282,1.4000000000000001,1016
2018,7,1,5,30,23.400000000000002,86.95,284,1.4000000000000001,1016
2018,7,1,6,30,24.700000000000003,83.41,281,1.3,1016
2018,7,1,7,30,26.3,80.01,277,1.1,1016
2018,7,1,8,30,28.400000000000002,75.68,276,0.9,1016
2018,7,1,9,30,30.8,68.45,276,0.8,1016
2018,7,1,10,30,32.800000000000004,56.47,272,0.7000000000000001,1016
2018,7,1,11,30,34,49.07,264,0.7000000000000001,1016
2018,7,1,12,30,34.4,48.26,258,0.6000000000000001,1015
2018,7,1,13,30,34.2,49.96,248,0.4,1015
2018,7,1,14,30,33.800000000000004,48.02,219,0.4,1015
2018,7,1,15,30,32.9,47.67,198,0.6000000000000001,1014
2018,7,1,16,30,31.5,50.82,200,0.8,1014
2018,7,1,17,30,29.3,59.31,209,1,1014
2018,7,1,18,30,27,76.36,218,1.2000000000000002,1014
2018,7,1,19,30,25.6,77.85000000000001,228,1.5,1015
2018,7,1,20,30,24.700000000000003,79.97,237,1.6,1015
2018,7,1,21,30,24,81.87,244,1.6,1016
2018,7,1,22,30,23.200000000000003,84.42,249,1.5,1016
2018,7,1,23,30,22.6,86.41,253,1.3,1016
2018,7,2,0,30,22.400000000000002,86.94,258,1.2000000000000002,1016
2018,7,2,1,30,22.3,86.3,264,1.1,1016
2018,7,2,2,30,22.3,84.99,275,1,1016
2018,7,2,3,30,22.200000000000003,84.02,294,0.9,1016
2018,7,2,4,30,22.700000000000003,80.51,322,0.6000000000000001,1016
2018,7,2,5,30,24.1,80.52,195,0.4,1016
2018,7,2,6,30,26.1,72.37,88,0.30000000000000004,1016
2018,7,2,7,30,28.5,67.71000000000001,136,0.5,1017
2018,7,2,8,30,30.400000000000002,59.01,152,0.9,1017
2018,7,2,9,30,31.200000000000003,56.02,159,1.2000000000000002,1016
2018,7,2,10,30,31.3,57.1,166,1.5,1016
2018,7,2,11,30,31.5,57.89,174,1.6,1016
2018,7,2,12,30,31.700000000000003,58.410000000000004,182,1.6,1016
2018,7,2,13,30,31.8,58.82,186,1.5,1016
2018,7,2,14,30,31.700000000000003,59.730000000000004,185,1.5,1016
2018,7,2,15,30,31.3,61.49,183,1.5,1015
2018,7,2,16,30,30.5,65.49,181,1.5,1015
2018,7,2,17,30,29.200000000000003,72.93,180,1.5,1016
2018,7,2,18,30,27.200000000000003,85.14,180,1.4000000000000001,1016
2018,7,2,19,30,25.700000000000003,90.7,179,1.4000000000000001,1017
2018,7,2,20,30,25,93.49,179,1.4000000000000001,1017
2018,7,2,21,30,24.400000000000002,96.44,180,1.4000000000000001,1017
2018,7,2,22,30,24,98.58,182,1.3,1017
2018,7,2,23,30,23.6,100,183,1.3,1017
2018,7,3,0,30,23.3,100,186,1.3,1017
2018,7,3,1,30,23.1,100,191,1.3,1018
2018,7,3,2,30,23.1,100,200,1.3,1018
2018,7,3,3,30,23.1,100,210,1.3,1019
2018,7,3,4,30,23.8,98.27,218,1.2000000000000002,1019
2018,7,3,5,30,25.200000000000003,93.03,219,1.1,1019
2018,7,3,6,30,27,85,212,0.9,1019
2018,7,3,7,30,29,76.42,196,0.8,1019
2018,7,3,8,30,30.400000000000002,70.35000000000001,178,0.8,1019
2018,7,3,9,30,31.1,67.2,167,1,1020
2018,7,3,10,30,31.5,65.48,164,1.3,1020
2018,7,3,11,30,31.6,65.76,165,1.4000000000000001,1020
2018,7,3,12,30,31.400000000000002,67.26,168,1.5,1020
2018,7,3,13,30,31,69.81,170,1.6,1020
2018,7,3,14,30,30.200000000000003,74.91,171,1.6,1020
2018,7,3,15,30,29.200000000000003,80.57000000000001,172,1.6,1020
2018,7,3,16,30,28.200000000000003,86.68,172,1.5,1020
2018,7,3,17,30,27.400000000000002,91.17,172,1.5,1020
2018,7,3,18,30,26.700000000000003,94.92,174,1.6,1020
2018,7,3,19,30,26.200000000000003,96.01,178,1.8,1020
2018,7,3,20,30,25.700000000000003,96.64,182,2,1021
2018,7,3,21,30,25.3,97.04,186,2,1021
2018,7,3,22,30,25,97.60000000000001,188,1.6,1021
2018,7,3,23,30,24.700000000000003,98.46000000000001,193,1.1,1022
2018,7,4,0,30,24.400000000000002,99.12,201,0.9,1022
2018,7,4,1,30,24.3,98.81,206,1,1022
2018,7,4,2,30,24.200000000000003,98.85000000000001,210,1.1,1022
2018,7,4,3,30,24,99.41,217,1,1022
2018,7,4,4,30,24.3,97.17,230,0.7000000000000001,1022
2018,7,4,5,30,25.200000000000003,96,248,0.6000000000000001,1023
2018,7,4,6,30,26.6,91.96000000000001,269,0.6000000000000001,1023
2018,7,4,7,30,28.1,86.7,288,0.4,1024
2018,7,4,8,30,29.6,77.52,198,0.4,1024
2018,7,4,9,30,30.400000000000002,70.05,104,0.7000000000000001,1024
2018,7,4,10,30,30.3,69.22,116,1,1024
2018,7,4,11,30,30.200000000000003,69.41,128,1.1,1023
2018,7,4,12,30,29.900000000000002,71.01,139,1.1,1023
2018,7,4,13,30,29.3,73.79,149,1.2000000000000002,1023
2018,7,4,14,30,28.700000000000003,77.72,158,1.2000000000000002,1023
2018,7,4,15,30,28.1,81.83,167,1.2000000000000002,1023
2018,7,4,16,30,27.400000000000002,85.24,174,1.3,1023
2018,7,4,17,30,26.700000000000003,88.19,176,1.3,1023
2018,7,4,18,30,25.8,93.44,176,1.3,1024
2018,7,4,19,30,25.1,96.94,176,1.3,1024
2018,7,4,20,30,24.700000000000003,98.65,177,1.4000000000000001,1024
2018,7,4,21,30,24.400000000000002,100,180,1.3,1024
2018,7,4,22,30,24.200000000000003,100,185,1.3,1024
2018,7,4,23,30,23.900000000000002,100,192,1.2000000000000002,1024
2018,7,5,0,30,23.700000000000003,100,199,1.1,1024
2018,7,5,1,30,23.5,100,207,1.1,1024
2018,7,5,2,30,23.400000000000002,100,212,1,1024
2018,7,5,3,30,23.3,100,215,1,1024
2018,7,5,4,30,23.8,98.45,219,1.1,1024
2018,7,5,5,30,24.700000000000003,95.79,226,1.3,1024
2018,7,5,6,30,25.8,90.24,229,1.4000000000000001,1024
2018,7,5,7,30,27,81,225,1.4000000000000001,1024
2018,7,5,8,30,28.1,73.56,218,1.5,1024
2018,7,5,9,30,29,68.68,209,1.6,1024
2018,7,5,10,30,29.700000000000003,65.76,200,1.8,1023
2018,7,5,11,30,30.3,63.92,194,2,1023
2018,7,5,12,30,30.5,63.68,190,2.2,1022
2018,7,5,13,30,30.6,63.910000000000004,189,2.4000000000000004,1022
2018,7,5,14,30,30.400000000000002,65.33,189,2.7,1021
2018,7,5,15,30,29.900000000000002,68.15,189,2.8000000000000003,1021
2018,7,5,16,30,29.200000000000003,71.93,190,3,1020
2018,7,5,17,30,28.200000000000003,77.75,191,3,1020
2018,7,5,18,30,27.1,85.11,192,2.9000000000000004,1020
2018,7,5,19,30,26.1,91.29,194,2.9000000000000004,1020
2018,7,5,20,30,25.5,95.18,197,2.9000000000000004,1019
2018,7,5,21,30,25.200000000000003,97.25,200,2.9000000000000004,1019
2018,7,5,22,30,25,98.31,204,2.9000000000000004,1019
2018,7,5,23,30,24.900000000000002,98.42,209,3,1018
2018,7,6,0,30,24.8,98.53,214,3,1018
2018,7,6,1,30,24.700000000000003,98.51,216,3,1018
2018,7,6,2,30,24.6,98.45,217,3,1017
2018,7,6,3,30,24.5,98.67,215,3,1016
2018,7,6,4,30,24.5,98.52,214,3.2,1016
2018,7,6,5,30,24.700000000000003,97.75,214,3.2,1016
2018,7,6,6,30,25.1,96.56,216,3.1,1016
2018,7,6,7,30,25.400000000000002,96.23,221,2.9000000000000004,1016
2018,7,6,8,30,25.700000000000003,94.18,228,2.7,1015
2018,7,6,9,30,25.8,91.84,237,2.5,1015
2018,7,6,10,30,25.8,88.5,249,2.2,1015
2018,7,6,11,30,25.900000000000002,83.23,265,2.1,1015
2018,7,6,12,30,26.1,77.33,279,2.1,1015
2018,7,6,13,30,26.3,72.25,284,2.2,1015
2018,7,6,14,30,26.5,68.54,282,2.2,1015
2018,7,6,15,30,26.400000000000002,67.03,278,2.1,1015
2018,7,6,16,30,26,67.43,279,2,1015
2018,7,6,17,30,25.200000000000003,70.83,291,1.9000000000000001,1016
2018,7,6,18,30,24,74.17,312,2.2,1017
2018,7,6,19,30,22.8,75.2,331,2.7,1018
2018,7,6,20,30,21.700000000000003,76.78,343,2.9000000000000004,1018
2018,7,6,21,30,20.8,78.27,347,2.8000000000000003,1019
2018,7,6,22,30,19.900000000000002,80.17,347,2.8000000000000003,1020
2018,7,6,23,30,19.1,81.38,174,3,1020
2018,7,7,0,30,18.400000000000002,81.56,7,3.3000000000000003,1021
2018,7,7,1,30,17.7,81.25,17,3.6,1022
2018,7,7,2,30,17,79.98,23,3.7,1023
2018,7,7,3,30,16.2,80.3,26,3.5,1024
2018,7,7,4,30,16.1,78.37,30,3.5,1024
2018,7,7,5,30,17.1,73.23,37,3.7,1025
2018,7,7,6,30,18.5,63.83,46,3.8000000000000003,1025
2018,7,7,7,30,19.8,54.84,53,3.6,1026
2018,7,7,8,30,20.900000000000002,49.19,57,3.3000000000000003,1026
2018,7,7,9,30,22,45.62,60,3,1026
2018,7,7,10,30,22.8,43.82,65,2.6,1026
2018,7,7,11,30,23.5,42.38,72,2.2,1026
2018,7,7,12,30,24,41.300000000000004,79,1.9000000000000001,1025
2018,7,7,13,30,24.3,40.67,83,1.7000000000000002,1025
2018,7,7,14,30,24.3,40.78,88,1.5,1025
2018,7,7,15,30,24.3,41.03,98,1.4000000000000001,1025
2018,7,7,16,30,24.1,41.97,113,1.4000000000000001,1025
2018,7,7,17,30,22.900000000000002,46.31,125,1.4000000000000001,1024
2018,7,7,18,30,20.6,58.370000000000005,128,1.3,1025
2018,7,7,19,30,18.900000000000002,66.52,126,1.3,1025
2018,7,7,20,30,18.1,69.67,125,1.3,1025
2018,7,7,21,30,17.5,73.51,127,1.5,1025
2018,7,7,22,30,17.1,76.35000000000001,126,1.5,1025
2018,7,7,23,30,16.900000000000002,77.52,118,1.3,1025
2018,7,8,0,30,17,76.47,98,1,1025
2018,7,8,1,30,17,75.83,67,0.8,1025
2018,7,8,2,30,16.8,76.8,40,0.9,1025
2018,7,8,3,30,16.3,79.72,22,1.2000000000000002,1026
2018,7,8,4,30,16.6,78.7,13,1.3,1026
2018,7,8,5,30,18.3,75.19,13,1.3,1026
2018,7,8,6,30,20.400000000000002,65.27,20,1.4000000000000001,1026
2018,7,8,7,30,22.400000000000002,56.15,33,1.3,1026
2018,7,8,8,30,24,49.2,51,1.3,1026
2018,7,8,9,30,25,45.75,68,1.3,1026
2018,7,8,10,30,25.700000000000003,44.27,80,1.2000000000000002,1026
2018,7,8,11,30,26.3,43.37,91,1.2000000000000002,1025
2018,7,8,12,30,26.8,43.22,102,1.3,1025
2018,7,8,13,30,27,43.54,114,1.4000000000000001,1025
2018,7,8,14,30,27,43.910000000000004,124,1.5,1024
2018,7,8,15,30,26.8,44.4,133,1.6,1024
2018,7,8,16,30,26.1,46.64,139,1.7000000000000002,1024
2018,7,8,17,30,24.400000000000002,52.93,146,1.7000000000000002,1024
2018,7,8,18,30,22,67.2,151,1.7000000000000002,1024
2018,7,8,19,30,20.200000000000003,75.24,156,1.5,1024
2018,7,8,20,30,19.400000000000002,79.44,160,1.4000000000000001,1024
2018,7,8,21,30,18.8,83.08,166,1.3,1024
2018,7,8,22,30,18.3,85.77,174,1.3,1023
2018,7,8,23,30,17.900000000000002,87.78,186,1.2000000000000002,1023
2018,7,9,0,30,17.5,89.7,200,1.2000000000000002,1023
2018,7,9,1,30,17.1,91.38,214,1.2000000000000002,1023
2018,7,9,2,30,16.8,92.54,228,1.3,1023
2018,7,9,3,30,16.400000000000002,94.48,241,1.3,1023
2018,7,9,4,30,17.1,89.87,251,1.5,1023
2018,7,9,5,30,18.8,81.93,259,1.6,1023
2018,7,9,6,30,21.1,71.59,266,1.7000000000000002,1023
2018,7,9,7,30,23.8,59.95,273,1.6,1022
2018,7,9,8,30,26,50.93,276,1.3,1022
2018,7,9,9,30,27.400000000000002,46.38,258,0.9,1021
2018,7,9,10,30,28.3,44.08,227,0.9,1020
2018,7,9,11,30,28.900000000000002,43.07,207,1.2000000000000002,1019
2018,7,9,12,30,29.200000000000003,42.63,201,1.7000000000000002,1019
2018,7,9,13,30,29.3,42.62,199,2,1018
2018,7,9,14,30,29.1,43.62,197,2.3000000000000003,1018
2018,7,9,15,30,28.6,45.730000000000004,196,2.5,1017
2018,7,9,16,30,27.6,50,197,2.7,1017
2018,7,9,17,30,26,57.03,197,2.8000000000000003,1017
2018,7,9,18,30,23.6,71.55,198,3,1017
2018,7,9,19,30,21.900000000000002,77.82000000000001,202,3.1,1017
2018,7,9,20,30,21,81.68,209,3,1017
2018,7,9,21,30,20.3,85.14,217,2.9000000000000004,1017
2018,7,9,22,30,19.700000000000003,87.48,225,2.7,1016
2018,7,9,23,30,19.200000000000003,88.89,233,2.5,1016
2018,7,10,0,30,18.7,89.71000000000001,239,2.4000000000000004,1015
2018,7,10,1,30,18.400000000000002,89.2,243,2.3000000000000003,1015
2018,7,10,2,30,18.1,89.13,246,2.2,1015
2018,7,10,3,30,17.8,89.89,248,2.1,1015
2018,7,10,4,30,18.400000000000002,86.82000000000001,251,2,1015
2018,7,10,5,30,20.1,80.23,253,1.8,1014
2018,7,10,6,30,22.5,71.92,248,1.5,1014
2018,7,10,7,30,25.5,64.47,242,1.2000000000000002,1014
2018,7,10,8,30,28.3,54.77,237,0.9,1013
2018,7,10,9,30,29.700000000000003,48.32,227,1,1012
2018,7,10,10,30,30.5,46.06,219,1.2000000000000002,1012
2018,7,10,11,30,31,44.58,216,1.6,1011
2018,7,10,12,30,31.400000000000002,43.45,214,1.8,1011
2018,7,10,13,30,31.5,42.93,213,2,1010
2018,7,10,14,30,31.400000000000002,43.35,212,2.1,1010
2018,7,10,15,30,31,44.95,213,2.2,1009
2018,7,10,16,30,30.200000000000003,47.96,215,2.1,1009
2018,7,10,17,30,28.6,55.36,214,2,1009
2018,7,10,18,30,26.5,69.78,215,2,1009
2018,7,10,19,30,25,74.47,218,1.9000000000000001,1009
2018,7,10,20,30,24.400000000000002,77.57000000000001,223,1.7000000000000002,1010
2018,7,10,21,30,24,80.36,230,1.5,1010
2018,7,10,22,30,23.8,82.31,244,1.2000000000000002,1010
2018,7,10,23,30,23.6,84.9,268,0.9,1010
2018,7,11,0,30,23.400000000000002,87.43,305,0.7000000000000001,1010
2018,7,11,1,30,23.1,89.49,341,0.7000000000000001,1010
2018,7,11,2,30,22.6,91.98,181,0.8,1010
2018,7,11,3,30,22.200000000000003,93.43,5,0.9,1010
2018,7,11,4,30,22.200000000000003,92.21000000000001,3,1.2000000000000002,1011
2018,7,11,5,30,22.900000000000002,87.46000000000001,3,1.6,1011
2018,7,11,6,30,24.200000000000003,80.01,4,1.7000000000000002,1012
2018,7,11,7,30,25.6,72.79,5,1.7000000000000002,1012
2018,7,11,8,30,26.900000000000002,65,5,1.6,1012
2018,7,11,9,30,28,57.52,7,1.5,1012
2018,7,11,10,30,28.700000000000003,53.300000000000004,10,1.3,1012
2018,7,11,11,30,29.3,51.02,18,1.1,1012
2018,7,11,12,30,29.6,49.92,37,1,1012
2018,7,11,13,30,29.400000000000002,50.69,62,1,1012
2018,7,11,14,30,28.700000000000003,53.7,84,1.1,1012
2018,7,11,15,30,27.6,58.870000000000005,100,1.3,1013
2018,7,11,16,30,26.6,63.74,111,1.4000000000000001,1013
2018,7,11,17,30,25.400000000000002,70.01,118,1.3,1014
2018,7,11,18,30,24.1,78.53,125,1.3,1014
2018,7,11,19,30,23,84,132,1.3,1015
2018,7,11,20,30,22.3,87.12,135,1.3,1016
2018,7,11,21,30,21.900000000000002,88.49,132,1.2000000000000002,1016
2018,7,11,22,30,21.6,89.53,127,1.1,1016
2018,7,11,23,30,21.400000000000002,90.60000000000001,118,1,1017
2018,7,12,0,30,21.3,90.75,109,0.9,1017
2018,7,12,1,30,21.3,89.94,104,0.7000000000000001,1017
2018,7,12,2,30,21.1,90.34,91,0.7000000000000001,1018
2018,7,12,3,30,20.700000000000003,91.56,65,0.8,1018
2018,7,12,4,30,20.6,91.02,42,1,1019
2018,7,12,5,30,21.200000000000003,88.33,34,1.3,1020
2018,7,12,6,30,22.200000000000003,81.69,35,1.5,1020
2018,7,12,7,30,23.5,71.39,36,1.5,1020
2018,7,12,8,30,24.700000000000003,64.29,35,1.4000000000000001,1020
2018,7,12,9,30,25.900000000000002,58.89,43,1.2000000000000002,1020
2018,7,12,10,30,26.700000000000003,54.89,62,1.1,1020
2018,7,12,11,30,27.1,52.53,84,1.1,1020
2018,7,12,12,30,27.200000000000003,51.65,104,1.2000000000000002,1020
2018,7,12,13,30,27.200000000000003,51.11,120,1.3,1020
2018,7,12,14,30,27,51.2,134,1.5,1020
2018,7,12,15,30,26.6,52.53,146,1.6,1020
2018,7,12,16,30,26,55.39,157,1.7000000000000002,1020
2018,7,12,17,30,24.900000000000002,60.4,167,1.7000000000000002,1020
2018,7,12,18,30,23.200000000000003,71.35000000000001,172,1.6,1021
2018,7,12,19,30,21.900000000000002,79.52,172,1.6,1021
2018,7,12,20,30,21.3,84.12,168,1.5,1022
2018,7,12,21,30,20.900000000000002,87.72,164,1.4000000000000001,1022
2018,7,12,22,30,20.5,90.88,164,1.1,1022
2018,7,12,23,30,20.200000000000003,92.75,172,0.9,1022
2018,7,13,0,30,20,93.78,198,0.7000000000000001,1022
2018,7,13,1,30,19.8,94.75,240,0.7000000000000001,1022
2018,7,13,2,30,19.6,95.82000000000001,274,0.8,1022
2018,7,13,3,30,19.3,97.63,294,0.8,1022
2018,7,13,4,30,19.8,94.57000000000001,319,0.7000000000000001,1022
2018,7,13,5,30,21.5,87.02,182,0.5,1022
2018,7,13,6,30,23.700000000000003,73.10000000000001,60,0.4,1022
2018,7,13,7,30,25.6,61.39,102,0.6000000000000001,1022
2018,7,13,8,30,26.6,56.49,118,1,1023
2018,7,13,9,30,27.200000000000003,53.09,128,1.2000000000000002,1023
2018,7,13,10,30,27.6,51.68,139,1.5,1022
2018,7,13,11,30,27.700000000000003,51.89,148,1.8,1022
2018,7,13,12,30,27.700000000000003,52.2,157,1.9000000000000001,1021
2018,7,13,13,30,27.6,52.84,164,1.9000000000000001,1021
2018,7,13,14,30,27.3,54.050000000000004,169,2,1021
2018,7,13,15,30,26.8,55.93,172,2,1020
2018,7,13,16,30,26.200000000000003,57.980000000000004,172,2,1020
2018,7,13,17,30,25.200000000000003,61.56,172,2.1,1020
2018,7,13,18,30,23.700000000000003,68.34,173,2.1,1020
2018,7,13,19,30,22.400000000000002,73.74,176,2.1,1020
2018,7,13,20,30,21.8,76.55,182,2,1021
2018,7,13,21,30,21.3,78.78,190,2.1,1021
2018,7,13,22,30,20.900000000000002,79.97,198,2.1,1020
2018,7,13,23,30,20.6,81.55,207,2.1,1020
2018,7,14,0,30,20.3,82.08,218,2,1020
2018,7,14,1,30,20,82.77,227,1.9000000000000001,1020
2018,7,14,2,30,19.700000000000003,83.56,233,1.9000000000000001,1020
2018,7,14,3,30,19.5,83.86,234,1.8,1020
2018,7,14,4,30,19.8,82.27,233,1.9000000000000001,1020
2018,7,14,5,30,20.900000000000002,77.73,235,1.9000000000000001,1020
2018,7,14,6,30,22.700000000000003,69.03,241,2,1020
2018,7,14,7,30,24.8,58.11,248,2.1,1020
2018,7,14,8,30,26.5,51.51,250,2,1019
2018,7,14,9,30,27.700000000000003,48.51,241,1.9000000000000001,1019
2018,7,14,10,30,28.6,47.61,228,2,1018
2018,7,14,11,30,29.200000000000003,47.24,221,2.3000000000000003,1017
2018,7,14,12,30,29.8,46.480000000000004,218,2.5,1017
2018,7,14,13,30,30.3,45.95,216,2.5,1016
2018,7,14,14,30,30.3,46.59,215,2.6,1015
2018,7,14,15,30,30,48.18,213,2.6,1015
2018,7,14,16,30,29.200000000000003,51.33,212,2.6,1015
2018,7,14,17,30,27.8,58.68,211,2.7,1014
2018,7,14,18,30,26.1,66.82000000000001,213,2.7,1015
2018,7,14,19,30,24.900000000000002,69.94,217,2.9000000000000004,1015
2018,7,14,20,30,24.3,71.95,222,2.9000000000000004,1015
2018,7,14,21,30,23.6,74.75,229,2.7,1015
2018,7,14,22,30,22.900000000000002,78.10000000000001,238,2.4000000000000004,1015
2018,7,14,23,30,22.3,82.32000000000001,246,2.3000000000000003,1015
2018,7,15,0,30,21.8,86.45,255,2.3000000000000003,1015
2018,7,15,1,30,21.6,89.01,264,2.4000000000000004,1016
2018,7,15,2,30,21.400000000000002,91.01,270,2.3000000000000003,1016
2018,7,15,3,30,21.200000000000003,93.16,273,2,1016
2018,7,15,4,30,21.1,93.76,263,1.7000000000000002,1015
2018,7,15,5,30,21.3,92.54,244,1.7000000000000002,1015
2018,7,15,6,30,21.8,91.32000000000001,236,1.8,1014
2018,7,15,7,30,22.900000000000002,89.33,239,1.7000000000000002,1014
2018,7,15,8,30,24.1,86.10000000000001,245,1.5,1014
2018,7,15,9,30,25.1,82.43,253,1.3,1014
2018,7,15,10,30,26,78.4,256,1.2000000000000002,1014
2018,7,15,11,30,26.8,73.98,253,1.3,1014
2018,7,15,12,30,27.6,70.46000000000001,244,1.5,1013
2018,7,15,13,30,28.200000000000003,68.28,236,1.7000000000000002,1013
2018,7,15,14,30,28.400000000000002,67.57000000000001,232,1.9000000000000001,1012
2018,7,15,15,30,28.3,68.19,229,2,1012
2018,7,15,16,30,28,70.04,225,2,1012
2018,7,15,17,30,27.1,75.28,221,1.9000000000000001,1012
2018,7,15,18,30,25.6,85.45,218,1.9000000000000001,1013
2018,7,15,19,30,24.400000000000002,90.77,220,1.9000000000000001,1013
2018,7,15,20,30,23.900000000000002,93.01,225,1.9000000000000001,1013
2018,7,15,21,30,23.5,95.23,230,1.8,1014
2018,7,15,22,30,23.1,97.23,235,1.7000000000000002,1014
2018,7,15,23,30,22.8,98.51,240,1.7000000000000002,1014
2018,7,16,0,30,22.400000000000002,100,242,1.6,1013
2018,7,16,1,30,22.1,100,245,1.6,1013
2018,7,16,2,30,21.900000000000002,100,248,1.6,1013
2018,7,16,3,30,21.700000000000003,100,251,1.5,1013
2018,7,16,4,30,22.1,98.43,255,1.5,1014
2018,7,16,5,30,23.400000000000002,92.18,256,1.3,1014
2018,7,16,6,30,25.1,84.61,252,1.1,1014
2018,7,16,7,30,27,75.73,247,1.1,1014
2018,7,16,8,30,28.5,67.39,241,1.1,1014
2018,7,16,9,30,29.6,62.230000000000004,232,1.2000000000000002,1014
2018,7,16,10,30,30.5,58.4,218,1.2000000000000002,1013
2018,7,16,11,30,31.200000000000003,55.93,203,1.4000000000000001,1013
2018,7,16,12,30,31.5,55.07,193,1.8,1012
2018,7,16,13,30,31.400000000000002,55.660000000000004,189,2.2,1012
2018,7,16,14,30,31,57.33,189,2.6,1012
2018,7,16,15,30,30.3,60.58,192,2.9000000000000004,1011
2018,7,16,16,30,29.5,64.62,194,2.9000000000000004,1011
2018,7,16,17,30,28.400000000000002,70.54,194,2.7,1011
2018,7,16,18,30,26.900000000000002,79.52,194,2.5,1011
2018,7,16,19,30,25.700000000000003,85.60000000000001,195,2.4000000000000004,1012
2018,7,16,20,30,25.1,88.71000000000001,199,2.4000000000000004,1012
2018,7,16,21,30,24.6,90.78,207,2.4000000000000004,1012
2018,7,16,22,30,24.400000000000002,90.93,217,2.6,1012
2018,7,16,23,30,24.200000000000003,90.8,224,2.7,1012
2018,7,17,0,30,24.1,90.10000000000001,224,2.7,1011
2018,7,17,1,30,23.900000000000002,90.7,221,2.5,1011
2018,7,17,2,30,23.6,92.54,217,2.4000000000000004,1011
2018,7,17,3,30,23.400000000000002,93.99,209,2.3000000000000003,1010
2018,7,17,4,30,23.6,93.18,203,2.5,1010
2018,7,17,5,30,24.5,89.19,201,2.7,1010
2018,7,17,6,30,25.900000000000002,83.15,203,2.8000000000000003,1010
2018,7,17,7,30,27.200000000000003,77.65,203,2.7,1010
2018,7,17,8,30,28.1,73.49,199,2.8000000000000003,1009
2018,7,17,9,30,28.6,71.23,197,2.9000000000000004,1009
2018,7,17,10,30,28.900000000000002,70.05,197,3,1009
2018,7,17,11,30,28.900000000000002,70.34,194,3,1008
2018,7,17,12,30,28.700000000000003,72.17,193,3.1,1008
2018,7,17,13,30,28.1,76.28,192,3.1,1007
2018,7,17,14,30,27.1,83.28,190,3,1007
2018,7,17,15,30,26.1,90.38,185,3,1006
2018,7,17,16,30,25.200000000000003,96.26,184,3.1,1006
2018,7,17,17,30,24.700000000000003,98.74000000000001,190,3.2,1006
2018,7,17,18,30,24.3,99.79,206,3,1007
2018,7,17,19,30,23.8,100,227,2.6,1008
2018,7,17,20,30,23.1,100,253,2,1008
2018,7,17,21,30,22.3,100,283,1.6,1008
2018,7,17,22,30,21.700000000000003,100,309,1.3,1008
2018,7,17,23,30,21.200000000000003,100,317,1.2000000000000002,1008
2018,7,18,0,30,20.700000000000003,100,311,1.3,1009
2018,7,18,1,30,20.400000000000002,100,311,1.5,1009
2018,7,18,2,30,19.900000000000002,100,317,1.8,1009
2018,7,18,3,30,19.400000000000002,100,324,2,1009
2018,7,18,4,30,19.3,97.26,330,2.3000000000000003,1009
2018,7,18,5,30,19.8,93.72,339,2.6,1010
2018,7,18,6,30,21.1,88.58,174,2.9000000000000004,1010
2018,7,18,7,30,23,80.36,10,3.2,1011
2018,7,18,8,30,24.700000000000003,70.83,17,3.2,1011
2018,7,18,9,30,26,63.42,17,2.8000000000000003,1011
2018,7,18,10,30,26.900000000000002,58.78,13,2.4000000000000004,1011
2018,7,18,11,30,27.6,55.21,6,2.1,1011
2018,7,18,12,30,28,52.65,179,1.8,1011
2018,7,18,13,30,28.200000000000003,50.6,351,1.7000000000000002,1010
2018,7,18,14,30,28.200000000000003,49.5,343,1.6,1010
2018,7,18,15,30,27.900000000000002,49.410000000000004,340,1.5,1010
2018,7,18,16,30,27.200000000000003,51.050000000000004,341,1.3,1010
2018,7,18,17,30,25.8,55.480000000000004,346,1.2000000000000002,1011
2018,7,18,18,30,24,65.44,354,1.1,1012
2018,7,18,19,30,22.5,70.12,180,1.4000000000000001,1012
2018,7,18,20,30,21.5,72.41,4,1.8,1013
2018,7,18,21,30,20.6,74.33,8,2.1,1014
2018,7,18,22,30,19.700000000000003,76.84,10,2.1,1014
2018,7,18,23,30,19,78.85000000000001,9,2,1014
2018,7,19,0,30,18.3,81.34,9,2,1014
2018,7,19,1,30,17.7,83.84,10,1.9000000000000001,1015
2018,7,19,2,30,17.2,86.18,14,1.8,1015
2018,7,19,3,30,16.8,88.41,21,1.8,1015
2018,7,19,4,30,17.1,87.08,31,1.9000000000000001,1016
2018,7,19,5,30,18.6,80.84,41,2,1016
2018,7,19,6,30,20.8,70.52,47,2.1,1017
2018,7,19,7,30,22.8,57.72,50,2.1,1017
2018,7,19,8,30,24.200000000000003,48.83,50,1.9000000000000001,1018
2018,7,19,9,30,25.3,43.99,52,1.6,1018
2018,7,19,10,30,26.200000000000003,41.85,62,1.3,1018
2018,7,19,11,30,26.8,40.75,79,1.1,1017
2018,7,19,12,30,27.3,40.2,98,1,1017
2018,7,19,13,30,27.5,40.300000000000004,117,1.1,1017
2018,7,19,14,30,27.5,40.96,134,1.3,1017
2018,7,19,15,30,27.400000000000002,41.61,147,1.5,1017
2018,7,19,16,30,26.900000000000002,44.04,154,1.6,1017
2018,7,19,17,30,25.3,49.32,156,1.7000000000000002,1017
2018,7,19,18,30,22.900000000000002,63.89,156,1.8,1017
2018,7,19,19,30,21.3,70.71000000000001,158,1.9000000000000001,1018
2018,7,19,20,30,20.5,76.58,161,1.8,1018
2018,7,19,21,30,19.900000000000002,81.77,166,1.7000000000000002,1018
2018,7,19,22,30,19.5,85.37,171,1.6,1018
2018,7,19,23,30,19.200000000000003,88.2,178,1.5,1019
2018,7,20,0,30,18.900000000000002,90.88,187,1.5,1019
2018,7,20,1,30,18.6,93.11,195,1.4000000000000001,1019
2018,7,20,2,30,18.400000000000002,94.44,202,1.3,1019
2018,7,20,3,30,18.2,95.68,209,1.2000000000000002,1019
2018,7,20,4,30,18.8,92.45,214,0.8,1019
2018,7,20,5,30,20.400000000000002,86.57000000000001,204,0.5,1019
2018,7,20,6,30,22.700000000000003,75.12,168,0.4,1020
2018,7,20,7,30,24.700000000000003,59.79,135,0.7000000000000001,1020
2018,7,20,8,30,25.8,54.980000000000004,123,1.2000000000000002,1020
2018,7,20,9,30,26.6,53.11,124,1.6,1020
2018,7,20,10,30,27,52.050000000000004,130,2.1,1020
2018,7,20,11,30,27.200000000000003,51.34,134,2.4000000000000004,1019
2018,7,20,12,30,27.200000000000003,50.85,137,2.6,1019
2018,7,20,13,30,27,50.78,141,2.7,1019
2018,7,20,14,30,26.5,51.620000000000005,145,2.6,1018
2018,7,20,15,30,25.8,53.120000000000005,149,2.5,1018
2018,7,20,16,30,25,54.76,150,2.4000000000000004,1018
2018,7,20,17,30,23.8,58.13,150,2.3000000000000003,1018
2018,7,20,18,30,22,66.38,150,2.1,1018
2018,7,20,19,30,20.5,74.31,151,2,1019
2018,7,20,20,30,19.8,77.77,153,2.1,1019
2018,7,20,21,30,19.200000000000003,80.95,155,2.1,1019
2018,7,20,22,30,18.7,83.53,155,2,1018
2018,7,20,23,30,18.3,85.41,154,1.9000000000000001,1018
2018,7,21,0,30,18.1,85.83,152,1.8,1018
2018,7,21,1,30,18,85.42,149,1.7000000000000002,1018
2018,7,21,2,30,17.900000000000002,84.86,142,1.7000000000000002,1018
2018,7,21,3,30,17.8,84.09,130,1.7000000000000002,1018
2018,7,21,4,30,18.400000000000002,80.49,113,1.7000000000000002,1017
2018,7,21,5,30,20,77.01,99,2,1017
2018,7,21,6,30,21.3,71.60000000000001,93,2.6,1017
2018,7,21,7,30,22.1,65.11,94,3.1,1017
2018,7,21,8,30,22.900000000000002,60.24,95,3.3000000000000003,1017
2018,7,21,9,30,23.200000000000003,57.68,94,3.4000000000000004,1017
2018,7,21,10,30,23.1,56.47,92,3.4000000000000004,1017
2018,7,21,11,30,23.1,55.22,89,3.6,1017
2018,7,21,12,30,23.1,54.72,87,3.9000000000000004,1016
2018,7,21,13,30,23,56.11,88,4.1000000000000005,1015
2018,7,21,14,30,22.900000000000002,59.74,90,4.3,1015
2018,7,21,15,30,22.700000000000003,65.45,90,4.4,1015
2018,7,21,16,30,22.3,72.51,88,4.5,1014
2018,7,21,17,30,21.8,80.06,84,4.5,1014
2018,7,21,18,30,21.200000000000003,87.05,81,4.6000000000000005,1013
2018,7,21,19,30,20.700000000000003,91.89,80,4.7,1013
2018,7,21,20,30,20.3,94.8,79,4.9,1012
2018,7,21,21,30,20.1,95.85000000000001,82,5.1000000000000005,1011
2018,7,21,22,30,20.200000000000003,95.91,88,5.4,1010
2018,7,21,23,30,20.700000000000003,95.56,95,5.7,1009
2018,7,22,0,30,21.3,95.63,105,6,1007
2018,7,22,1,30,22,95.43,120,6.2,1006
2018,7,22,2,30,22.6,95.7,139,5.9,1006
2018,7,22,3,30,22.700000000000003,97.68,155,5.4,1006
2018,7,22,4,30,22.5,97.76,165,5,1007
2018,7,22,5,30,22.400000000000002,95.89,172,4.800000000000001,1008
2018,7,22,6,30,22.5,94.28,182,4.6000000000000005,1009
2018,7,22,7,30,23.1,89.73,189,4.3,1010
2018,7,22,8,30,24.200000000000003,83.51,189,3.7,1011
2018,7,22,9,30,25.400000000000002,78.33,180,3.1,1012
2018,7,22,10,30,26.3,74.83,165,2.7,1012
2018,7,22,11,30,26.700000000000003,74.04,149,2.8000000000000003,1012
2018,7,22,12,30,26.700000000000003,75.37,139,3.1,1013
2018,7,22,13,30,26.3,78.63,134,3.4000000000000004,1013
2018,7,22,14,30,25.700000000000003,83.35000000000001,134,3.7,1013
2018,7,22,15,30,25.1,88.18,136,3.8000000000000003,1013
2018,7,22,16,30,24.400000000000002,93.66,136,3.8000000000000003,1014
2018,7,22,17,30,23.900000000000002,97.13,132,3.6,1014
2018,7,22,18,30,23.5,98.95,129,3.4000000000000004,1014
2018,7,22,19,30,23.3,99.44,130,3.5,1015
2018,7,22,20,30,23.3,99.36,135,3.4000000000000004,1015
2018,7,22,21,30,23.400000000000002,98.9,142,3.4000000000000004,1015
2018,7,22,22,30,23.5,98.72,152,3.5,1015
2018,7,22,23,30,23.6,98.54,159,3.5,1015
2018,7,23,0,30,23.6,98.68,161,3.5,1015
2018,7,23,1,30,23.6,98.76,158,3.4000000000000004,1015
2018,7,23,2,30,23.6,98.86,151,3.3000000000000003,1015
2018,7,23,3,30,23.5,99.51,142,3.1,1016
2018,7,23,4,30,23.400000000000002,99.7,136,3.2,1016
2018,7,23,5,30,23.6,98.49000000000001,141,3.5,1017
2018,7,23,6,30,23.900000000000002,97.26,147,3.6,1017
2018,7,23,7,30,24.200000000000003,96.8,150,3.5,1018
2018,7,23,8,30,24.5,96.19,153,3.5,1018
2018,7,23,9,30,24.700000000000003,95.36,157,3.4000000000000004,1018
2018,7,23,10,30,25,93.27,157,3.3000000000000003,1018
2018,7,23,11,30,25.3,90.46000000000001,154,3.2,1018
2018,7,23,12,30,25.5,87.87,152,3.3000000000000003,1019
2018,7,23,13,30,25.700000000000003,86.76,150,3.4000000000000004,1019
2018,7,23,14,30,25.700000000000003,88.04,147,3.4000000000000004,1019
2018,7,23,15,30,25.5,90.32000000000001,143,3.3000000000000003,1019
2018,7,23,16,30,25.1,93.28,140,3.3000000000000003,1019
2018,7,23,17,30,24.6,95.88,139,3.3000000000000003,1019
2018,7,23,18,30,24.1,97.38,138,3.2,1019
2018,7,23,19,30,23.8,97.72,139,3.2,1020
2018,7,23,20,30,23.6,98.03,137,3.2,1020
2018,7,23,21,30,23.5,98.31,137,3.2,1021
2018,7,23,22,30,23.400000000000002,98.69,141,3.2,1021
2018,7,23,23,30,23.400000000000002,98.81,143,3.2,1021
2018,7,24,0,30,23.3,99.3,143,3.1,1020
2018,7,24,1,30,23.200000000000003,99.7,142,3,1020
2018,7,24,2,30,23.1,99.95,140,2.8000000000000003,1020
2018,7,24,3,30,23.1,99.56,140,2.8000000000000003,1020
2018,7,24,4,30,23.200000000000003,98.84,140,2.8000000000000003,1021
2018,7,24,5,30,23.700000000000003,96.86,140,2.8000000000000003,1021
2018,7,24,6,30,24.400000000000002,95.45,142,3,1021
2018,7,24,7,30,25.3,92.29,148,3.3000000000000003,1021
2018,7,24,8,30,26.200000000000003,86.58,154,3.5,1021
2018,7,24,9,30,26.900000000000002,80.91,159,3.6,1021
2018,7,24,10,30,27.400000000000002,77.15,161,3.6,1020
2018,7,24,11,30,27.6,75.84,159,3.6,1020
2018,7,24,12,30,27.5,76.10000000000001,155,3.6,1020
2018,7,24,13,30,27.400000000000002,76.33,151,3.5,1019
2018,7,24,14,30,27.200000000000003,76.96000000000001,147,3.5,1019
2018,7,24,15,30,26.700000000000003,78.95,144,3.5,1019
2018,7,24,16,30,26.1,81.91,144,3.4000000000000004,1019
2018,7,24,17,30,25.1,87.91,144,3.2,1018
2018,7,24,18,30,24.200000000000003,94.51,144,2.9000000000000004,1018
2018,7,24,19,30,23.700000000000003,97.77,145,2.8000000000000003,1019
2018,7,24,20,30,23.5,98.56,147,2.8000000000000003,1018
2018,7,24,21,30,23.400000000000002,98.85000000000001,150,2.9000000000000004,1018
2018,7,24,22,30,23.400000000000002,98.53,152,2.9000000000000004,1018
2018,7,24,23,30,23.3,98.73,152,2.9000000000000004,1018
2018,7,25,0,30,23.200000000000003,98.83,151,2.9000000000000004,1017
2018,7,25,1,30,23.200000000000003,98.58,149,2.9000000000000004,1017
2018,7,25,2,30,23.1,98.94,148,2.9000000000000004,1016
2018,7,25,3,30,23.1,98.91,147,3,1016
2018,7,25,4,30,23.200000000000003,98.38,147,3.2,1016
2018,7,25,5,30,23.400000000000002,97.8,152,3.6,1015
2018,7,25,6,30,23.8,97.01,161,3.9000000000000004,1015
2018,7,25,7,30,24.1,97.14,170,3.8000000000000003,1015
2018,7,25,8,30,24.400000000000002,96.47,179,3.6,1014
2018,7,25,9,30,24.900000000000002,92.36,184,3.4000000000000004,1014
2018,7,25,10,30,25.400000000000002,87.16,184,3.2,1014
2018,7,25,11,30,25.700000000000003,83.74,181,3.1,1014
2018,7,25,12,30,25.700000000000003,83.45,180,3,1014
2018,7,25,13,30,25.5,85.01,180,2.8000000000000003,1013
2018,7,25,14,30,25.200000000000003,87.65,181,2.7,1013
2018,7,25,15,30,24.700000000000003,91.29,181,2.6,1013
2018,7,25,16,30,24.200000000000003,94.89,180,2.5,1013
2018,7,25,17,30,23.700000000000003,97.62,174,2.3000000000000003,1012
2018,7,25,18,30,23.3,98.85000000000001,162,2.3000000000000003,1012
2018,7,25,19,30,23,99.44,154,2.5,1012
2018,7,25,20,30,23,99.13,155,3,1012
2018,7,25,21,30,23,99.19,159,3.3000000000000003,1011
2018,7,25,22,30,23.1,98.8,161,3.3000000000000003,1010
2018,7,25,23,30,23.1,98.85000000000001,169,3.4000000000000004,1009
2018,7,26,0,30,23,99.51,182,3.5,1009
2018,7,26,1,30,22.900000000000002,99.71000000000001,196,3.4000000000000004,1008
2018,7,26,2,30,22.8,99.51,205,3.1,1009
2018,7,26,3,30,22.5,100,210,2.5,1009
2018,7,26,4,30,22.400000000000002,99.26,206,1.8,1009
2018,7,26,5,30,22.8,97,194,1.3,1009
2018,7,26,6,30,23.700000000000003,93.91,177,0.8,1009
2018,7,26,7,30,24.5,89.46000000000001,179,0.6000000000000001,1009
2018,7,26,8,30,25.400000000000002,83.32000000000001,224,0.7000000000000001,1009
2018,7,26,9,30,26.400000000000002,76.23,264,1.1,1009
2018,7,26,10,30,27.200000000000003,71.89,267,1.4000000000000001,1010
2018,7,26,11,30,27.900000000000002,69.2,256,1.5,1010
2018,7,26,12,30,28.3,68.21000000000001,237,1.6,1010
2018,7,26,13,30,28.5,67.89,221,1.9000000000000001,1010
2018,7,26,14,30,28.400000000000002,68.98,211,2.1,1010
2018,7,26,15,30,28.3,70.14,207,2.2,1010
2018,7,26,16,30,28,73.78,206,2.2,1010
2018,7,26,17,30,26.900000000000002,80.58,206,2.1,1011
2018,7,26,18,30,25.200000000000003,90.55,207,2.2,1011
2018,7,26,19,30,24,92.54,210,2.3000000000000003,1012
2018,7,26,20,30,23.5,93.59,213,2.4000000000000004,1012
2018,7,26,21,30,23.1,94.92,216,2.3000000000000003,1012
2018,7,26,22,30,22.700000000000003,96.87,219,2.2,1012
2018,7,26,23,30,22.5,97.95,225,2,1012
2018,7,27,0,30,22.200000000000003,99.37,230,1.8,1012
2018,7,27,1,30,22,99.87,230,1.6,1012
2018,7,27,2,30,21.8,100,229,1.5,1012
2018,7,27,3,30,21.6,100,227,1.4000000000000001,1013
2018,7,27,4,30,22,98.79,225,1.4000000000000001,1013
2018,7,27,5,30,23.200000000000003,94.09,220,1.5,1013
2018,7,27,6,30,24.8,87.96000000000001,213,1.5,1013
2018,7,27,7,30,26.200000000000003,83.83,206,1.6,1014
2018,7,27,8,30,27,80.10000000000001,201,1.7000000000000002,1014
2018,7,27,9,30,27.200000000000003,78.14,199,1.8,1014
2018,7,27,10,30,27.200000000000003,77.44,197,1.9000000000000001,1014
2018,7,27,11,30,27.5,76.03,191,2,1014
2018,7,27,12,30,28,72.79,185,2.2,1014
2018,7,27,13,30,28.3,71.53,183,2.4000000000000004,1013
2018,7,27,14,30,28.200000000000003,72.33,183,2.5,1013
2018,7,27,15,30,27.8,75.39,184,2.4000000000000004,1013
2018,7,27,16,30,26.900000000000002,80.94,184,2.2,1014
2018,7,27,17,30,25.700000000000003,88.13,183,2,1014
2018,7,27,18,30,24.5,95.22,182,1.9000000000000001,1014
2018,7,27,19,30,23.700000000000003,98.13,183,1.9000000000000001,1014
2018,7,27,20,30,23.3,99.60000000000001,185,1.8,1014
2018,7,27,21,30,23,100,189,1.7000000000000002,1014
2018,7,27,22,30,22.700000000000003,100,194,1.6,1014
2018,7,27,23,30,22.5,100,198,1.5,1014
2018,7,28,0,30,22.3,100,203,1.4000000000000001,1013
2018,7,28,1,30,22.1,100,210,1.2000000000000002,1013
2018,7,28,2,30,21.900000000000002,100,219,1,1013
2018,7,28,3,30,21.700000000000003,99.46000000000001,227,0.8,1013
2018,7,28,4,30,22,95.9,222,0.5,1013
2018,7,28,5,30,23,93.21000000000001,204,0.4,1014
2018,7,28,6,30,24.5,89.69,176,0.4,1014
2018,7,28,7,30,25.6,85.15,157,0.6000000000000001,1014
2018,7,28,8,30,26,80.97,167,0.9,1014
2018,7,28,9,30,26.5,77.14,191,1.1,1014
2018,7,28,10,30,27.400000000000002,72.83,213,1.1,1014
2018,7,28,11,30,28.6,69.08,225,1,1013
2018,7,28,12,30,29.200000000000003,66.9,225,1,1013
2018,7,28,13,30,29,67.05,223,1.1,1012
2018,7,28,14,30,28.6,68.37,225,1.2000000000000002,1012
2018,7,28,15,30,28.1,70.47,228,1.3,1012
2018,7,28,16,30,27.5,74.18,228,1.4000000000000001,1012
2018,7,28,17,30,26.400000000000002,81.60000000000001,229,1.4000000000000001,1013
2018,7,28,18,30,24.900000000000002,91.63,231,1.4000000000000001,1013
2018,7,28,19,30,23.8,93.25,237,1.6,1013
2018,7,28,20,30,23.3,93.95,245,1.8,1014
2018,7,28,21,30,22.8,94.41,255,1.9000000000000001,1014
2018,7,28,22,30,22.3,94.7,268,1.9000000000000001,1014
2018,7,28,23,30,21.700000000000003,95.58,286,2,1014
2018,7,29,0,30,21.200000000000003,96.18,307,2.1,1015
2018,7,29,1,30,20.8,96.34,326,2.4000000000000004,1015
2018,7,29,2,30,20.400000000000002,96.51,339,2.5,1015
2018,7,29,3,30,20,96.39,347,2.4000000000000004,1016
2018,7,29,4,30,20,93.48,351,2.2,1016
2018,7,29,5,30,20.700000000000003,88.8,351,2.1,1017
2018,7,29,6,30,21.8,82.32000000000001,351,2,1017
2018,7,29,7,30,22.8,74.46000000000001,349,1.9000000000000001,1017
2018,7,29,8,30,23.6,69.21000000000001,340,1.7000000000000002,1017
2018,7,29,9,30,24.200000000000003,66.07000000000001,324,1.4000000000000001,1017
2018,7,29,10,30,24.900000000000002,62.93,306,1.3,1017
2018,7,29,11,30,25.700000000000003,59.730000000000004,288,1.3,1017
2018,7,29,12,30,26.400000000000002,57.63,272,1.3,1017
2018,7,29,13,30,26.8,56.74,260,1.3,1017
2018,7,29,14,30,26.8,57.410000000000004,249,1.3,1017
2018,7,29,15,30,26.700000000000003,58.09,241,1.2000000000000002,1017
2018,7,29,16,30,26.400000000000002,61.42,237,1.1,1017
2018,7,29,17,30,25.3,67.39,233,1.1,1017
2018,7,29,18,30,23.6,79.78,231,1.3,1017
2018,7,29,19,30,22.6,79.33,231,1.5,1018
2018,7,29,20,30,22,80.24,235,1.7000000000000002,1018
2018,7,29,21,30,21.400000000000002,82.14,243,1.8,1018
2018,7,29,22,30,20.8,83.61,255,1.7000000000000002,1018
2018,7,29,23,30,20.200000000000003,84.55,268,1.6,1018
2018,7,30,0,30,19.700000000000003,85.74,284,1.5,1018
2018,7,30,1,30,19.200000000000003,87.59,301,1.4000000000000001,1019
2018,7,30,2,30,18.8,89.09,321,1.3,1019
2018,7,30,3,30,18.400000000000002,90.67,343,1.2000000000000002,1019
2018,7,30,4,30,18.7,89.12,184,1.2000000000000002,1019
2018,7,30,5,30,20.1,84.96000000000001,22,1.4000000000000001,1019
2018,7,30,6,30,21.6,79.75,38,1.4000000000000001,1019
2018,7,30,7,30,23.200000000000003,76.06,60,1.3,1019
2018,7,30,8,30,24.6,70.89,89,1.2000000000000002,1019
2018,7,30,9,30,25.400000000000002,67.71000000000001,118,1.2000000000000002,1019
2018,7,30,10,30,25.700000000000003,66.82000000000001,145,1.3,1019
2018,7,30,11,30,25.8,66.9,168,1.5,1019
2018,7,30,12,30,25.700000000000003,67.68,177,1.7000000000000002,1019
2018,7,30,13,30,25.6,68.33,175,1.9000000000000001,1019
2018,7,30,14,30,25.200000000000003,70.05,175,2.1,1019
2018,7,30,15,30,24.5,73.07000000000001,173,2.2,1018
2018,7,30,16,30,23.6,79.16,166,2,1018
2018,7,30,17,30,22.700000000000003,86.83,162,1.7000000000000002,1018
2018,7,30,18,30,21.8,90.22,158,1.4000000000000001,1018
2018,7,30,19,30,21,90.31,146,1.2000000000000002,1018
2018,7,30,20,30,20.6,90.8,130,1.2000000000000002,1018
2018,7,30,21,30,20.5,90.14,115,1.2000000000000002,1018
2018,7,30,22,30,20.5,88.95,98,1.1,1018
2018,7,30,23,30,20.6,87.71000000000001,79,1.1,1018
2018,7,31,0,30,20.6,87.96000000000001,62,1.1,1018
2018,7,31,1,30,20.5,88.92,50,1.2000000000000002,1018
2018,7,31,2,30,20.3,90.2,47,1.4000000000000001,1018
2018,7,31,3,30,20.1,91.37,47,1.6,1018
2018,7,31,4,30,20.200000000000003,90.68,50,1.6,1018
2018,7,31,5,30,21.200000000000003,88.71000000000001,56,1.5,1018
2018,7,31,6,30,22.700000000000003,82.17,66,1.5,1019
2018,7,31,7,30,24,73.93,77,1.5,1019
2018,7,31,8,30,25,67.29,89,1.5,1019
2018,7,31,9,30,25.8,63.5,102,1.5,1019
2018,7,31,10,30,26.400000000000002,62.46,115,1.6,1018
2018,7,31,11,30,26.700000000000003,63.08,126,1.8,1018
2018,7,31,12,30,26.6,65.18,134,1.9000000000000001,1018
2018,7,31,13,30,26.3,67.83,137,1.9000000000000001,1018
2018,7,31,14,30,26,70.45,136,1.8,1018
2018,7,31,15,30,25.6,73.34,133,1.8,1018
2018,7,31,16,30,24.900000000000002,77.72,128,1.8,1018
2018,7,31,17,30,24,83.62,124,1.8,1017
2018,7,31,18,30,23.1,89.82000000000001,122,1.8,1017
2018,7,31,19,30,24,90.74,222,1,1015
2018,7,31,20,30,23.3,92.85000000000001,250,0.9,1016
2018,7,31,21,30,22.700000000000003,94.09,281,1,1015
2018,7,31,22,30,22.400000000000002,94.97,296,1.2000000000000002,1015
2018,7,31,23,30,22.3,95.36,301,1.3,1015
2019,8,1,0,30,22.1,96.46000000000001,305,1.3,1015
2019,8,1,1,30,22,96.94,309,1.3,1015
2019,8,1,2,30,21.8,97.76,314,1.2000000000000002,1015
2019,8,1,3,30,21.6,98.5,321,1.3,1016
2019,8,1,4,30,21.6,97.58,331,1.3,1016
2019,8,1,5,30,21.900000000000002,95.99000000000001,340,1.3,1016
2019,8,1,6,30,22.5,93.97,346,1.3,1017
2019,8,1,7,30,23.700000000000003,89.67,174,1.2000000000000002,1017
2019,8,1,8,30,25.1,80.76,5,1.2000000000000002,1017
2019,8,1,9,30,26.6,68.78,13,1.1,1017
2019,8,1,10,30,27.700000000000003,61.78,22,1,1017
2019,8,1,11,30,28.5,57.46,35,0.7000000000000001,1017
2019,8,1,12,30,28.900000000000002,55.56,56,0.5,1017
2019,8,1,13,30,29.1,54.730000000000004,86,0.4,1017
2019,8,1,14,30,29.3,53.660000000000004,128,0.30000000000000004,1016
2019,8,1,15,30,29.400000000000002,54.9,171,0.4,1016
2019,8,1,16,30,29,59.09,195,0.6000000000000001,1016
2019,8,1,17,30,27.6,61.02,201,1,1017
2019,8,1,18,30,26.1,72.88,202,1.3,1017
2019,8,1,19,30,25.1,74.28,204,1.4000000000000001,1017
2019,8,1,20,30,24.400000000000002,76.91,208,1.5,1017
2019,8,1,21,30,23.8,79.85000000000001,215,1.5,1017
2019,8,1,22,30,23.3,82.74,224,1.5,1018
2019,8,1,23,30,23.1,83.94,236,1.4000000000000001,1018
2019,8,2,0,30,22.8,85.58,251,1.2000000000000002,1018
2019,8,2,1,30,22.5,87.21000000000001,267,1,1018
2019,8,2,2,30,22.1,89.14,280,0.9,1018
2019,8,2,3,30,21.900000000000002,89.68,291,0.7000000000000001,1018
2019,8,2,4,30,21.900000000000002,88.94,315,0.4,1019
2019,8,2,5,30,22.700000000000003,86.32000000000001,214,0.30000000000000004,1019
2019,8,2,6,30,24.200000000000003,78.94,120,0.30000000000000004,1019
2019,8,2,7,30,26,69.5,150,0.30000000000000004,1019
2019,8,2,8,30,27.3,63.89,156,0.30000000000000004,1019
2019,8,2,9,30,28.200000000000003,61.07,152,0.4,1018
2019,8,2,10,30,28.6,59.69,149,0.7000000000000001,1018
2019,8,2,11,30,28.700000000000003,59.08,154,1.1,1018
2019,8,2,12,30,28.5,60.19,159,1.5,1018
2019,8,2,13,30,28.200000000000003,61.97,162,1.8,1018
2019,8,2,14,30,27.8,64,164,2,1018
2019,8,2,15,30,27.3,66.27,166,2.1,1017
2019,8,2,16,30,26.6,69.25,167,2.1,1017
2019,8,2,17,30,25.400000000000002,75.36,169,1.9000000000000001,1017
2019,8,2,18,30,24,84.17,171,1.8,1017
2019,8,2,19,30,23.1,87.86,174,1.7000000000000002,1017
2019,8,2,20,30,22.6,90.54,178,1.6,1018
2019,8,2,21,30,22.200000000000003,92.82000000000001,182,1.5,1017
2019,8,2,22,30,21.8,95.49,186,1.4000000000000001,1017
2019,8,2,23,30,21.5,97.93,189,1.4000000000000001,1017
2019,8,3,0,30,21.3,99.66,190,1.3,1017
2019,8,3,1,30,21.1,100,188,1.3,1016
2019,8,3,2,30,21,100,184,1.4000000000000001,1016
2019,8,3,3,30,21,100,180,1.4000000000000001,1016
2019,8,3,4,30,21.400000000000002,98.27,179,1.4000000000000001,1016
2019,8,3,5,30,22.900000000000002,91.98,183,1.3,1017
2019,8,3,6,30,24.400000000000002,86.57000000000001,189,1.2000000000000002,1017
2019,8,3,7,30,25.5,79.24,190,1.1,1017
2019,8,3,8,30,26.5,72.58,185,1,1016
2019,8,3,9,30,27.3,68.43,179,1.1,1016
2019,8,3,10,30,27.900000000000002,66.06,174,1.3,1015
2019,8,3,11,30,28.3,64.95,172,1.5,1014
2019,8,3,12,30,28.5,64.76,171,1.7000000000000002,1014
2019,8,3,13,30,28.5,65.51,170,1.9000000000000001,1013
2019,8,3,14,30,28.400000000000002,66.46000000000001,170,2,1013
2019,8,3,15,30,28.400000000000002,67.15,172,2.2,1012
2019,8,3,16,30,27.700000000000003,71.79,174,2.3000000000000003,1012
2019,8,3,17,30,26.3,79.08,177,2.2,1012
2019,8,3,18,30,24.900000000000002,89.02,182,2.1,1012
2019,8,3,19,30,24.200000000000003,90.68,187,2,1012
2019,8,3,20,30,23.8,92.4,193,1.8,1013
2019,8,3,21,30,23.5,93.27,202,1.7000000000000002,1012
2019,8,3,22,30,23,94.95,216,1.7000000000000002,1012
2019,8,3,23,30,22.400000000000002,96.83,233,1.6,1012
2019,8,4,0,30,21.900000000000002,98,250,1.7000000000000002,1012
2019,8,4,1,30,21.5,98.23,267,1.7000000000000002,1012
2019,8,4,2,30,21.200000000000003,97.99000000000001,282,1.7000000000000002,1012
2019,8,4,3,30,21,97.35000000000001,294,1.7000000000000002,1011
2019,8,4,4,30,21.200000000000003,95.4,304,1.6,1011
2019,8,4,5,30,21.900000000000002,93.19,315,1.5,1011
2019,8,4,6,30,23,89.79,328,1.4000000000000001,1012
2019,8,4,7,30,24.8,82.46000000000001,343,1.4000000000000001,1012
2019,8,4,8,30,26.400000000000002,70.05,353,1.3,1012
2019,8,4,9,30,27.6,62.92,358,1.1,1012
2019,8,4,10,30,28.6,58.45,181,0.9,1011
2019,8,4,11,30,29.3,55.21,4,0.5,1011
2019,8,4,12,30,29.8,53.06,103,0.30000000000000004,1010
2019,8,4,13,30,29.900000000000002,53.31,200,0.4,1010
2019,8,4,14,30,29.900000000000002,53.93,202,0.7000000000000001,1010
2019,8,4,15,30,29.6,55.61,205,0.9,1010
2019,8,4,16,30,28.900000000000002,59.800000000000004,208,1,1010
2019,8,4,17,30,27.5,67.04,208,1.1,1010
2019,8,4,18,30,25.900000000000002,80.17,212,1.1,1011
2019,8,4,19,30,24.900000000000002,83.23,222,1,1011
2019,8,4,20,30,24.3,86.61,240,0.8,1012
2019,8,4,21,30,23.8,89.28,266,0.7000000000000001,1012
2019,8,4,22,30,23.200000000000003,92.25,298,0.8,1012
2019,8,4,23,30,22.700000000000003,93.71000000000001,328,1,1012
2019,8,5,0,30,22.1,94.72,350,1.3,1012
2019,8,5,1,30,21.5,95.24,182,1.7000000000000002,1012
2019,8,5,2,30,21,95.67,9,2,1012
2019,8,5,3,30,20.400000000000002,96.8,15,2.1,1013
2019,8,5,4,30,20.1,95.68,21,2.2,1013
2019,8,5,5,30,20.5,91.05,28,2.3000000000000003,1014
2019,8,5,6,30,21.700000000000003,82.55,38,2.3000000000000003,1014
2019,8,5,7,30,23.200000000000003,73.14,48,2.3000000000000003,1014
2019,8,5,8,30,24.6,65.42,58,2.2,1014
2019,8,5,9,30,25.700000000000003,61.04,68,1.9000000000000001,1014
2019,8,5,10,30,26.6,59.26,76,1.6,1014
2019,8,5,11,30,27.200000000000003,58.94,82,1.4000000000000001,1014
2019,8,5,12,30,27.400000000000002,59.63,88,1.2000000000000002,1013
2019,8,5,13,30,27.400000000000002,60.26,94,1.2000000000000002,1013
2019,8,5,14,30,27.200000000000003,61.730000000000004,97,1.2000000000000002,1013
2019,8,5,15,30,27.1,62.96,98,1.3,1013
2019,8,5,16,30,26.900000000000002,65.45,98,1.3,1013
2019,8,5,17,30,25.8,70.07000000000001,98,1.2000000000000002,1013
2019,8,5,18,30,24.200000000000003,80.08,97,1.3,1013
2019,8,5,19,30,23.1,83.59,99,1.5,1013
2019,8,5,20,30,22.5,88.43,100,1.5,1013
2019,8,5,21,30,22.1,92.62,97,1.5,1012
2019,8,5,22,30,21.700000000000003,96.39,91,1.4000000000000001,1012
2019,8,5,23,30,21.5,98.7,83,1.4000000000000001,1012
2019,8,6,0,30,21.3,100,81,1.4000000000000001,1011
2019,8,6,1,30,21.3,100,87,1.3,1012
2019,8,6,2,30,21.5,100,92,1.1,1011
2019,8,6,3,30,21.700000000000003,99.31,92,1,1011
2019,8,6,4,30,21.900000000000002,97.84,97,1,1011
2019,8,6,5,30,22.5,94.88,99,1,1011
2019,8,6,6,30,23.3,93.14,94,1,1011
2019,8,6,7,30,23.8,90.62,96,1,1011
2019,8,6,8,30,24.400000000000002,86.98,103,0.9,1011
2019,8,6,9,30,24.900000000000002,82.5,105,0.9,1011
2019,8,6,10,30,25.400000000000002,78.35000000000001,109,0.9,1011
2019,8,6,11,30,25.8,75.53,118,0.9,1010
2019,8,6,12,30,26.200000000000003,73.03,129,1,1010
2019,8,6,13,30,26.3,72.55,140,1.2000000000000002,1010
2019,8,6,14,30,26.3,73,146,1.5,1009
2019,8,6,15,30,26,75.14,149,1.7000000000000002,1009
2019,8,6,16,30,25.6,78,155,1.7000000000000002,1009
2019,8,6,17,30,24.700000000000003,83.7,163,1.6,1009
2019,8,6,18,30,23.700000000000003,90.47,171,1.5,1009
2019,8,6,19,30,23.200000000000003,92.39,177,1.5,1009
2019,8,6,20,30,23,93.66,182,1.6,1009
2019,8,6,21,30,22.8,94.89,186,1.7000000000000002,1009
2019,8,6,22,30,22.6,95.8,191,1.8,1009
2019,8,6,23,30,22.5,96.12,195,1.9000000000000001,1009
2019,8,7,0,30,22.3,96.92,200,1.9000000000000001,1009
2019,8,7,1,30,22.1,97.65,201,2,1009
2019,8,7,2,30,22.1,97.53,200,1.9000000000000001,1009
2019,8,7,3,30,22.1,97.94,197,1.9000000000000001,1009
2019,8,7,4,30,22.3,97.3,193,1.9000000000000001,1009
2019,8,7,5,30,23,95.09,189,2.1,1009
2019,8,7,6,30,24,93.45,186,2.3000000000000003,1009
2019,8,7,7,30,25,91.37,185,2.5,1009
2019,8,7,8,30,26.1,86.65,185,2.5,1009
2019,8,7,9,30,27.200000000000003,79.22,184,2.6,1008
2019,8,7,10,30,27.900000000000002,74.32000000000001,183,2.8000000000000003,1008
2019,8,7,11,30,28.3,71.84,185,3.1,1008
2019,8,7,12,30,28.400000000000002,71.29,187,3.3000000000000003,1008
2019,8,7,13,30,28.200000000000003,72.60000000000001,188,3.4000000000000004,1007
2019,8,7,14,30,27.6,76.82000000000001,188,3.4000000000000004,1007
2019,8,7,15,30,26.6,84.2,185,3.4000000000000004,1007
2019,8,7,16,30,25.6,91.61,184,3.4000000000000004,1007
2019,8,7,17,30,24.6,97.08,187,3.4000000000000004,1007
2019,8,7,18,30,24,98.51,193,3.3000000000000003,1007
2019,8,7,19,30,23.5,98.73,199,3.1,1007
2019,8,7,20,30,23,99.32000000000001,204,2.9000000000000004,1007
2019,8,7,21,30,22.6,99.10000000000001,208,2.8000000000000003,1007
2019,8,7,22,30,22.3,98.76,214,2.7,1007
2019,8,7,23,30,22,99.04,224,2.5,1006
2019,8,8,0,30,21.6,99.38,235,2.2,1006
2019,8,8,1,30,21.200000000000003,99.74000000000001,249,2.1,1006
2019,8,8,2,30,20.8,100,262,2,1006
2019,8,8,3,30,20.3,100,274,1.8,1006
2019,8,8,4,30,20.3,97.08,277,1.6,1006
2019,8,8,5,30,21,94.16,270,1.7000000000000002,1006
2019,8,8,6,30,22.1,91.58,260,1.7000000000000002,1006
2019,8,8,7,30,23.6,87.59,250,1.8,1006
2019,8,8,8,30,25.200000000000003,78.94,242,2,1006
2019,8,8,9,30,26.1,71.84,236,2.2,1006
2019,8,8,10,30,26.8,67.78,232,2.3000000000000003,1006
2019,8,8,11,30,27.5,65.37,228,2.4000000000000004,1005
2019,8,8,12,30,28,64.08,227,2.5,1005
2019,8,8,13,30,28.200000000000003,64.07000000000001,227,2.6,1004
2019,8,8,14,30,28.1,65.5,229,2.6,1004
2019,8,8,15,30,27.700000000000003,68.28,229,2.5,1004
2019,8,8,16,30,26.900000000000002,73.3,227,2.3000000000000003,1004
2019,8,8,17,30,25.6,82.41,224,2.1,1004
2019,8,8,18,30,24,91.61,223,2.1,1005
2019,8,8,19,30,23.1,92.79,224,2.2,1005
2019,8,8,20,30,22.6,93.66,228,2.2,1005
2019,8,8,21,30,22.1,94.49,233,2.1,1005
2019,8,8,22,30,21.700000000000003,95.04,240,2,1005
2019,8,8,23,30,21.3,95.83,249,2,1005
2019,8,9,0,30,21,95.97,263,2,1005
2019,8,9,1,30,20.6,96.73,277,2,1005
2019,8,9,2,30,20.200000000000003,97.89,290,1.9000000000000001,1005
2019,8,9,3,30,19.8,99.60000000000001,300,1.9000000000000001,1006
2019,8,9,4,30,19.700000000000003,99.21000000000001,307,1.9000000000000001,1006
2019,8,9,5,30,20.5,94.68,312,2,1007
2019,8,9,6,30,22,87.76,322,2,1007
2019,8,9,7,30,23.700000000000003,75.74,330,2,1007
2019,8,9,8,30,25,63.46,324,1.8,1007
2019,8,9,9,30,26,55.45,307,1.7000000000000002,1007
2019,8,9,10,30,26.8,52.95,285,1.6,1007
2019,8,9,11,30,27.3,52.38,264,1.5,1006
2019,8,9,12,30,27.5,53,248,1.6,1006
2019,8,9,13,30,27.6,53.7,239,1.7000000000000002,1006
2019,8,9,14,30,27.400000000000002,55.45,236,1.7000000000000002,1005
2019,8,9,15,30,27.1,58.01,237,1.6,1005
2019,8,9,16,30,26.400000000000002,62.51,241,1.4000000000000001,1005
2019,8,9,17,30,25,71.15,245,1.2000000000000002,1006
2019,8,9,18,30,23.3,82.62,252,1.1,1006
2019,8,9,19,30,22.200000000000003,85.39,267,1.2000000000000002,1007
2019,8,9,20,30,21.5,87.27,285,1.4000000000000001,1007
2019,8,9,21,30,20.900000000000002,87.92,298,1.6,1007
2019,8,9,22,30,20.3,88.47,305,1.8,1007
2019,8,9,23,30,19.8,88.71000000000001,306,1.9000000000000001,1008
2019,8,10,0,30,19.3,89.28,304,1.9000000000000001,1008
2019,8,10,1,30,18.8,90.39,302,1.9000000000000001,1008
2019,8,10,2,30,18.3,91.96000000000001,303,2,1008
2019,8,10,3,30,18,92.45,304,2,1008
2019,8,10,4,30,18,91.15,303,2,1008
2019,8,10,5,30,18.8,87.01,300,2,1009
2019,8,10,6,30,20.700000000000003,78.71000000000001,298,2,1009
2019,8,10,7,30,22.700000000000003,69.68,300,2.1,1009
2019,8,10,8,30,24.200000000000003,60.050000000000004,297,2.3000000000000003,1009
2019,8,10,9,30,25.1,55.01,286,2.5,1009
2019,8,10,10,30,25.8,52.61,275,2.6,1008
2019,8,10,11,30,26.200000000000003,51.92,268,2.7,1008
2019,8,10,12,30,26.5,51.63,267,2.7,1008
2019,8,10,13,30,26.5,52.09,272,2.7,1008
2019,8,10,14,30,26.200000000000003,53.02,281,2.6,1008
2019,8,10,15,30,25.6,54.85,292,2.6,1008
2019,8,10,16,30,24.8,57.85,303,2.5,1008
2019,8,10,17,30,23.400000000000002,64.23,315,2.3000000000000003,1009
2019,8,10,18,30,21.700000000000003,72.91,325,2.3000000000000003,1010
2019,8,10,19,30,20.6,75.79,333,2.3000000000000003,1011
2019,8,10,20,30,19.900000000000002,77.99,340,2.2,1012
2019,8,10,21,30,19.1,80.78,347,2.2,1012
2019,8,10,22,30,18.400000000000002,83.32000000000001,355,2.1,1013
2019,8,10,23,30,17.7,85.45,179,2,1013
2019,8,11,0,30,17.3,84.94,179,1.8,1013
2019,8,11,1,30,17,84.19,354,1.7000000000000002,1013
2019,8,11,2,30,16.8,84.01,345,1.6,1013
2019,8,11,3,30,16.5,85.22,337,1.7000000000000002,1014
2019,8,11,4,30,16.6,84.81,334,1.7000000000000002,1014
2019,8,11,5,30,17.6,81.12,335,1.8,1015
2019,8,11,6,30,19.700000000000003,72.72,336,1.7000000000000002,1015
2019,8,11,7,30,21.900000000000002,64.7,338,1.8,1015
2019,8,11,8,30,23.5,55.160000000000004,333,1.7000000000000002,1015
2019,8,11,9,30,24.400000000000002,51.25,314,1.5,1015
2019,8,11,10,30,25.200000000000003,49.050000000000004,289,1.5,1015
2019,8,11,11,30,25.700000000000003,48.42,273,1.7000000000000002,1015
2019,8,11,12,30,26.1,48.35,266,1.8,1014
2019,8,11,13,30,26.200000000000003,49.32,264,1.8,1014
2019,8,11,14,30,26.1,50.79,264,1.7000000000000002,1014
2019,8,11,15,30,25.8,52.94,265,1.6,1013
2019,8,11,16,30,25.200000000000003,56.71,268,1.4000000000000001,1013
2019,8,11,17,30,23.8,64.82000000000001,271,1.2000000000000002,1013
2019,8,11,18,30,21.900000000000002,76.09,274,1.2000000000000002,1014
2019,8,11,19,30,20.8,77.5,277,1.3,1014
2019,8,11,20,30,20.200000000000003,79.69,280,1.5,1015
2019,8,11,21,30,19.6,81.9,282,1.6,1015
2019,8,11,22,30,19,84.01,283,1.7000000000000002,1015
2019,8,11,23,30,18.5,85.44,283,1.7000000000000002,1014
2019,8,12,0,30,18,87.10000000000001,279,1.7000000000000002,1014
2019,8,12,1,30,17.6,88.72,276,1.7000000000000002,1014
2019,8,12,2,30,17.3,89.99,276,1.9000000000000001,1014
2019,8,12,3,30,16.900000000000002,91.39,279,2,1014
2019,8,12,4,30,17,89.7,280,2,1015
2019,8,12,5,30,18.400000000000002,82.84,278,2,1015
2019,8,12,6,30,20.700000000000003,72.93,273,2,1015
2019,8,12,7,30,23.3,65.2,267,2,1015
2019,8,12,8,30,25.3,57,259,2.1,1014
2019,8,12,9,30,26.400000000000002,53.29,250,2.1,1014
2019,8,12,10,30,27.1,51.93,241,2.1,1013
2019,8,12,11,30,27.6,51.08,235,2.2,1012
2019,8,12,12,30,27.900000000000002,51.050000000000004,231,2.2,1012
2019,8,12,13,30,28.1,51.230000000000004,227,2.3000000000000003,1011
2019,8,12,14,30,28,52.42,221,2.3000000000000003,1011
2019,8,12,15,30,27.8,53.89,216,2.3000000000000003,1011
2019,8,12,16,30,27,57.76,211,2.3000000000000003,1010
2019,8,12,17,30,25.5,65.58,206,2.4000000000000004,1010
2019,8,12,18,30,23.6,75.44,201,2.6,1010
2019,8,12,19,30,22.700000000000003,76.38,200,2.8000000000000003,1011
2019,8,12,20,30,22.3,79.58,202,2.8000000000000003,1011
2019,8,12,21,30,22.1,82.10000000000001,205,2.6,1011
2019,8,12,22,30,22.1,84.04,209,2.6,1011
2019,8,12,23,30,22.200000000000003,86.22,213,2.6,1010
2019,8,13,0,30,22.200000000000003,88.66,218,2.6,1010
2019,8,13,1,30,22.200000000000003,90.06,222,2.6,1010
2019,8,13,2,30,22.1,91.11,221,2.5,1009
2019,8,13,3,30,22,92.37,218,2.3000000000000003,1009
2019,8,13,4,30,22.1,93.08,213,2.3000000000000003,1009
2019,8,13,5,30,22.6,91.79,210,2.5,1009
2019,8,13,6,30,23.3,90.37,211,2.6,1009
2019,8,13,7,30,24,89.45,213,2.7,1009
2019,8,13,8,30,24.700000000000003,87.67,217,2.6,1009
2019,8,13,9,30,25.200000000000003,85.72,218,2.3000000000000003,1009
2019,8,13,10,30,25.5,82.75,213,2,1009
2019,8,13,11,30,25.5,81.63,207,1.9000000000000001,1008
2019,8,13,12,30,25.400000000000002,82.07000000000001,200,1.8,1008
2019,8,13,13,30,25.5,81.98,196,1.8,1007
2019,8,13,14,30,25.6,81.94,194,1.8,1007
2019,8,13,15,30,25.6,82.43,193,1.8,1007
2019,8,13,16,30,25.400000000000002,84.83,192,1.7000000000000002,1007
2019,8,13,17,30,24.6,90.60000000000001,193,1.6,1007
2019,8,13,18,30,23.6,96.89,195,1.4000000000000001,1007
2019,8,13,19,30,23.1,97.13,199,1.2000000000000002,1007
2019,8,13,20,30,22.900000000000002,97.45,200,1,1007
2019,8,13,21,30,22.8,97.26,195,0.7000000000000001,1007
2019,8,13,22,30,22.700000000000003,96.87,186,0.5,1007
2019,8,13,23,30,22.5,97.23,269,0.4,1006
2019,8,14,0,30,22.200000000000003,98.2,355,0.5,1006
2019,8,14,1,30,21.8,99.15,352,0.8,1006
2019,8,14,2,30,21.700000000000003,98.54,354,1.1,1006
2019,8,14,3,30,21.6,98.13,181,1.4000000000000001,1006
2019,8,14,4,30,21.5,98.06,13,1.5,1007
2019,8,14,5,30,21.8,96.55,23,1.5,1007
2019,8,14,6,30,22.6,93.87,32,1.5,1008
2019,8,14,7,30,23.700000000000003,90.42,51,1.5,1008
2019,8,14,8,30,24.8,85.46000000000001,71,1.5,1008
2019,8,14,9,30,25.5,80.91,79,1.3,1008
2019,8,14,10,30,25.900000000000002,78.17,81,1.2000000000000002,1008
2019,8,14,11,30,26.200000000000003,75.53,84,1.1,1008
2019,8,14,12,30,26.3,74.66,91,1.2000000000000002,1008
2019,8,14,13,30,26.200000000000003,75.13,99,1.2000000000000002,1008
2019,8,14,14,30,25.900000000000002,76.8,106,1.3,1009
2019,8,14,15,30,25.5,79.03,110,1.2000000000000002,1009
2019,8,14,16,30,24.900000000000002,83.23,108,1.2000000000000002,1009
2019,8,14,17,30,24.200000000000003,88.23,105,1.1,1010
2019,8,14,18,30,23.400000000000002,92.56,102,1,1010
2019,8,14,19,30,22.8,94.16,95,1,1011
2019,8,14,20,30,22.5,95.64,80,0.9,1011
2019,8,14,21,30,22.200000000000003,96.94,61,0.9,1012
2019,8,14,22,30,22,97,43,0.9,1012
2019,8,14,23,30,21.8,97.10000000000001,32,1.1,1012
2019,8,15,0,30,21.6,96.95,34,1.2000000000000002,1012
2019,8,15,1,30,21.400000000000002,96.83,43,1.3,1012
2019,8,15,2,30,21.1,97.25,52,1.4000000000000001,1012
2019,8,15,3,30,20.700000000000003,97.86,58,1.5,1013
2019,8,15,4,30,20.6,96.43,60,1.6,1013
2019,8,15,5,30,21.1,93.94,58,1.8,1014
2019,8,15,6,30,22.3,89.9,56,1.9000000000000001,1014
2019,8,15,7,30,23.8,83.69,56,2,1015
2019,8,15,8,30,25.200000000000003,72.32000000000001,59,2.1,1015
2019,8,15,9,30,26.200000000000003,64.58,65,2.1,1015
2019,8,15,10,30,26.900000000000002,60.34,74,2.1,1015
2019,8,15,11,30,27.3,57.95,84,2.1,1014
2019,8,15,12,30,27.5,56.63,92,2.1,1014
2019,8,15,13,30,27.400000000000002,56.49,98,2.1,1014
2019,8,15,14,30,27,57.370000000000005,102,2.1,1014
2019,8,15,15,30,26.3,59.42,105,2.1,1014
2019,8,15,16,30,25.200000000000003,63.14,106,2.1,1014
2019,8,15,17,30,23.700000000000003,70.68,106,2,1014
2019,8,15,18,30,22.200000000000003,81.03,106,1.9000000000000001,1015
2019,8,15,19,30,21.3,86.55,106,1.9000000000000001,1015
2019,8,15,20,30,20.700000000000003,91.4,107,1.9000000000000001,1015
2019,8,15,21,30,20.200000000000003,95.9,106,1.8,1015
2019,8,15,22,30,19.8,99.2,103,1.7000000000000002,1015
2019,8,15,23,30,19.700000000000003,100,98,1.6,1015
2019,8,16,0,30,19.700000000000003,100,94,1.5,1015
2019,8,16,1,30,19.700000000000003,100,91,1.6,1015
2019,8,16,2,30,19.700000000000003,100,90,1.6,1015
2019,8,16,3,30,19.700000000000003,100,86,1.5,1015
2019,8,16,4,30,19.900000000000002,99.54,82,1.4000000000000001,1016
2019,8,16,5,30,21,94.27,82,1.6,1016
2019,8,16,6,30,22.400000000000002,89.34,88,1.6,1016
2019,8,16,7,30,23.900000000000002,82.15,96,1.3,1016
2019,8,16,8,30,25.3,75.56,103,1,1016
2019,8,16,9,30,26.5,71.07000000000001,111,0.8,1015
2019,8,16,10,30,27.3,68.7,116,0.9,1015
2019,8,16,11,30,27.900000000000002,66.92,120,1,1015
2019,8,16,12,30,28.1,66.72,124,1.2000000000000002,1014
2019,8,16,13,30,28,67.83,128,1.5,1014
2019,8,16,14,30,27.5,70.58,131,1.7000000000000002,1014
2019,8,16,15,30,26.8,74.38,132,1.8,1014
2019,8,16,16,30,25.900000000000002,79.55,131,1.9000000000000001,1014
2019,8,16,17,30,24.8,85.96000000000001,128,1.8,1014
2019,8,16,18,30,23.8,91.78,122,1.6,1014
2019,8,16,19,30,23.1,95.92,116,1.4000000000000001,1014
2019,8,16,20,30,22.8,97.88,112,1.3,1015
2019,8,16,21,30,22.5,99.58,109,1.3,1015
2019,8,16,22,30,22.400000000000002,99.89,108,1.3,1015
2019,8,16,23,30,22.3,100,112,1.3,1015
2019,8,17,0,30,22.200000000000003,100,119,1.3,1015
2019,8,17,1,30,22.200000000000003,100,125,1.2000000000000002,1015
2019,8,17,2,30,22.1,100,128,1.1,1015
2019,8,17,3,30,22,100,128,1,1014
2019,8,17,4,30,22,100,122,0.9,1014
2019,8,17,5,30,22.900000000000002,97.25,112,1,1015
2019,8,17,6,30,24.8,90.95,104,0.9,1015
2019,8,17,7,30,26.6,82.58,93,0.7000000000000001,1015
2019,8,17,8,30,27.700000000000003,73.27,86,0.7000000000000001,1015
2019,8,17,9,30,28.3,68.26,92,0.8,1015
2019,8,17,10,30,28.6,66.14,105,1,1014
2019,8,17,11,30,28.900000000000002,65.47,114,1.2000000000000002,1014
2019,8,17,12,30,29,65.75,121,1.3,1014
2019,8,17,13,30,29,66.2,127,1.3,1013
2019,8,17,14,30,28.700000000000003,67.9,133,1.3,1013
2019,8,17,15,30,28.200000000000003,70.58,139,1.3,1013
2019,8,17,16,30,27.3,75.78,143,1.2000000000000002,1013
2019,8,17,17,30,26,83.60000000000001,142,1.1,1013
2019,8,17,18,30,24.8,91.01,141,1.1,1013
2019,8,17,19,30,24.1,94.45,143,1.1,1013
2019,8,17,20,30,23.700000000000003,97.16,150,1,1014
2019,8,17,21,30,23.5,98.59,163,0.9,1014
2019,8,17,22,30,23.200000000000003,100,176,0.9,1014
2019,8,17,23,30,23,100,182,1,1013
2019,8,18,0,30,22.700000000000003,100,188,1.1,1013
2019,8,18,1,30,22.5,100,194,1.2000000000000002,1013
2019,8,18,2,30,22.3,100,201,1.2000000000000002,1013
2019,8,18,3,30,22.200000000000003,100,207,1.2000000000000002,1014
2019,8,18,4,30,22.3,100,213,1.1,1014
2019,8,18,5,30,23.400000000000002,95.63,223,0.9,1015
2019,8,18,6,30,25.1,92.85000000000001,239,0.8,1015
2019,8,18,7,30,27,83.3,260,0.7000000000000001,1015
2019,8,18,8,30,28.700000000000003,69.31,271,0.6000000000000001,1015
2019,8,18,9,30,29.700000000000003,61.120000000000005,246,0.5,1015
2019,8,18,10,30,30.1,57.51,203,0.6000000000000001,1015
2019,8,18,11,30,30.5,56.14,185,1,1014
2019,8,18,12,30,30.6,56.78,185,1.4000000000000001,1014
2019,8,18,13,30,30.5,58.15,187,1.7000000000000002,1014
2019,8,18,14,30,30.1,60.76,190,1.9000000000000001,1013
2019,8,18,15,30,29.5,64.57000000000001,193,1.9000000000000001,1013
2019,8,18,16,30,28.6,70.19,194,1.8,1013
2019,8,18,17,30,27,80.16,193,1.6,1013
2019,8,18,18,30,25.5,90.43,192,1.6,1014
2019,8,18,19,30,24.8,93.94,190,1.6,1014
2019,8,18,20,30,24.400000000000002,96.73,190,1.7000000000000002,1014
2019,8,18,21,30,24.1,98.8,191,1.7000000000000002,1013
2019,8,18,22,30,23.8,100,192,1.7000000000000002,1013
2019,8,18,23,30,23.5,100,196,1.6,1013
2019,8,19,0,30,23.200000000000003,100,201,1.5,1013
2019,8,19,1,30,23,100,208,1.3,1013
2019,8,19,2,30,22.900000000000002,100,215,1.2000000000000002,1014
2019,8,19,3,30,22.8,100,221,1.1,1014
2019,8,19,4,30,22.900000000000002,100,226,1,1014
2019,8,19,5,30,23.6,97.55,227,1.1,1014
2019,8,19,6,30,24.6,96.36,227,1.2000000000000002,1014
2019,8,19,7,30,25.900000000000002,92.12,227,1.2000000000000002,1014
2019,8,19,8,30,27.400000000000002,82.32000000000001,227,1.3,1014
2019,8,19,9,30,28.700000000000003,71.86,223,1.4000000000000001,1014
2019,8,19,10,30,29.700000000000003,64.59,218,1.6,1014
2019,8,19,11,30,30.3,61.34,213,1.7000000000000002,1013
2019,8,19,12,30,30.6,60.33,210,1.9000000000000001,1013
2019,8,19,13,30,30.6,60.79,209,2,1013
2019,8,19,14,30,30.3,62.440000000000005,210,2.1,1012
2019,8,19,15,30,29.8,65.24,212,2.1,1012
2019,8,19,16,30,28.8,70.62,214,2,1013
2019,8,19,17,30,27.3,79.33,214,2,1013
2019,8,19,18,30,25.6,88.8,216,2.1,1013
2019,8,19,19,30,24.700000000000003,90.62,220,2.1,1014
2019,8,19,20,30,24.1,92.38,226,2.1,1014
2019,8,19,21,30,23.6,93.67,235,2,1014
2019,8,19,22,30,23.3,94.34,245,1.8,1014
2019,8,19,23,30,23.1,95.02,257,1.5,1014
2019,8,20,0,30,23,95.12,272,1.3,1014
2019,8,20,1,30,22.900000000000002,95.42,292,1.1,1015
2019,8,20,2,30,22.900000000000002,95.27,321,1.1,1015
2019,8,20,3,30,22.700000000000003,96.25,171,1.3,1016
2019,8,20,4,30,22.700000000000003,95.99000000000001,12,1.6,1017
2019,8,20,5,30,23.3,92.52,24,1.9000000000000001,1017
2019,8,20,6,30,24.6,85.34,32,2.1,1017
2019,8,20,7,30,26,72.08,41,1.9000000000000001,1018
2019,8,20,8,30,27.3,62.03,47,1.5,1018
2019,8,20,9,30,28.400000000000002,58.94,54,1,1017
2019,8,20,10,30,29.3,57.11,73,0.6000000000000001,1017
2019,8,20,11,30,29.900000000000002,55.81,117,0.5,1017
2019,8,20,12,30,30.200000000000003,55.38,159,0.7000000000000001,1016
2019,8,20,13,30,30.200000000000003,56.410000000000004,175,1,1016
2019,8,20,14,30,30,58.19,178,1.2000000000000002,1016
2019,8,20,15,30,29.5,60.82,175,1.4000000000000001,1016
2019,8,20,16,30,28.5,65.51,170,1.6,1015
2019,8,20,17,30,26.900000000000002,73.22,166,1.6,1016
2019,8,20,18,30,25.6,79,164,1.5,1016
2019,8,20,19,30,24.8,81.95,162,1.3,1016
2019,8,20,20,30,24.200000000000003,85.82000000000001,161,1.1,1016
2019,8,20,21,30,23.8,89.34,160,1,1016
2019,8,20,22,30,23.400000000000002,93.01,158,0.9,1016
2019,8,20,23,30,23.1,96.13,157,0.9,1015
2019,8,21,0,30,22.900000000000002,99.03,156,0.9,1015
2019,8,21,1,30,22.700000000000003,100,159,0.9,1014
2019,8,21,2,30,22.700000000000003,100,165,1,1014
2019,8,21,3,30,22.700000000000003,100,176,1,1014
2019,8,21,4,30,22.8,100,188,1.1,1014
2019,8,21,5,30,23.6,98.51,195,1.3,1014
2019,8,21,6,30,24.700000000000003,95.41,200,1.6,1014
2019,8,21,7,30,25.400000000000002,92.85000000000001,204,1.8,1013
2019,8,21,8,30,26.1,88.76,206,2,1013
2019,8,21,9,30,26.900000000000002,81.16,205,2.3000000000000003,1013
2019,8,21,10,30,27.900000000000002,73.55,204,2.6,1012
2019,8,21,11,30,28.6,69.48,205,3,1011
2019,8,21,12,30,28.900000000000002,68.33,204,3.3000000000000003,1011
2019,8,21,13,30,29,68.58,203,3.4000000000000004,1010
2019,8,21,14,30,28.900000000000002,70.26,202,3.3000000000000003,1010
2019,8,21,15,30,28.400000000000002,74.46000000000001,201,3.2,1010
2019,8,21,16,30,27.5,81.34,197,2.9000000000000004,1010
2019,8,21,17,30,26.400000000000002,88.68,192,2.9000000000000004,1010
2019,8,21,18,30,25.400000000000002,93.99,193,3,1010
2019,8,21,19,30,24.8,95.74000000000001,199,3,1010
2019,8,21,20,30,24.5,96.14,203,2.8000000000000003,1010
2019,8,21,21,30,24.1,97.21000000000001,206,2.6,1010
2019,8,21,22,30,23.900000000000002,97.75,210,2.3000000000000003,1010
2019,8,21,23,30,23.6,99.34,215,2,1010
2019,8,22,0,30,23.200000000000003,100,223,1.8,1009
2019,8,22,1,30,22.900000000000002,100,233,1.7000000000000002,1009
2019,8,22,2,30,22.700000000000003,100,242,1.6,1009
2019,8,22,3,30,22.6,100,250,1.6,1009
2019,8,22,4,30,22.5,100,256,1.5,1010
2019,8,22,5,30,22.900000000000002,98.05,260,1.6,1010
2019,8,22,6,30,23.8,95.02,261,1.6,1010
2019,8,22,7,30,25.5,89.39,266,1.4000000000000001,1010
2019,8,22,8,30,27.5,79.19,275,1.4000000000000001,1010
2019,8,22,9,30,29,68.45,275,1.2000000000000002,1010
2019,8,22,10,30,30.1,61.410000000000004,265,1.1,1010
2019,8,22,11,30,30.8,57.300000000000004,248,1.1,1010
2019,8,22,12,30,31.1,55.68,232,1.3,1009
2019,8,22,13,30,31.1,55.95,223,1.5,1009
2019,8,22,14,30,30.700000000000003,57.59,222,1.8,1009
2019,8,22,15,30,30,60.78,222,1.8,1009
2019,8,22,16,30,29,66.56,220,1.8,1009
2019,8,22,17,30,27.5,75.48,216,1.7000000000000002,1010
2019,8,22,18,30,26.200000000000003,83.53,213,1.8,1010
2019,8,22,19,30,25.5,85.64,210,1.8,1010
2019,8,22,20,30,24.900000000000002,88.51,208,1.9000000000000001,1010
2019,8,22,21,30,24.3,93.17,214,2,1010
2019,8,22,22,30,23.700000000000003,96.55,229,2.1,1010
2019,8,22,23,30,23.200000000000003,97.83,249,2.2,1011
2019,8,23,0,30,22.6,99.56,272,2.1,1011
2019,8,23,1,30,21.8,100,307,2.2,1012
2019,8,23,2,30,20.8,100,165,2.7,1012
2019,8,23,3,30,19.900000000000002,99.26,5,3.1,1013
2019,8,23,4,30,19.3,96.47,10,3,1013
2019,8,23,5,30,19.1,93.35000000000001,9,2.7,1014
2019,8,23,6,30,19.5,89.64,13,2.5,1014
2019,8,23,7,30,20.3,85.13,21,2.4000000000000004,1015
2019,8,23,8,30,21.5,76.64,20,2.2,1015
2019,8,23,9,30,22.3,69.9,13,2,1015
2019,8,23,10,30,22.900000000000002,66.26,6,1.7000000000000002,1015
2019,8,23,11,30,23.6,63.15,175,1.4000000000000001,1014
2019,8,23,12,30,24.200000000000003,60.63,335,1.2000000000000002,1014
2019,8,23,13,30,24.3,60.39,312,1.2000000000000002,1014
2019,8,23,14,30,24.1,61.2,300,1.2000000000000002,1014
2019,8,23,15,30,23.900000000000002,62.47,299,1.3,1014
2019,8,23,16,30,23.6,64.8,307,1.4000000000000001,1014
2019,8,23,17,30,22.700000000000003,70.46000000000001,318,1.4000000000000001,1014
2019,8,23,18,30,21.6,77.09,329,1.4000000000000001,1015
2019,8,23,19,30,21,78.74,344,1.6,1015
2019,8,23,20,30,20.5,80.16,181,2,1016
2019,8,23,21,30,19.900000000000002,81.24,11,2.3000000000000003,1016
2019,8,23,22,30,19.3,82.28,13,2.3000000000000003,1016
2019,8,23,23,30,18.7,84.31,11,2.3000000000000003,1017
2019,8,24,0,30,18.3,85.4,9,2.5,1017
2019,8,24,1,30,18,86.52,11,2.7,1017
2019,8,24,2,30,17.7,88.13,16,2.9000000000000004,1017
2019,8,24,3,30,17.3,89.51,22,3,1018
2019,8,24,4,30,17,89.07000000000001,25,3,1018
2019,8,24,5,30,17.5,84.28,25,3.1,1019
2019,8,24,6,30,18.8,75.91,26,3.4000000000000004,1019
2019,8,24,7,30,20.3,63.5,26,3.4000000000000004,1020
2019,8,24,8,30,21.400000000000002,54.83,23,3.2,1020
2019,8,24,9,30,22.400000000000002,50.230000000000004,17,2.9000000000000004,1020
2019,8,24,10,30,23.200000000000003,47.82,11,2.6,1020
2019,8,24,11,30,23.8,46.69,6,2.2,1020
2019,8,24,12,30,24.3,45.57,6,2,1019
2019,8,24,13,30,24.5,45.25,9,1.7000000000000002,1019
2019,8,24,14,30,24.5,45.5,17,1.5,1019
2019,8,24,15,30,24.200000000000003,46.7,31,1.3,1019
2019,8,24,16,30,23.6,49.25,54,1.1,1019
2019,8,24,17,30,22.200000000000003,57.25,79,1.1,1020
2019,8,24,18,30,21,67.22,97,1.2000000000000002,1021
2019,8,24,19,30,20.3,69.58,105,1.4000000000000001,1021
2019,8,24,20,30,19.700000000000003,73.02,103,1.7000000000000002,1022
2019,8,24,21,30,19.1,76.85000000000001,98,2,1022
2019,8,24,22,30,18.6,80.32000000000001,91,2.2,1022
2019,8,24,23,30,18.2,83.62,84,2.4000000000000004,1022
2019,8,25,0,30,17.900000000000002,85.85000000000001,75,2.6,1022
2019,8,25,1,30,17.6,88.14,66,2.7,1022
2019,8,25,2,30,17.3,90.37,59,2.9000000000000004,1022
2019,8,25,3,30,17,92.36,53,2.9000000000000004,1022
2019,8,25,4,30,16.8,93.51,47,3,1023
2019,8,25,5,30,17.400000000000002,89.8,43,3.3000000000000003,1023
2019,8,25,6,30,18.7,82.54,44,3.7,1023
2019,8,25,7,30,20,72.95,47,3.9000000000000004,1023
2019,8,25,8,30,21.200000000000003,65.4,50,3.9000000000000004,1023
2019,8,25,9,30,22.3,60.18,53,3.8000000000000003,1023
2019,8,25,10,30,23.1,57.1,57,3.8000000000000003,1023
2019,8,25,11,30,23.6,55.59,61,3.8000000000000003,1023
2019,8,25,12,30,23.900000000000002,54.79,67,3.8000000000000003,1022
2019,8,25,13,30,24,54.67,72,3.8000000000000003,1022
2019,8,25,14,30,23.700000000000003,55.84,75,3.7,1021
2019,8,25,15,30,23.200000000000003,58.120000000000005,77,3.6,1021
2019,8,25,16,30,22.400000000000002,62.13,77,3.5,1021
2019,8,25,17,30,21.200000000000003,69.59,76,3.2,1021
2019,8,25,18,30,20,77.34,73,3,1022
2019,8,25,19,30,19.3,80.67,71,2.9000000000000004,1022
2019,8,25,20,30,18.7,83.84,68,2.9000000000000004,1022
2019,8,25,21,30,18.2,86.45,64,3,1022
2019,8,25,22,30,17.7,88.71000000000001,61,3.1,1022
2019,8,25,23,30,17.1,90.96000000000001,57,3.1,1022
2019,8,26,0,30,16.5,92.46000000000001,53,3,1022
2019,8,26,1,30,15.8,93.63,48,2.9000000000000004,1021
2019,8,26,2,30,15.200000000000001,93.94,44,2.8000000000000003,1021
2019,8,26,3,30,14.700000000000001,94.48,40,2.7,1021
2019,8,26,4,30,14.3,95.29,37,2.7,1021
2019,8,26,5,30,14.9,90.74,36,2.9000000000000004,1022
2019,8,26,6,30,16.3,82.34,38,3.1,1022
2019,8,26,7,30,18,73.49,43,3,1022
2019,8,26,8,30,19.6,66.09,48,2.9000000000000004,1022
2019,8,26,9,30,21.1,59.51,54,2.7,1021
2019,8,26,10,30,22.200000000000003,55.26,60,2.5,1021
2019,8,26,11,30,23,52.32,67,2.4000000000000004,1021
2019,8,26,12,30,23.6,50.14,73,2.3000000000000003,1020
2019,8,26,13,30,23.8,49.34,78,2.3000000000000003,1020
2019,8,26,14,30,23.700000000000003,49.660000000000004,82,2.4000000000000004,1019
2019,8,26,15,30,23.3,51.36,84,2.4000000000000004,1019
2019,8,26,16,30,22.400000000000002,55.480000000000004,86,2.4000000000000004,1019
2019,8,26,17,30,20.6,66.32000000000001,89,2.2,1019
2019,8,26,18,30,18.900000000000002,76.26,94,2,1019
2019,8,26,19,30,18,80.35000000000001,97,2,1019
2019,8,26,20,30,17.5,83.84,99,1.9000000000000001,1019
2019,8,26,21,30,17.2,86.17,98,1.9000000000000001,1019
2019,8,26,22,30,17,87.4,97,2,1019
2019,8,26,23,30,16.8,88.33,96,2,1019
2019,8,27,0,30,16.6,88.94,95,2,1019
2019,8,27,1,30,16.3,89.89,94,2,1018
2019,8,27,2,30,16.1,90.21000000000001,92,2,1018
2019,8,27,3,30,16,90.15,89,2,1018
2019,8,27,4,30,16,90,87,1.9000000000000001,1018
2019,8,27,5,30,17,84.94,87,1.9000000000000001,1018
2019,8,27,6,30,18.7,78.44,90,1.9000000000000001,1018
2019,8,27,7,30,19.700000000000003,70.81,95,1.8,1018
2019,8,27,8,30,20.200000000000003,65.59,100,1.6,1018
2019,8,27,9,30,20.6,62.88,103,1.5,1018
2019,8,27,10,30,21.200000000000003,60.6,105,1.6,1017
2019,8,27,11,30,22,58.63,107,1.6,1017
2019,8,27,12,30,22.8,57.09,110,1.7000000000000002,1016
2019,8,27,13,30,23.200000000000003,57.06,118,1.8,1015
2019,8,27,14,30,23.200000000000003,58.49,126,1.8,1015
2019,8,27,15,30,22.900000000000002,61.24,131,1.9000000000000001,1014
2019,8,27,16,30,22.200000000000003,65.48,133,1.9000000000000001,1014
2019,8,27,17,30,20.8,73.15,133,1.6,1014
2019,8,27,18,30,19.400000000000002,82.64,130,1.2000000000000002,1015
2019,8,27,19,30,18.8,86.12,124,1.1,1015
2019,8,27,20,30,18.400000000000002,89.3,117,1,1015
2019,8,27,21,30,18.2,91.66,111,1.1,1015
2019,8,27,22,30,18.1,93.68,108,1.1,1014
2019,8,27,23,30,18.1,95.38,106,1.2000000000000002,1014
2019,8,28,0,30,18.1,96.99000000000001,103,1.3,1014
2019,8,28,1,30,18.1,98.53,103,1.4000000000000001,1013
2019,8,28,2,30,18.1,100,104,1.5,1013
2019,8,28,3,30,18.2,100,101,1.6,1013
2019,8,28,4,30,18.5,100,94,1.6,1013
2019,8,28,5,30,19.6,96.7,89,1.7000000000000002,1013
2019,8,28,6,30,21,91.81,87,1.8,1012
2019,8,28,7,30,21.900000000000002,88.9,88,1.9000000000000001,1012
2019,8,28,8,30,22.5,87.38,88,1.9000000000000001,1012
2019,8,28,9,30,22.8,86.48,85,1.9000000000000001,1012
2019,8,28,10,30,23.200000000000003,84.33,80,1.8,1011
2019,8,28,11,30,23.700000000000003,82.12,76,1.7000000000000002,1011
2019,8,28,12,30,24.1,80.7,73,1.5,1010
2019,8,28,13,30,24.400000000000002,80.10000000000001,71,1.2000000000000002,1009
2019,8,28,14,30,24.400000000000002,81.12,62,0.9,1008
2019,8,28,15,30,24.1,83.58,45,0.7000000000000001,1008
2019,8,28,16,30,23.700000000000003,86.91,22,0.6000000000000001,1008
2019,8,28,17,30,23,93.01,181,0.6000000000000001,1008
2019,8,28,18,30,22.200000000000003,94.16,347,0.6000000000000001,1008
2019,8,28,19,30,21.700000000000003,95.07000000000001,333,0.7000000000000001,1009
2019,8,28,20,30,21.3,96.33,322,0.8,1009
2019,8,28,21,30,21,97.23,312,0.9,1009
2019,8,28,22,30,20.900000000000002,96.98,300,1,1009
2019,8,28,23,30,20.700000000000003,97.42,292,1.3,1009
2019,8,29,0,30,20.5,97.83,293,1.6,1008
2019,8,29,1,30,20.200000000000003,98.33,300,1.8,1008
2019,8,29,2,30,19.8,98.97,311,2,1009
2019,8,29,3,30,19.3,99.51,320,2.2,1009
2019,8,29,4,30,18.900000000000002,99.26,323,2.4000000000000004,1009
2019,8,29,5,30,18.900000000000002,96.60000000000001,324,2.7,1010
2019,8,29,6,30,19.700000000000003,92.21000000000001,325,2.8000000000000003,1010
2019,8,29,7,30,21.3,85.12,331,2.7,1011
2019,8,29,8,30,23.3,71.65,335,2.6,1011
2019,8,29,9,30,24.900000000000002,60.160000000000004,329,2.3000000000000003,1011
2019,8,29,10,30,25.900000000000002,54.39,317,2,1011
2019,8,29,11,30,26.5,51.69,306,1.8,1010
2019,8,29,12,30,26.900000000000002,50.2,296,1.9000000000000001,1010
2019,8,29,13,30,27,49.93,291,2,1010
2019,8,29,14,30,26.700000000000003,50.97,289,2.1,1010
2019,8,29,15,30,26.1,52.95,292,2.1,1011
2019,8,29,16,30,25.1,56.68,296,2,1011
2019,8,29,17,30,23.3,64.58,301,1.8,1012
2019,8,29,18,30,21.400000000000002,73.31,305,1.7000000000000002,1013
2019,8,29,19,30,20.400000000000002,76.94,307,1.8,1013
2019,8,29,20,30,19.700000000000003,80.15,306,1.7000000000000002,1014
2019,8,29,21,30,19.1,82.9,302,1.7000000000000002,1014
2019,8,29,22,30,18.7,84.08,293,1.6,1014
2019,8,29,23,30,18.2,85.14,283,1.6,1014
2019,8,30,0,30,17.8,85.73,273,1.6,1014
2019,8,30,1,30,17.3,87.15,263,1.6,1014
2019,8,30,2,30,16.900000000000002,88.45,252,1.7000000000000002,1014
2019,8,30,3,30,16.6,89.51,243,1.8,1014
2019,8,30,4,30,16.400000000000002,90.95,237,1.9000000000000001,1015
2019,8,30,5,30,17.400000000000002,86.39,235,2.1,1015
2019,8,30,6,30,19.5,77.88,232,2.3000000000000003,1016
2019,8,30,7,30,22,69.08,229,2.5,1016
2019,8,30,8,30,24.400000000000002,59.77,228,2.8000000000000003,1016
2019,8,30,9,30,25.900000000000002,53.64,225,2.9000000000000004,1015
2019,8,30,10,30,26.900000000000002,51.25,221,2.9000000000000004,1015
2019,8,30,11,30,27.700000000000003,50.31,218,3,1014
2019,8,30,12,30,28.1,51.09,216,3,1014
2019,8,30,13,30,28.3,52.45,215,3,1014
2019,8,30,14,30,28.200000000000003,54.46,213,3,1014
2019,8,30,15,30,27.8,57.410000000000004,210,2.9000000000000004,1014
2019,8,30,16,30,26.900000000000002,62.53,208,2.8000000000000003,1014
2019,8,30,17,30,25.1,73.37,207,2.7,1014
2019,8,30,18,30,23.5,79.58,209,2.7,1015
2019,8,30,19,30,22.8,82.15,213,2.7,1016
2019,8,30,20,30,22.3,84.51,220,2.5,1016
2019,8,30,21,30,21.700000000000003,86.7,228,2.2,1017
2019,8,30,22,30,21.1,88.87,238,2,1017
2019,8,30,23,30,20.8,89.53,255,1.8,1017
2019,8,31,0,30,20.400000000000002,90.16,278,1.6,1018
2019,8,31,1,30,20,90.10000000000001,306,1.5,1018
2019,8,31,2,30,19.5,90.75,335,1.5,1018
2019,8,31,3,30,19,91.78,179,1.6,1019
2019,8,31,4,30,18.6,92.14,16,1.9000000000000001,1019
2019,8,31,5,30,19,88.07000000000001,24,2.3000000000000003,1020
2019,8,31,6,30,20.5,78.4,26,2.7,1021
2019,8,31,7,30,22.1,66.47,27,2.8000000000000003,1022
2019,8,31,8,30,23.6,55.94,27,2.6,1022
2019,8,31,9,30,24.8,50.410000000000004,22,2.1,1022
2019,8,31,10,30,25.700000000000003,47.79,14,1.6,1022
2019,8,31,11,30,26.400000000000002,46.15,181,1.1,1021
2019,8,31,12,30,26.8,45.06,342,0.8,1021
2019,8,31,13,30,26.900000000000002,43.53,322,0.7000000000000001,1021
2019,8,31,14,30,26.700000000000003,41.43,308,0.7000000000000001,1021
2019,8,31,15,30,26.1,41.660000000000004,302,0.7000000000000001,1021
2019,8,31,16,30,25,45.28,307,0.6000000000000001,1021
2019,8,31,17,30,23,55.92,324,0.5,1022
2019,8,31,18,30,21.200000000000003,63.35,347,0.7000000000000001,1022
2019,8,31,19,30,20.1,74.16,343,2.6,1013
2019,8,31,20,30,18.900000000000002,72.96000000000001,343,2.8000000000000003,1014
2019,8,31,21,30,17.8,71.10000000000001,341,2.8000000000000003,1014
2019,8,31,22,30,16.8,70.99,340,2.8000000000000003,1015
2019,8,31,23,30,15.9,72.92,341,2.9000000000000004,1015
2017,9,1,0,30,15.100000000000001,75.01,342,2.8000000000000003,1015
2017,9,1,1,30,14.4,77.15,345,2.8000000000000003,1015
2017,9,1,2,30,13.8,79.17,350,2.8000000000000003,1016
2017,9,1,3,30,13.3,80.32000000000001,355,2.8000000000000003,1017
2017,9,1,4,30,12.8,80.99,357,2.7,1017
2017,9,1,5,30,12.9,77.82000000000001,357,2.7,1018
2017,9,1,6,30,13.8,70.23,354,2.9000000000000004,1018
2017,9,1,7,30,15.100000000000001,58.58,350,3,1019
2017,9,1,8,30,16.5,50.02,343,2.8000000000000003,1019
2017,9,1,9,30,18,43.52,335,2.5,1019
2017,9,1,10,30,19.3,38.84,324,2.2,1018
2017,9,1,11,30,20.400000000000002,35.56,311,2,1018
2017,9,1,12,30,21.200000000000003,33.62,300,2,1017
2017,9,1,13,30,21.6,32.97,293,1.9000000000000001,1017
2017,9,1,14,30,21.6,33.36,290,1.9000000000000001,1017
2017,9,1,15,30,21.200000000000003,34.74,290,1.9000000000000001,1017
2017,9,1,16,30,20.3,38.19,298,1.7000000000000002,1017
2017,9,1,17,30,18.5,48.9,306,1.6,1018
2017,9,1,18,30,16.8,56.21,308,1.5,1019
2017,9,1,19,30,15.9,59.300000000000004,309,1.5,1020
2017,9,1,20,30,15.100000000000001,62.29,318,1.5,1020
2017,9,1,21,30,14.4,65.42,337,1.6,1020
2017,9,1,22,30,14,67.59,178,1.8,1020
2017,9,1,23,30,13.600000000000001,69.93,15,2.1,1020
2017,9,2,0,30,13.100000000000001,73.27,27,2.3000000000000003,1020
2017,9,2,1,30,12.5,77.02,36,2.3000000000000003,1020
2017,9,2,2,30,12.100000000000001,79.76,44,2,1021
2017,9,2,3,30,11.9,81.13,49,2,1021
2017,9,2,4,30,12,81.21000000000001,51,2.1,1021
2017,9,2,5,30,12.4,79.84,55,2.2,1022
2017,9,2,6,30,13.5,75.08,62,2.2,1022
2017,9,2,7,30,15,68.34,73,2.2,1022
2017,9,2,8,30,16.6,58.78,85,2.2,1022
2017,9,2,9,30,17.8,53.34,94,2.1,1022
2017,9,2,10,30,18.8,50.5,100,2.1,1022
2017,9,2,11,30,19.5,49.65,102,2.1,1021
2017,9,2,12,30,20,49.980000000000004,103,2.2,1021
2017,9,2,13,30,20.1,51.79,105,2.3000000000000003,1020
2017,9,2,14,30,19.6,56.26,109,2.2,1020
2017,9,2,15,30,18.6,64.19,114,2.1,1020
2017,9,2,16,30,17.5,74.72,112,2.2,1020
2017,9,2,17,30,16.5,84.94,104,2.4000000000000004,1020
2017,9,2,18,30,15.9,90.95,100,2.7,1020
2017,9,2,19,30,15.8,92.95,100,3,1020
2017,9,2,20,30,15.8,94.01,102,3.3000000000000003,1019
2017,9,2,21,30,15.9,94.54,104,3.5,1018
2017,9,2,22,30,16,95.17,107,3.5,1017
2017,9,2,23,30,16.2,95.53,107,3.5,1017
2017,9,3,0,30,16.400000000000002,95.89,106,3.5,1015
2017,9,3,1,30,16.7,95.9,106,3.5,1014
2017,9,3,2,30,16.900000000000002,96.48,109,3.5,1013
2017,9,3,3,30,17.3,96.75,117,3.4000000000000004,1012
2017,9,3,4,30,17.6,98.05,131,3.3000000000000003,1012
2017,9,3,5,30,18.2,97.55,146,3.1,1011
2017,9,3,6,30,19.200000000000003,96.34,161,2.7,1011
2017,9,3,7,30,20.200000000000003,95.46000000000001,177,2.4000000000000004,1010
2017,9,3,8,30,21.1,93.91,192,2.3000000000000003,1010
2017,9,3,9,30,21.6,91.11,206,2.3000000000000003,1010
2017,9,3,10,30,21.700000000000003,88.11,218,2.5,1009
2017,9,3,11,30,21.700000000000003,85.46000000000001,229,2.7,1009
2017,9,3,12,30,21.900000000000002,81.65,240,2.8000000000000003,1009
2017,9,3,13,30,22.200000000000003,77.03,250,2.8000000000000003,1008
2017,9,3,14,30,22.400000000000002,73.08,258,2.7,1008
2017,9,3,15,30,22.3,70.99,263,2.5,1009
2017,9,3,16,30,21.700000000000003,72.12,264,2.3000000000000003,1009
2017,9,3,17,30,20.200000000000003,79.41,261,2,1010
2017,9,3,18,30,18.900000000000002,84.95,257,2.1,1010
2017,9,3,19,30,18.3,87.07000000000001,255,2.2,1011
2017,9,3,20,30,17.6,90.08,256,2.3000000000000003,1011
2017,9,3,21,30,17,92.28,258,2.4000000000000004,1012
2017,9,3,22,30,16.6,92.64,260,2.5,1012
2017,9,3,23,30,16.2,92.56,261,2.5,1012
2017,9,4,0,30,15.8,92.43,264,2.5,1012
2017,9,4,1,30,15.5,92.13,268,2.5,1012
2017,9,4,2,30,15.100000000000001,92.91,273,2.3000000000000003,1012
2017,9,4,3,30,14.700000000000001,94.07000000000001,274,2.2,1013
2017,9,4,4,30,14.4,95.47,271,2,1013
2017,9,4,5,30,15,92.05,265,2,1014
2017,9,4,6,30,16.7,84.46000000000001,255,2,1014
2017,9,4,7,30,19.400000000000002,74.41,250,2.1,1014
2017,9,4,8,30,22,66.14,248,2.1,1014
2017,9,4,9,30,23.8,59.86,240,2.1,1013
2017,9,4,10,30,24.8,56.9,228,2.2,1013
2017,9,4,11,30,25.5,54.68,219,2.4000000000000004,1012
2017,9,4,12,30,25.8,53.78,214,2.7,1012
2017,9,4,13,30,25.900000000000002,53.5,211,2.9000000000000004,1011
2017,9,4,14,30,25.700000000000003,54.14,211,3.1,1011
2017,9,4,15,30,25.200000000000003,55.6,210,3.1,1010
2017,9,4,16,30,24.200000000000003,59.18,208,2.9000000000000004,1010
2017,9,4,17,30,22.6,66.34,206,2.8000000000000003,1010
2017,9,4,18,30,21.200000000000003,72.56,205,2.8000000000000003,1010
2017,9,4,19,30,20.400000000000002,76.78,202,2.8000000000000003,1010
2017,9,4,20,30,19.900000000000002,81.54,201,2.7,1010
2017,9,4,21,30,19.5,86.08,201,2.7,1010
2017,9,4,22,30,19.3,89.38,201,2.7,1009
2017,9,4,23,30,19.1,92.7,201,2.7,1009
2017,9,5,0,30,19.1,94.63,199,2.7,1008
2017,9,5,1,30,19.200000000000003,96.15,197,2.8000000000000003,1008
2017,9,5,2,30,19.3,97.38,196,2.9000000000000004,1007
2017,9,5,3,30,19.400000000000002,98.41,197,3,1006
2017,9,5,4,30,19.5,99.4,197,3.2,1006
2017,9,5,5,30,20.1,97.04,199,3.2,1006
2017,9,5,6,30,21.400000000000002,91.05,209,3,1007
2017,9,5,7,30,23.200000000000003,82.79,218,2.6,1007
2017,9,5,8,30,25,74.64,214,2.4000000000000004,1007
2017,9,5,9,30,26.400000000000002,68.2,205,2.4000000000000004,1007
2017,9,5,10,30,27.3,63.72,201,2.7,1007
2017,9,5,11,30,27.900000000000002,61.410000000000004,198,3,1007
2017,9,5,12,30,28.1,61.02,194,3.2,1006
2017,9,5,13,30,28,61.71,190,3.5,1005
2017,9,5,14,30,27.6,63.54,188,3.7,1005
2017,9,5,15,30,26.8,67.22,189,3.7,1005
2017,9,5,16,30,25.6,73.33,190,3.5,1005
2017,9,5,17,30,24.1,81.96000000000001,193,3.1,1006
2017,9,5,18,30,22.900000000000002,88.74,199,2.7,1007
2017,9,5,19,30,22.1,94.13,201,2.3000000000000003,1008
2017,9,5,20,30,21.6,97.34,199,2,1008
2017,9,5,21,30,21.200000000000003,99.43,199,1.8,1008
2017,9,5,22,30,20.8,100,202,1.6,1008
2017,9,5,23,30,20.6,100,205,1.3,1008
2017,9,6,0,30,20.400000000000002,100,202,1,1008
2017,9,6,1,30,20.3,99.85000000000001,189,0.8,1008
2017,9,6,2,30,20.3,99.44,179,1.1,1008
2017,9,6,3,30,20.400000000000002,99.03,182,1.7000000000000002,1008
2017,9,6,4,30,20.3,100,193,1.9000000000000001,1008
2017,9,6,5,30,20.200000000000003,99.56,203,1.6,1008
2017,9,6,6,30,20.1,99.2,211,1.1,1009
2017,9,6,7,30,20.3,97.25,207,0.8,1009
2017,9,6,8,30,20.700000000000003,94.14,197,0.7000000000000001,1009
2017,9,6,9,30,21,91.81,204,0.8,1010
2017,9,6,10,30,20.900000000000002,90.5,226,1,1010
2017,9,6,11,30,20.400000000000002,91.22,267,1,1010
2017,9,6,12,30,20.1,89.44,321,1.1,1010
2017,9,6,13,30,20,86.86,179,1.2000000000000002,1010
2017,9,6,14,30,19.900000000000002,85.08,18,1.3,1010
2017,9,6,15,30,19.400000000000002,87.07000000000001,18,1.3,1011
2017,9,6,16,30,18.7,91.14,180,1.5,1011
2017,9,6,17,30,18,94.93,349,2.1,1011
2017,9,6,18,30,17.400000000000002,96.59,181,2.8000000000000003,1010
2017,9,6,19,30,17,96.56,17,2.5,1010
2017,9,6,20,30,16.7,96.91,170,1.7000000000000002,1010
2017,9,6,21,30,16.5,96.71000000000001,332,1.9000000000000001,1010
2017,9,6,22,30,16.2,96.9,349,2.5,1010
2017,9,6,23,30,16,96.86,348,2.3000000000000003,1009
2017,9,7,0,30,15.9,96.55,337,2.3000000000000003,1009
2017,9,7,1,30,15.700000000000001,96.34,336,2.3000000000000003,1009
2017,9,7,2,30,15.3,94.79,338,1.6,1009
2017,9,7,3,30,15,93.31,318,1.1,1009
2017,9,7,4,30,14.700000000000001,93.65,286,1.2000000000000002,1010
2017,9,7,5,30,14.9,91.94,267,1.9000000000000001,1010
2017,9,7,6,30,15.9,90.63,263,2.4000000000000004,1011
2017,9,7,7,30,17,87.94,264,2.6,1011
2017,9,7,8,30,18.5,80.83,265,2.6,1011
2017,9,7,9,30,20.200000000000003,70.88,265,2.5,1010
2017,9,7,10,30,21.400000000000002,63.88,263,2.4000000000000004,1010
2017,9,7,11,30,22.200000000000003,59.4,258,2.5,1010
2017,9,7,12,30,22.5,56.75,252,2.6,1010
2017,9,7,13,30,22.6,54.08,249,2.7,1010
2017,9,7,14,30,22.3,53,248,2.9000000000000004,1010
2017,9,7,15,30,21.8,53.28,250,2.9000000000000004,1011
2017,9,7,16,30,20.900000000000002,55.84,253,2.8000000000000003,1011
2017,9,7,17,30,19.1,64.13,257,2.6,1012
2017,9,7,18,30,17.6,72.01,260,2.5,1013
2017,9,7,19,30,16.8,76,261,2.4000000000000004,1014
2017,9,7,20,30,16.2,78.88,261,2.4000000000000004,1014
2017,9,7,21,30,15.600000000000001,81.8,261,2.4000000000000004,1015
2017,9,7,22,30,15.100000000000001,84.53,263,2.3000000000000003,1015
2017,9,7,23,30,14.700000000000001,87.06,266,2.3000000000000003,1015
2017,9,8,0,30,14.200000000000001,90.12,271,2.2,1016
2017,9,8,1,30,13.700000000000001,92.71000000000001,275,2.1,1016
2017,9,8,2,30,13.3,94.48,275,2,1016
2017,9,8,3,30,13,95.79,272,1.9000000000000001,1016
2017,9,8,4,30,12.8,96.7,269,1.9000000000000001,1017
2017,9,8,5,30,13.5,91.81,266,2,1017
2017,9,8,6,30,15.3,82.25,263,2.1,1017
2017,9,8,7,30,17.5,72.35000000000001,262,2.4000000000000004,1018
2017,9,8,8,30,19.3,63.01,260,2.6,1018
2017,9,8,9,30,20.400000000000002,57.95,257,2.6,1017
2017,9,8,10,30,21.3,54.06,254,2.6,1017
2017,9,8,11,30,21.8,52.13,252,2.6,1017
2017,9,8,12,30,22.1,51.42,253,2.5,1017
2017,9,8,13,30,22.200000000000003,51.38,257,2.4000000000000004,1017
2017,9,8,14,30,21.8,52.46,263,2.3000000000000003,1017
2017,9,8,15,30,21.200000000000003,54.09,271,2.3000000000000003,1017
2017,9,8,16,30,20.3,57.57,278,2.1,1018
2017,9,8,17,30,18.400000000000002,69.14,284,1.9000000000000001,1018
2017,9,8,18,30,16.8,75.67,289,1.8,1018
2017,9,8,19,30,16.1,78.24,294,1.8,1019
2017,9,8,20,30,15.600000000000001,80.88,301,1.9000000000000001,1019
2017,9,8,21,30,15.100000000000001,83.83,313,1.9000000000000001,1020
2017,9,8,22,30,14.5,87.07000000000001,327,2,1020
2017,9,8,23,30,13.9,90.18,340,2.1,1020
2017,9,9,0,30,13.200000000000001,93.73,349,2.1,1020
2017,9,9,1,30,12.700000000000001,95.56,354,2,1021
2017,9,9,2,30,12.200000000000001,96.85000000000001,356,1.9000000000000001,1021
2017,9,9,3,30,11.8,97.72,355,1.8,1021
2017,9,9,4,30,11.5,98.13,351,1.8,1022
2017,9,9,5,30,12,93.57000000000001,348,2,1022
2017,9,9,6,30,13.5,85.32000000000001,350,2.4000000000000004,1023
2017,9,9,7,30,15.5,74.74,353,2.7,1023
2017,9,9,8,30,17.3,65.1,353,2.7,1023
2017,9,9,9,30,18.7,57.92,350,2.5,1023
2017,9,9,10,30,19.700000000000003,53.2,346,2.2,1023
2017,9,9,11,30,20.5,49.89,341,1.9000000000000001,1023
2017,9,9,12,30,21,47.81,334,1.8,1022
2017,9,9,13,30,21.200000000000003,46.83,330,1.7000000000000002,1022
2017,9,9,14,30,21.200000000000003,46.6,330,1.9000000000000001,1022
2017,9,9,15,30,20.700000000000003,48.17,335,2,1022
2017,9,9,16,30,19.700000000000003,52.08,340,2.1,1022
2017,9,9,17,30,17.7,62.940000000000005,345,2,1023
2017,9,9,18,30,15.9,71.89,349,2.1,1023
2017,9,9,19,30,15.100000000000001,75.63,351,2.2,1024
2017,9,9,20,30,14.4,79.12,350,2.3000000000000003,1024
2017,9,9,21,30,13.8,82.63,349,2.3000000000000003,1024
2017,9,9,22,30,13.4,85.71000000000001,350,2.3000000000000003,1024
2017,9,9,23,30,13,89.55,354,2.3000000000000003,1024
2017,9,10,0,30,12.9,91.62,183,2.4000000000000004,1024
2017,9,10,1,30,12.8,93.16,11,2.5,1024
2017,9,10,2,30,12.8,93.78,15,2.4000000000000004,1024
2017,9,10,3,30,12.600000000000001,95,15,2.4000000000000004,1024
2017,9,10,4,30,12.3,96.39,12,2.3000000000000003,1025
2017,9,10,5,30,12.700000000000001,92.95,9,2.5,1025
2017,9,10,6,30,14.3,83.48,10,2.8000000000000003,1026
2017,9,10,7,30,16.5,72.47,13,2.8000000000000003,1026
2017,9,10,8,30,18.400000000000002,64.18,13,2.7,1026
2017,9,10,9,30,19.8,57.63,13,2.6,1026
2017,9,10,10,30,20.8,53.38,14,2.5,1026
2017,9,10,11,30,21.6,50.34,16,2.3000000000000003,1026
2017,9,10,12,30,22.200000000000003,48.03,18,2,1025
2017,9,10,13,30,22.400000000000002,46.86,18,1.7000000000000002,1025
2017,9,10,14,30,22.3,46.57,12,1.3,1025
2017,9,10,15,30,21.900000000000002,47.34,179,1.1,1025
2017,9,10,16,30,20.8,51.86,343,0.9,1025
2017,9,10,17,30,18.8,64.82000000000001,333,1,1025
2017,9,10,18,30,17.1,67.24,334,1.2000000000000002,1026
2017,9,10,19,30,16.2,70.71000000000001,343,1.4000000000000001,1026
2017,9,10,20,30,15.4,74.89,353,1.7000000000000002,1026
2017,9,10,21,30,14.8,78.26,179,1.9000000000000001,1026
2017,9,10,22,30,14.200000000000001,81.25,2,1.9000000000000001,1026
2017,9,10,23,30,13.5,84.64,3,1.9000000000000001,1026
2017,9,11,0,30,13,87.16,3,1.8,1026
2017,9,11,1,30,12.5,89.86,3,1.8,1025
2017,9,11,2,30,12.100000000000001,92.37,5,1.8,1025
2017,9,11,3,30,11.700000000000001,95.23,5,1.7000000000000002,1025
2017,9,11,4,30,11.3,98.25,181,1.6,1025
2017,9,11,5,30,11.8,95.24,358,1.6,1025
2017,9,11,6,30,13.700000000000001,84.91,178,1.8,1025
2017,9,11,7,30,16.400000000000002,71.67,10,1.8,1025
2017,9,11,8,30,18.900000000000002,57.69,19,1.7000000000000002,1024
2017,9,11,9,30,20.6,48.92,16,1.5,1024
2017,9,11,10,30,21.900000000000002,43.92,9,1.2000000000000002,1023
2017,9,11,11,30,23,40.93,181,1,1023
2017,9,11,12,30,23.700000000000003,39.99,355,0.8,1022
2017,9,11,13,30,24.200000000000003,40.58,346,0.6000000000000001,1021
2017,9,11,14,30,24.5,39.99,314,0.5,1020
2017,9,11,15,30,24.6,40.27,280,0.5,1020
2017,9,11,16,30,23.700000000000003,43.36,264,0.5,1020
2017,9,11,17,30,22.200000000000003,50.4,240,0.6000000000000001,1019
2017,9,11,18,30,21.1,50.56,225,0.7000000000000001,1019
2017,9,11,19,30,20.1,55.04,234,0.9,1019
2017,9,11,20,30,19,61.22,250,1,1019
2017,9,11,21,30,17.8,68.79,268,1.2000000000000002,1019
2017,9,11,22,30,16.900000000000002,73.86,286,1.3,1018
2017,9,11,23,30,16.3,78.11,305,1.3,1018
2017,9,12,0,30,15.9,81.8,324,1.2000000000000002,1018
2017,9,12,1,30,15.600000000000001,84.63,342,1.2000000000000002,1017
2017,9,12,2,30,15.100000000000001,88.62,175,1.2000000000000002,1017
2017,9,12,3,30,14.700000000000001,92.26,3,1.3,1016
2017,9,12,4,30,14.4,95.4,8,1.5,1016
2017,9,12,5,30,14.8,93.92,11,1.6,1016
2017,9,12,6,30,16.2,87.61,11,1.6,1016
2017,9,12,7,30,18.2,79.19,8,1.4000000000000001,1016
2017,9,12,8,30,20.8,70.59,12,1.1,1015
2017,9,12,9,30,22.900000000000002,63.1,182,0.5,1015
2017,9,12,10,30,24.200000000000003,56.42,289,0.6000000000000001,1015
2017,9,12,11,30,25.1,51.65,231,1.2000000000000002,1015
2017,9,12,12,30,25.700000000000003,48.83,237,1.3,1014
2017,9,12,13,30,26.1,46.56,244,1,1013
2017,9,12,14,30,26.200000000000003,45.92,242,0.8,1013
2017,9,12,15,30,25.6,46.31,230,0.8,1012
2017,9,12,16,30,23.700000000000003,55.39,217,1,1012
2017,9,12,17,30,21.5,71.88,211,1.3,1011
2017,9,12,18,30,20,71.94,214,1.6,1011
2017,9,12,19,30,19.1,75.23,219,1.7000000000000002,1012
2017,9,12,20,30,18.400000000000002,77.91,225,1.9000000000000001,1012
2017,9,12,21,30,17.6,81.35000000000001,231,2.1,1011
2017,9,12,22,30,16.900000000000002,84.3,238,2,1011
2017,9,12,23,30,16.3,86.06,246,2,1011
2017,9,13,0,30,15.8,87.10000000000001,255,1.9000000000000001,1011
2017,9,13,1,30,15.3,88.2,264,1.7000000000000002,1011
2017,9,13,2,30,15,88.19,271,1.7000000000000002,1012
2017,9,13,3,30,14.8,87.41,276,1.6,1012
2017,9,13,4,30,14.700000000000001,86.82000000000001,278,1.5,1012
2017,9,13,5,30,15.4,82.67,281,1.3,1012
2017,9,13,6,30,17.2,76.71000000000001,283,1.2000000000000002,1012
2017,9,13,7,30,19.6,65.62,273,1.1,1012
2017,9,13,8,30,22.5,56.67,253,1.1,1012
2017,9,13,9,30,24.700000000000003,49.83,239,1.3,1012
2017,9,13,10,30,25.700000000000003,47.12,230,1.4000000000000001,1011
2017,9,13,11,30,26.3,48.59,224,1.3,1011
2017,9,13,12,30,26.5,51.85,216,1.4000000000000001,1010
2017,9,13,13,30,26.5,55.82,208,1.5,1010
2017,9,13,14,30,26,61.660000000000004,202,1.7000000000000002,1009
2017,9,13,15,30,25.200000000000003,69.12,199,1.8,1009
2017,9,13,16,30,24.1,77.61,197,1.8,1009
2017,9,13,17,30,22.6,88.21000000000001,197,1.7000000000000002,1009
2017,9,13,18,30,21.5,95.55,198,1.6,1010
2017,9,13,19,30,21,99.14,200,1.5,1010
2017,9,13,20,30,20.700000000000003,100,202,1.4000000000000001,1010
2017,9,13,21,30,20.5,100,206,1.4000000000000001,1010
2017,9,13,22,30,20.3,100,210,1.4000000000000001,1010
2017,9,13,23,30,20.1,100,214,1.4000000000000001,1010
2017,9,14,0,30,19.900000000000002,100,219,1.5,1010
2017,9,14,1,30,19.6,100,225,1.5,1010
2017,9,14,2,30,19.3,100,227,1.4000000000000001,1010
2017,9,14,3,30,18.900000000000002,100,223,1.3,1010
2017,9,14,4,30,18.6,100,216,1.4000000000000001,1010
2017,9,14,5,30,19.200000000000003,97.91,212,1.5,1010
2017,9,14,6,30,20.3,96.58,210,1.8,1011
2017,9,14,7,30,21.3,94.64,206,1.8,1011
2017,9,14,8,30,22.6,90.2,203,1.8,1011
2017,9,14,9,30,24.3,80.25,202,1.9000000000000001,1011
2017,9,14,10,30,25.700000000000003,70.06,199,2,1010
2017,9,14,11,30,26.400000000000002,65.37,197,2.2,1010
2017,9,14,12,30,26.700000000000003,63.13,197,2.5,1009
2017,9,14,13,30,26.700000000000003,62.2,198,2.7,1009
2017,9,14,14,30,26.3,63,198,2.7,1009
2017,9,14,15,30,25.6,65.73,199,2.6,1009
2017,9,14,16,30,24.6,70.91,200,2.3000000000000003,1009
2017,9,14,17,30,23,80.69,202,2,1010
2017,9,14,18,30,21.8,85.16,207,1.9000000000000001,1011
2017,9,14,19,30,21.1,87.95,212,1.9000000000000001,1011
2017,9,14,20,30,20.5,90.43,219,1.8,1012
2017,9,14,21,30,20,92.18,225,1.8,1012
2017,9,14,22,30,19.6,93.7,230,1.8,1012
2017,9,14,23,30,19.200000000000003,95.83,233,1.7000000000000002,1013
2017,9,15,0,30,18.8,97.99000000000001,236,1.6,1013
2017,9,15,1,30,18.5,99.42,238,1.5,1013
2017,9,15,2,30,18.2,100,240,1.4000000000000001,1013
2017,9,15,3,30,18,100,243,1.4000000000000001,1014
2017,9,15,4,30,17.8,100,247,1.3,1014
2017,9,15,5,30,18.3,97.60000000000001,252,1.1,1015
2017,9,15,6,30,19.700000000000003,92.46000000000001,251,0.9,1015
2017,9,15,7,30,21.700000000000003,84.96000000000001,241,0.8,1016
2017,9,15,8,30,23.900000000000002,74.47,228,0.8,1016
2017,9,15,9,30,25.400000000000002,65.97,215,0.9,1016
2017,9,15,10,30,26.400000000000002,61.13,202,1,1016
2017,9,15,11,30,27,58.71,193,1.3,1016
2017,9,15,12,30,27.200000000000003,58.11,188,1.5,1015
2017,9,15,13,30,27.1,58.84,185,1.7000000000000002,1015
2017,9,15,14,30,26.700000000000003,61.18,184,1.8,1015
2017,9,15,15,30,26,64.85,183,1.7000000000000002,1015
2017,9,15,16,30,25,71.45,182,1.6,1016
2017,9,15,17,30,23.5,80.97,179,1.5,1016
2017,9,15,18,30,22.400000000000002,85.43,179,1.4000000000000001,1017
2017,9,15,19,30,21.8,88.76,182,1.4000000000000001,1017
2017,9,15,20,30,21.400000000000002,91.11,186,1.3,1017
2017,9,15,21,30,21.1,92.66,189,1.3,1017
2017,9,15,22,30,20.8,93.86,192,1.3,1017
2017,9,15,23,30,20.6,94.53,194,1.2000000000000002,1017
2017,9,16,0,30,20.400000000000002,95.36,197,1.2000000000000002,1018
2017,9,16,1,30,20.3,95.7,202,1.1,1018
2017,9,16,2,30,20.200000000000003,96.06,211,0.9,1018
2017,9,16,3,30,20.1,96.36,219,0.7000000000000001,1018
2017,9,16,4,30,19.900000000000002,97.14,180,0.4,1018
2017,9,16,5,30,20,96.31,109,0.5,1019
2017,9,16,6,30,21,92.77,85,0.7000000000000001,1019
2017,9,16,7,30,22.8,84.28,94,0.9,1019
2017,9,16,8,30,24.5,75.47,104,1,1020
2017,9,16,9,30,25.700000000000003,69.63,111,1.1,1019
2017,9,16,10,30,26.400000000000002,66.52,116,1.2000000000000002,1019
2017,9,16,11,30,26.700000000000003,64.9,120,1.2000000000000002,1019
2017,9,16,12,30,26.700000000000003,64.76,124,1.3,1018
2017,9,16,13,30,26.400000000000002,66.03,126,1.3,1018
2017,9,16,14,30,26,67.96000000000001,125,1.2000000000000002,1018
2017,9,16,15,30,25.5,70.45,124,1.1,1018
2017,9,16,16,30,24.400000000000002,75.58,125,1,1018
2017,9,16,17,30,22.8,84.93,128,0.9,1018
2017,9,16,18,30,21.6,89.76,131,0.9,1019
2017,9,16,19,30,20.900000000000002,91.59,130,0.9,1019
2017,9,16,20,30,20.3,93.63,125,0.8,1019
2017,9,16,21,30,19.900000000000002,94.67,117,0.7000000000000001,1019
2017,9,16,22,30,19.700000000000003,94.77,105,0.7000000000000001,1019
2017,9,16,23,30,19.6,94.31,90,0.6000000000000001,1019
2017,9,17,0,30,19.6,93.47,72,0.6000000000000001,1019
2017,9,17,1,30,19.400000000000002,94.07000000000001,55,0.8,1019
2017,9,17,2,30,19.1,95.36,43,1,1019
2017,9,17,3,30,18.7,97.2,39,1.2000000000000002,1019
2017,9,17,4,30,18.3,99.13,40,1.3,1019
2017,9,17,5,30,18.6,96.9,42,1.3,1019
2017,9,17,6,30,19.900000000000002,92.13,44,1.3,1019
2017,9,17,7,30,21.8,83.05,49,1.2000000000000002,1019
2017,9,17,8,30,23.700000000000003,73.60000000000001,57,1.1,1019
2017,9,17,9,30,25.1,67.98,68,1,1019
2017,9,17,10,30,26.1,64,80,1,1019
2017,9,17,11,30,26.6,61.78,91,1,1018
2017,9,17,12,30,26.900000000000002,60.57,100,1.2000000000000002,1018
2017,9,17,13,30,26.8,60.81,105,1.3,1017
2017,9,17,14,30,26.5,61.85,109,1.4000000000000001,1017
2017,9,17,15,30,25.8,64.77,112,1.4000000000000001,1017
2017,9,17,16,30,24.5,70.57000000000001,112,1.4000000000000001,1017
2017,9,17,17,30,22.6,81.75,109,1.4000000000000001,1017
2017,9,17,18,30,21,89.49,103,1.2000000000000002,1017
2017,9,17,19,30,20.200000000000003,94.27,92,1.2000000000000002,1018
2017,9,17,20,30,19.700000000000003,97.29,80,1.2000000000000002,1018
2017,9,17,21,30,19.5,98.04,69,1.3,1018
2017,9,17,22,30,19.3,98.62,61,1.3,1018
2017,9,17,23,30,19,100,53,1.5,1018
2017,9,18,0,30,18.7,100,48,1.7000000000000002,1018
2017,9,18,1,30,18.400000000000002,100,49,1.8,1018
2017,9,18,2,30,18.1,100,51,2,1017
2017,9,18,3,30,17.8,100,54,2.1,1017
2017,9,18,4,30,17.6,100,54,2.1,1018
2017,9,18,5,30,18.2,100,49,2.2,1018
2017,9,18,6,30,19.900000000000002,91.72,46,2.4000000000000004,1018
2017,9,18,7,30,21.700000000000003,82.79,50,2.5,1018
2017,9,18,8,30,23.200000000000003,76.06,56,2.4000000000000004,1018
2017,9,18,9,30,24.5,70.73,60,2.2,1018
2017,9,18,10,30,25.3,67.82000000000001,63,2.1,1018
2017,9,18,11,30,25.900000000000002,65.7,68,2.2,1017
2017,9,18,12,30,26.200000000000003,64.68,73,2.2,1017
2017,9,18,13,30,26.1,65.23,75,2.3000000000000003,1016
2017,9,18,14,30,25.6,67.55,74,2.4000000000000004,1016
2017,9,18,15,30,24.900000000000002,71.06,71,2.4000000000000004,1016
2017,9,18,16,30,23.900000000000002,76.04,67,2.3000000000000003,1016
2017,9,18,17,30,22.5,84.04,64,2.2,1016
2017,9,18,18,30,21.3,90.12,61,2.2,1017
2017,9,18,19,30,20.8,92.34,60,2.4000000000000004,1017
2017,9,18,20,30,20.5,93.77,61,2.6,1017
2017,9,18,21,30,20.5,93.54,61,2.6,1017
2017,9,18,22,30,20.400000000000002,94.2,57,2.5,1017
2017,9,18,23,30,20.3,94.89,52,2.5,1016
2017,9,19,0,30,20.200000000000003,95.38,46,2.5,1016
2017,9,19,1,30,20,96.18,39,2.6,1016
2017,9,19,2,30,19.8,96.69,32,2.8000000000000003,1015
2017,9,19,3,30,19.6,97.10000000000001,25,2.9000000000000004,1015
2017,9,19,4,30,19.400000000000002,97.31,21,3.1,1015
2017,9,19,5,30,19.5,95.66,20,3.4000000000000004,1015
2017,9,19,6,30,20.400000000000002,89.8,23,3.8000000000000003,1015
2017,9,19,7,30,21.700000000000003,83.34,27,4.1000000000000005,1015
2017,9,19,8,30,22.900000000000002,77.57000000000001,30,4.3,1014
2017,9,19,9,30,23.700000000000003,72.61,31,4.3,1014
2017,9,19,10,30,24.1,69.45,32,4.4,1013
2017,9,19,11,30,24.3,67.81,31,4.5,1013
2017,9,19,12,30,24.1,68.69,27,4.5,1012
2017,9,19,13,30,23.700000000000003,70.9,24,4.5,1011
2017,9,19,14,30,23.400000000000002,72.93,22,4.4,1011
2017,9,19,15,30,22.900000000000002,75.86,21,4.4,1010
2017,9,19,16,30,22.1,80.83,20,4.5,1010
2017,9,19,17,30,21.3,85.75,20,4.5,1010
2017,9,19,18,30,21,87.85000000000001,21,4.6000000000000005,1010
2017,9,19,19,30,21,87.85000000000001,20,4.5,1010
2017,9,19,20,30,21.200000000000003,86.07000000000001,19,4.5,1010
2017,9,19,21,30,21.200000000000003,84.84,17,4.4,1010
2017,9,19,22,30,21.200000000000003,83.81,16,4.3,1009
2017,9,19,23,30,21,84.63,14,4.3,1009
2017,9,20,0,30,20.900000000000002,85.66,13,4.2,1009
2017,9,20,1,30,20.700000000000003,87.38,11,4.2,1008
2017,9,20,2,30,20.400000000000002,89.48,8,4.1000000000000005,1008
2017,9,20,3,30,20.200000000000003,90.77,4,4.1000000000000005,1008
2017,9,20,4,30,20.1,91.49,180,4,1009
2017,9,20,5,30,20.3,90.24,357,4,1009
2017,9,20,6,30,21,86.39,355,4,1009
2017,9,20,7,30,22.3,80.24,357,4.1000000000000005,1010
2017,9,20,8,30,23.6,74.34,180,4,1010
2017,9,20,9,30,24.8,68.8,1,3.8000000000000003,1010
2017,9,20,10,30,25.6,65.52,179,3.6,1010
2017,9,20,11,30,26.1,63.89,359,3.4000000000000004,1010
2017,9,20,12,30,26.400000000000002,62.97,358,3.1,1010
2017,9,20,13,30,26.400000000000002,63.17,358,2.9000000000000004,1010
2017,9,20,14,30,26.3,63.730000000000004,357,2.6,1010
2017,9,20,15,30,25.8,65.83,357,2.4000000000000004,1010
2017,9,20,16,30,25,69.43,358,2,1010
2017,9,20,17,30,23.700000000000003,76.28,358,1.7000000000000002,1011
2017,9,20,18,30,22.700000000000003,80.15,359,1.6,1011
2017,9,20,19,30,22.200000000000003,82.05,356,1.6,1012
2017,9,20,20,30,21.8,83.61,349,1.6,1012
2017,9,20,21,30,21.5,84.71000000000001,342,1.7000000000000002,1012
2017,9,20,22,30,21.200000000000003,85.96000000000001,336,1.8,1012
2017,9,20,23,30,21,86.92,332,1.9000000000000001,1012
2017,9,21,0,30,20.8,88.11,330,2,1012
2017,9,21,1,30,20.6,89.47,329,2.2,1012
2017,9,21,2,30,20.5,90.33,330,2.3000000000000003,1012
2017,9,21,3,30,20.400000000000002,91.28,332,2.4000000000000004,1013
2017,9,21,4,30,20.3,91.99,334,2.5,1013
2017,9,21,5,30,20.400000000000002,91.23,337,2.6,1013
2017,9,21,6,30,20.900000000000002,88.32000000000001,340,2.7,1014
2017,9,21,7,30,21.900000000000002,83.01,344,2.7,1014
2017,9,21,8,30,23,76.38,351,2.7,1014
2017,9,21,9,30,24,69.83,356,2.6,1015
2017,9,21,10,30,24.700000000000003,65.4,357,2.6,1015
2017,9,21,11,30,25.200000000000003,62.26,358,2.5,1015
2017,9,21,12,30,25.5,60.13,180,2.4000000000000004,1014
2017,9,21,13,30,25.5,59.35,2,2.3000000000000003,1014
2017,9,21,14,30,25.3,59.65,3,2.2,1014
2017,9,21,15,30,24.700000000000003,62.120000000000005,3,1.9000000000000001,1014
2017,9,21,16,30,23.5,69.52,3,1.7000000000000002,1014
2017,9,21,17,30,22.200000000000003,75.15,3,1.5,1014
2017,9,21,18,30,21.5,76.62,3,1.6,1014
2017,9,21,19,30,21.200000000000003,77.82000000000001,4,1.7000000000000002,1015
2017,9,21,20,30,20.900000000000002,79.01,5,1.8,1015
2017,9,21,21,30,20.6,80.21000000000001,6,2,1015
2017,9,21,22,30,20.200000000000003,81.29,5,2.1,1015
2017,9,21,23,30,19.8,80.93,3,2.4000000000000004,1014
2017,9,22,0,30,19.400000000000002,80.33,180,2.6,1014
2017,9,22,1,30,19.1,79.37,357,2.8000000000000003,1014
2017,9,22,2,30,18.8,77.39,356,2.9000000000000004,1014
2017,9,22,3,30,18.5,76.16,355,3,1014
2017,9,22,4,30,18.2,75.42,354,3.1,1014
2017,9,22,5,30,18.2,73.63,352,3.2,1014
2017,9,22,6,30,18.900000000000002,69.48,353,3.5,1014
2017,9,22,7,30,20.400000000000002,61.620000000000005,355,3.8000000000000003,1014
2017,9,22,8,30,22.3,54.99,357,3.7,1014
2017,9,22,9,30,24,54,357,3.5,1014
2017,9,22,10,30,25.400000000000002,53.57,355,3.1,1013
2017,9,22,11,30,26.400000000000002,53.08,354,2.8000000000000003,1013
2017,9,22,12,30,27.1,52.31,354,2.6,1012
2017,9,22,13,30,27.400000000000002,52.28,355,2.6,1012
2017,9,22,14,30,27.400000000000002,52.95,357,2.5,1012
2017,9,22,15,30,27,54.86,182,2.4000000000000004,1012
2017,9,22,16,30,25.900000000000002,59.4,8,2.2,1012
2017,9,22,17,30,24.5,65.41,12,2,1012
2017,9,22,18,30,23.400000000000002,68.98,12,2,1012
2017,9,22,19,30,22.700000000000003,70.9,10,2.1,1013
2017,9,22,20,30,21.900000000000002,72.83,7,2.1,1013
2017,9,22,21,30,21.200000000000003,73.7,4,2.3000000000000003,1013
2017,9,22,22,30,20.6,73.79,2,2.4000000000000004,1013
2017,9,22,23,30,20.1,73.99,180,2.5,1013
2017,9,23,0,30,19.6,74.98,355,2.5,1013
2017,9,23,1,30,19.3,75.57000000000001,353,2.6,1013
2017,9,23,2,30,19,76.53,352,2.6,1013
2017,9,23,3,30,18.7,77.61,352,2.5,1014
2017,9,23,4,30,18.5,77.88,351,2.5,1014
2017,9,23,5,30,18.6,76.44,349,2.5,1014
2017,9,23,6,30,19.700000000000003,70.83,349,2.6,1015
2017,9,23,7,30,22,62.02,175,2.6,1015
2017,9,23,8,30,24.3,58.79,4,2.4000000000000004,1015
2017,9,23,9,30,26.200000000000003,58.13,6,2,1016
2017,9,23,10,30,27.5,55.09,5,1.7000000000000002,1015
2017,9,23,11,30,28.6,51.27,3,1.5,1015
2017,9,23,12,30,29.400000000000002,47.89,2,1.4000000000000001,1015
2017,9,23,13,30,29.8,45.36,4,1.3,1014
2017,9,23,14,30,29.8,43.59,6,1.3,1014
2017,9,23,15,30,29.200000000000003,43.72,9,1.2000000000000002,1014
2017,9,23,16,30,27.400000000000002,49.800000000000004,13,0.9,1014
2017,9,23,17,30,25,59.72,16,0.7000000000000001,1015
2017,9,23,18,30,23.3,61.34,20,0.7000000000000001,1015
2017,9,23,19,30,22.5,63.54,22,0.6000000000000001,1015
2017,9,23,20,30,21.8,66.69,23,0.6000000000000001,1016
2017,9,23,21,30,21.200000000000003,70.29,20,0.7000000000000001,1016
2017,9,23,22,30,20.6,74.60000000000001,17,0.8,1016
2017,9,23,23,30,20.1,79,14,1,1016
2017,9,24,0,30,19.700000000000003,83.5,12,1.1,1016
2017,9,24,1,30,19.400000000000002,87.29,10,1.3,1016
2017,9,24,2,30,19.200000000000003,89.5,7,1.5,1016
2017,9,24,3,30,19.1,90.28,6,1.7000000000000002,1016
2017,9,24,4,30,18.900000000000002,92.16,5,1.7000000000000002,1016
2017,9,24,5,30,19.200000000000003,91.4,4,1.8,1016
2017,9,24,6,30,20.6,85.19,5,1.9000000000000001,1016
2017,9,24,7,30,23.1,75.45,10,1.7000000000000002,1017
2017,9,24,8,30,25.900000000000002,67.14,23,1.5,1017
2017,9,24,9,30,28.1,58.83,39,1.4000000000000001,1017
2017,9,24,10,30,29.6,51.870000000000005,53,1.2000000000000002,1016
2017,9,24,11,30,30.5,48.34,71,1,1016
2017,9,24,12,30,31,46.44,92,0.9,1016
2017,9,24,13,30,31.1,45.76,111,0.9,1015
2017,9,24,14,30,30.900000000000002,46.07,126,1,1015
2017,9,24,15,30,30.3,48.050000000000004,141,0.9,1014
2017,9,24,16,30,28.5,54.550000000000004,156,1,1015
2017,9,24,17,30,26.1,66.99,171,1.2000000000000002,1015
2017,9,24,18,30,24.5,70.75,186,1.3,1015
2017,9,24,19,30,23.700000000000003,73.52,202,1.3,1016
2017,9,24,20,30,23,77.07000000000001,220,1.1,1016
2017,9,24,21,30,22.400000000000002,80.59,241,1,1016
2017,9,24,22,30,21.900000000000002,83.78,266,0.9,1016
2017,9,24,23,30,21.8,84.51,295,0.7000000000000001,1015
2017,9,25,0,30,21.6,85.99,326,0.6000000000000001,1015
2017,9,25,1,30,21.5,87.17,178,0.5,1015
2017,9,25,2,30,21.3,89.01,37,0.5,1015
2017,9,25,3,30,20.900000000000002,92.06,76,0.5,1015
2017,9,25,4,30,20.5,95.22,103,0.6000000000000001,1015
2017,9,25,5,30,20.6,95.38,115,0.6000000000000001,1016
2017,9,25,6,30,21.8,89.8,116,0.5,1016
2017,9,25,7,30,23.900000000000002,80.89,113,0.5,1017
2017,9,25,8,30,26,71.59,102,0.6000000000000001,1017
2017,9,25,9,30,27.700000000000003,63.88,88,0.8,1017
2017,9,25,10,30,28.900000000000002,58.17,83,1.1,1016
2017,9,25,11,30,29.700000000000003,54.84,85,1.4000000000000001,1016
2017,9,25,12,30,30.1,53.11,91,1.5,1015
2017,9,25,13,30,30,52.99,96,1.7000000000000002,1015
2017,9,25,14,30,29.6,53.57,101,1.8,1014
2017,9,25,15,30,28.5,56.65,105,1.8,1014
2017,9,25,16,30,26.700000000000003,63.190000000000005,111,1.8,1014
2017,9,25,17,30,24.5,72.11,117,1.7000000000000002,1015
2017,9,25,18,30,22.8,78.64,119,1.6,1015
2017,9,25,19,30,21.700000000000003,83.9,117,1.3,1016
2017,9,25,20,30,20.900000000000002,88.18,114,1.1,1016
2017,9,25,21,30,20.400000000000002,90.84,112,1,1016
2017,9,25,22,30,20,93.16,107,1,1016
2017,9,25,23,30,19.700000000000003,95.06,96,1,1015
2017,9,26,0,30,19.6,95.7,79,1,1015
2017,9,26,1,30,19.5,96.13,61,1,1015
2017,9,26,2,30,19.3,96.84,46,1.1,1015
2017,9,26,3,30,19,98.10000000000001,38,1.3,1015
2017,9,26,4,30,18.7,99.21000000000001,38,1.4000000000000001,1015
2017,9,26,5,30,19,96.45,43,1.5,1015
2017,9,26,6,30,20.200000000000003,89.62,51,1.5,1016
2017,9,26,7,30,22.200000000000003,78.62,60,1.5,1016
2017,9,26,8,30,24.1,68.86,68,1.5,1016
2017,9,26,9,30,25.6,63.59,73,1.6,1016
2017,9,26,10,30,26.8,60.28,77,1.6,1015
2017,9,26,11,30,27.6,58.27,82,1.6,1015
2017,9,26,12,30,28,57.1,88,1.6,1014
2017,9,26,13,30,28.1,56.69,93,1.6,1013
2017,9,26,14,30,27.6,58.26,96,1.6,1013
2017,9,26,15,30,26.700000000000003,61.24,99,1.6,1013
2017,9,26,16,30,25.3,66.87,103,1.6,1013
2017,9,26,17,30,23.6,74.97,107,1.6,1013
2017,9,26,18,30,22.3,80.74,109,1.6,1013
2017,9,26,19,30,21.400000000000002,85.54,111,1.7000000000000002,1014
2017,9,26,20,30,20.700000000000003,90.02,110,1.7000000000000002,1014
2017,9,26,21,30,20.3,93.23,105,1.5,1013
2017,9,26,22,30,20.200000000000003,94.94,91,1.2000000000000002,1013
2017,9,26,23,30,20.3,95.18,70,1.1,1013
2017,9,27,0,30,20.200000000000003,95.69,55,1.3,1012
2017,9,27,1,30,20.1,95.79,52,1.6,1012
2017,9,27,2,30,20,95.39,55,1.8,1011
2017,9,27,3,30,19.8,95.54,58,1.8,1011
2017,9,27,4,30,19.6,96.23,61,1.8,1011
2017,9,27,5,30,19.8,95.25,61,1.8,1012
2017,9,27,6,30,20.8,90.46000000000001,59,1.9000000000000001,1012
2017,9,27,7,30,22.700000000000003,83.05,59,1.8,1012
2017,9,27,8,30,25,75.32000000000001,65,1.8,1011
2017,9,27,9,30,26.8,67.44,71,1.8,1011
2017,9,27,10,30,27.900000000000002,62.92,76,1.8,1011
2017,9,27,11,30,28.700000000000003,59.9,74,1.8,1010
2017,9,27,12,30,29.200000000000003,58.1,71,1.8,1009
2017,9,27,13,30,29.400000000000002,57.56,70,1.8,1008
2017,9,27,14,30,29.3,58.03,71,1.8,1007
2017,9,27,15,30,28.8,59.92,72,1.8,1007
2017,9,27,16,30,27.3,66.46000000000001,73,1.8,1007
2017,9,27,17,30,25.3,76.99,75,1.8,1007
2017,9,27,18,30,24,81.36,79,1.9000000000000001,1007
2017,9,27,19,30,23.400000000000002,84.39,79,2,1007
2017,9,27,20,30,22.700000000000003,88.63,75,2,1007
2017,9,27,21,30,22.1,92.34,71,1.9000000000000001,1006
2017,9,27,22,30,21.700000000000003,94.71000000000001,64,1.8,1006
2017,9,27,23,30,21.400000000000002,95.8,50,1.8,1005
2017,9,28,0,30,21.3,95,32,1.8,1005
2017,9,28,1,30,21.5,91.56,18,2,1005
2017,9,28,2,30,21.5,89.10000000000001,10,2.1,1005
2017,9,28,3,30,21.3,87.47,4,2.1,1005
2017,9,28,4,30,20.900000000000002,85.61,180,2.4000000000000004,1005
2017,9,28,5,30,20.5,81.66,354,3.1,1006
2017,9,28,6,30,20.3,74.64,350,3.8000000000000003,1006
2017,9,28,7,30,20.8,64.4,348,4.2,1007
2017,9,28,8,30,21.900000000000002,54.300000000000004,345,4.2,1007
2017,9,28,9,30,23.1,47.08,342,4.1000000000000005,1006
2017,9,28,10,30,24.1,42.68,340,3.9000000000000004,1006
2017,9,28,11,30,24.8,40.34,338,3.7,1006
2017,9,28,12,30,25.200000000000003,39.19,337,3.6,1006
2017,9,28,13,30,25.200000000000003,39.19,337,3.4000000000000004,1006
2017,9,28,14,30,24.8,40.22,337,3.3000000000000003,1006
2017,9,28,15,30,24,42.28,338,3.2,1007
2017,9,28,16,30,22.5,45.86,338,3.1,1008
2017,9,28,17,30,20.8,50.160000000000004,339,3,1009
2017,9,28,18,30,19.3,54.300000000000004,341,3.1,1010
2017,9,28,19,30,18.2,57.160000000000004,342,3.2,1011
2017,9,28,20,30,17.2,59.88,342,3.2,1012
2017,9,28,21,30,16.3,62.18,343,3.2,1013
2017,9,28,22,30,15.4,65.07000000000001,345,3.1,1013
2017,9,28,23,30,14.700000000000001,67.71000000000001,348,2.8000000000000003,1013
2017,9,29,0,30,14,70.67,351,2.6,1014
2017,9,29,1,30,13.3,73.91,354,2.5,1014
2017,9,29,2,30,12.8,76.38,358,2.4000000000000004,1014
2017,9,29,3,30,12.200000000000001,79.62,182,2.2,1015
2017,9,29,4,30,11.8,81.68,6,2.1,1015
2017,9,29,5,30,11.8,81.55,7,2,1016
2017,9,29,6,30,13.100000000000001,75,9,2,1016
2017,9,29,7,30,15.100000000000001,61.980000000000004,9,1.8,1016
2017,9,29,8,30,16.6,52.21,178,1.4000000000000001,1016
2017,9,29,9,30,17.900000000000002,47.03,334,1.1,1016
2017,9,29,10,30,19,44.15,304,1.1,1016
2017,9,29,11,30,19.8,42.910000000000004,279,1.2000000000000002,1015
2017,9,29,12,30,20.5,41.92,262,1.3,1015
2017,9,29,13,30,20.900000000000002,41.65,251,1.4000000000000001,1014
2017,9,29,14,30,20.900000000000002,42.29,243,1.4000000000000001,1014
2017,9,29,15,30,20.6,43.910000000000004,237,1.4000000000000001,1014
2017,9,29,16,30,19.400000000000002,48.29,232,1.3,1014
2017,9,29,17,30,17.900000000000002,58.2,228,1.4000000000000001,1015
2017,9,29,18,30,17.2,58.76,229,1.5,1015
2017,9,29,19,30,16.7,60.79,235,1.5,1015
2017,9,29,20,30,16.1,63.53,244,1.5,1015
2017,9,29,21,30,15.8,65.48,252,1.4000000000000001,1015
2017,9,29,22,30,15.600000000000001,67.27,254,1.3,1015
2017,9,29,23,30,15.3,68.75,248,1.3,1015
2017,9,30,0,30,14.8,71.01,241,1.4000000000000001,1015
2017,9,30,1,30,14.100000000000001,75.34,238,1.6,1014
2017,9,30,2,30,13.600000000000001,79.77,241,1.8,1014
2017,9,30,3,30,13.100000000000001,84.7,250,1.9000000000000001,1015
2017,9,30,4,30,12.8,88.16,265,2,1015
2017,9,30,5,30,12.600000000000001,90.19,283,2.2,1015
2017,9,30,6,30,13.3,87.08,301,2.4000000000000004,1016
2017,9,30,7,30,14.8,79.75,316,2.5,1017
2017,9,30,8,30,16.2,71.17,326,2.5,1017
2017,9,30,9,30,17.3,64.62,334,2.4000000000000004,1018
2017,9,30,10,30,17.900000000000002,60.550000000000004,342,2.4000000000000004,1018
2017,9,30,11,30,17.900000000000002,59.620000000000005,351,2.6,1019
2017,9,30,12,30,17.8,60.59,357,2.9000000000000004,1019
2017,9,30,13,30,17.5,63.14,180,3.4000000000000004,1019
2017,9,30,14,30,17.1,65.23,1,3.9000000000000004,1020
2017,9,30,15,30,16.5,67.26,2,4.2,1021
2017,9,30,16,30,15.600000000000001,70.07000000000001,4,4.3,1022
2017,9,30,17,30,14.700000000000001,73.09,8,4.1000000000000005,1023
2017,9,30,18,30,13.700000000000001,77.49,14,3.9000000000000004,1024
2017,9,30,19,30,14.8,95.10000000000001,50,4.1000000000000005,1023
2017,9,30,20,30,14.4,95.62,46,4,1023
2017,9,30,21,30,14,95.64,43,3.9000000000000004,1022
2017,9,30,22,30,13.700000000000001,95.24,42,3.8000000000000003,1022
2017,9,30,23,30,13.5,94.92,41,3.7,1022
2016,10,1,0,30,13.4,94.37,39,3.5,1021
2016,10,1,1,30,13.3,94.24,37,3.4000000000000004,1021
2016,10,1,2,30,13.3,93.86,36,3.3000000000000003,1021
2016,10,1,3,30,13.3,93.87,36,3.2,1021
2016,10,1,4,30,13.3,94.18,35,3.1,1021
2016,10,1,5,30,13.3,94.61,33,3,1021
2016,10,1,6,30,13.600000000000001,93.33,34,3.1,1021
2016,10,1,7,30,14.4,90.36,38,3.2,1021
2016,10,1,8,30,15.4,86.91,42,3.2,1021
2016,10,1,9,30,16.6,82.4,45,3,1021
2016,10,1,10,30,17.6,79.3,47,2.9000000000000004,1020
2016,10,1,11,30,18.400000000000002,77.43,51,2.7,1020
2016,10,1,12,30,18.8,77.44,58,2.5,1019
2016,10,1,13,30,18.900000000000002,78.59,63,2.3000000000000003,1019
2016,10,1,14,30,18.6,81.38,62,2.5,1019
2016,10,1,15,30,18.2,84.5,61,2.7,1018
2016,10,1,16,30,17.6,88.68,61,2.7,1018
2016,10,1,17,30,17,92.73,60,2.6,1018
2016,10,1,18,30,16.5,95.27,59,2.5,1018
2016,10,1,19,30,16.2,96.16,60,2.6,1019
2016,10,1,20,30,15.9,96.29,62,2.7,1018
2016,10,1,21,30,15.600000000000001,96.13,63,2.7,1018
2016,10,1,22,30,15.3,95.83,64,2.6,1018
2016,10,1,23,30,15,95.7,65,2.5,1018
2016,10,2,0,30,14.8,95.43,67,2.3000000000000003,1018
2016,10,2,1,30,14.5,96.05,68,2.1,1017
2016,10,2,2,30,14.3,96.4,65,2,1017
2016,10,2,3,30,14.100000000000001,96.88,59,1.8,1017
2016,10,2,4,30,13.8,97.58,52,1.7000000000000002,1017
2016,10,2,5,30,13.700000000000001,96.79,46,1.7000000000000002,1017
2016,10,2,6,30,14.200000000000001,93.12,43,1.7000000000000002,1018
2016,10,2,7,30,15.100000000000001,89.12,43,1.7000000000000002,1018
2016,10,2,8,30,16.3,84.25,44,1.6,1018
2016,10,2,9,30,17.5,79.44,46,1.4000000000000001,1017
2016,10,2,10,30,18.7,75.46000000000001,51,1,1017
2016,10,2,11,30,19.700000000000003,72.94,65,0.7000000000000001,1016
2016,10,2,12,30,20.200000000000003,71.89,93,0.6000000000000001,1016
2016,10,2,13,30,20.5,70.87,129,0.6000000000000001,1015
2016,10,2,14,30,20.6,70.91,151,0.6000000000000001,1015
2016,10,2,15,30,20.3,72.42,150,0.6000000000000001,1015
2016,10,2,16,30,19.400000000000002,77.3,138,0.7000000000000001,1015
2016,10,2,17,30,18.3,83.86,126,0.8,1015
2016,10,2,18,30,17.5,87.64,118,0.9,1015
2016,10,2,19,30,16.900000000000002,91.53,112,0.8,1015
2016,10,2,20,30,16.400000000000002,94.79,108,0.7000000000000001,1015
2016,10,2,21,30,16,97.19,114,0.6000000000000001,1015
2016,10,2,22,30,15.8,98.14,134,0.6000000000000001,1015
2016,10,2,23,30,15.5,99.62,163,0.6000000000000001,1015
2016,10,3,0,30,15.3,100,191,0.7000000000000001,1015
2016,10,3,1,30,15.100000000000001,100,215,0.7000000000000001,1014
2016,10,3,2,30,14.9,100,233,0.8,1014
2016,10,3,3,30,14.700000000000001,100,245,0.8,1014
2016,10,3,4,30,14.600000000000001,100,255,0.8,1014
2016,10,3,5,30,14.600000000000001,100,266,0.9,1014
2016,10,3,6,30,15.600000000000001,95.17,278,1,1014
2016,10,3,7,30,17.3,86.84,289,1.1,1015
2016,10,3,8,30,19.1,77.65,297,0.9,1015
2016,10,3,9,30,20.8,67.54,302,0.8,1015
2016,10,3,10,30,22,60.63,300,0.5,1015
2016,10,3,11,30,22.6,57.24,266,0.30000000000000004,1014
2016,10,3,12,30,22.900000000000002,54.39,210,0.30000000000000004,1014
2016,10,3,13,30,22.900000000000002,53.06,174,0.30000000000000004,1014
2016,10,3,14,30,22.700000000000003,52.550000000000004,145,0.2,1014
2016,10,3,15,30,22.1,53.71,120,0.2,1014
2016,10,3,16,30,21,59.27,124,0.4,1015
2016,10,3,17,30,19.900000000000002,65.97,145,0.6000000000000001,1015
2016,10,3,18,30,19,69.33,156,0.6000000000000001,1016
2016,10,3,19,30,18.3,72.21000000000001,158,0.6000000000000001,1017
2016,10,3,20,30,17.6,76.05,147,0.5,1017
2016,10,3,21,30,17,80.46000000000001,115,0.6000000000000001,1017
2016,10,3,22,30,16.400000000000002,84.74,85,0.8,1018
2016,10,3,23,30,16.1,87.69,76,1.2000000000000002,1018
2016,10,4,0,30,15.9,91.33,75,1.7000000000000002,1019
2016,10,4,1,30,15.9,93.79,72,2.1,1019
2016,10,4,2,30,15.8,95.96000000000001,66,2.5,1020
2016,10,4,3,30,15.600000000000001,96.94,60,2.6,1021
2016,10,4,4,30,15.3,97.3,54,2.6,1021
2016,10,4,5,30,15,97.02,48,2.7,1022
2016,10,4,6,30,15.3,93.43,45,2.9000000000000004,1023
2016,10,4,7,30,16.3,87.04,45,3.2,1023
2016,10,4,8,30,17.8,76.07000000000001,47,3.2,1024
2016,10,4,9,30,19.3,66.41,49,3.2,1024
2016,10,4,10,30,20.3,61.77,51,3.2,1024
2016,10,4,11,30,21,58.68,53,3.1,1023
2016,10,4,12,30,21.6,56.25,57,3,1023
2016,10,4,13,30,21.700000000000003,55.74,65,3,1022
2016,10,4,14,30,21.400000000000002,56.84,74,2.9000000000000004,1022
2016,10,4,15,30,20.6,59.9,80,2.7,1023
2016,10,4,16,30,19.400000000000002,65.24,82,2.3000000000000003,1023
2016,10,4,17,30,18.1,72.92,81,2,1024
2016,10,4,18,30,17.1,77.87,77,2,1024
2016,10,4,19,30,16.3,82.55,71,2.2,1025
2016,10,4,20,30,15.600000000000001,86.74,65,2.5,1025
2016,10,4,21,30,15,90.10000000000001,59,2.7,1024
2016,10,4,22,30,14.5,92.42,55,2.8000000000000003,1024
2016,10,4,23,30,13.8,94.27,53,2.7,1024
2016,10,5,0,30,13.100000000000001,94.7,52,2.6,1024
2016,10,5,1,30,12.5,94.72,49,2.5,1025
2016,10,5,2,30,12.100000000000001,93.64,45,2.5,1025
2016,10,5,3,30,11.8,92.69,41,2.5,1025
2016,10,5,4,30,11.4,93.28,38,2.6,1025
2016,10,5,5,30,11.200000000000001,93.56,35,2.6,1026
2016,10,5,6,30,12.200000000000001,86.92,36,2.8000000000000003,1026
2016,10,5,7,30,14,73.7,38,3,1026
2016,10,5,8,30,15.9,59.97,42,2.9000000000000004,1026
2016,10,5,9,30,17.6,51.57,46,2.7,1025
2016,10,5,10,30,19,46.4,53,2.5,1025
2016,10,5,11,30,20.1,43.11,61,2.2,1024
2016,10,5,12,30,20.8,41.68,68,2,1024
2016,10,5,13,30,21.1,41.79,74,1.9000000000000001,1023
2016,10,5,14,30,20.900000000000002,43.61,78,1.9000000000000001,1023
2016,10,5,15,30,20.200000000000003,47.07,82,1.8,1023
2016,10,5,16,30,18.2,56.050000000000004,87,1.6,1023
2016,10,5,17,30,15.8,70.24,92,1.5,1023
2016,10,5,18,30,14.600000000000001,76.66,95,1.4000000000000001,1023
2016,10,5,19,30,14,83.32000000000001,95,1.3,1024
2016,10,5,20,30,13.600000000000001,88.89,93,1.3,1024
2016,10,5,21,30,13.4,92.22,90,1.3,1024
2016,10,5,22,30,13.600000000000001,91.8,83,1.2000000000000002,1024
2016,10,5,23,30,13.600000000000001,91.81,74,1.2000000000000002,1024
2016,10,6,0,30,13.600000000000001,91.67,68,1.2000000000000002,1024
2016,10,6,1,30,13.3,93.21000000000001,63,1.4000000000000001,1024
2016,10,6,2,30,12.9,95.27,61,1.6,1024
2016,10,6,3,30,12.4,97.55,59,1.7000000000000002,1024
2016,10,6,4,30,11.9,99.52,56,1.7000000000000002,1024
2016,10,6,5,30,11.600000000000001,99.84,51,1.6,1024
2016,10,6,6,30,12.8,91.25,46,1.5,1025
2016,10,6,7,30,15.200000000000001,79.78,43,1.4000000000000001,1025
2016,10,6,8,30,17.5,69.49,42,1.3,1025
2016,10,6,9,30,19.400000000000002,59.02,43,1.1,1025
2016,10,6,10,30,20.900000000000002,51.050000000000004,48,1,1024
2016,10,6,11,30,22.200000000000003,44.82,60,0.8,1024
2016,10,6,12,30,23.1,41.37,82,0.7000000000000001,1023
2016,10,6,13,30,23.5,39.660000000000004,107,0.8,1023
2016,10,6,14,30,23.3,40.07,124,1.1,1023
2016,10,6,15,30,22.3,43.04,133,1.2000000000000002,1023
2016,10,6,16,30,19.8,54.7,140,1.4000000000000001,1023
2016,10,6,17,30,17.1,66.64,146,1.4000000000000001,1023
2016,10,6,18,30,15.8,72.91,149,1.4000000000000001,1024
2016,10,6,19,30,14.9,79.44,150,1.2000000000000002,1024
2016,10,6,20,30,14.200000000000001,84.28,151,1.1,1024
2016,10,6,21,30,13.9,86.35000000000001,151,1,1025
2016,10,6,22,30,14,85.22,142,0.8,1025
2016,10,6,23,30,14.200000000000001,83.13,99,0.7000000000000001,1024
2016,10,7,0,30,14.3,81.89,60,0.8,1024
2016,10,7,1,30,14,83.46000000000001,56,1.1,1024
2016,10,7,2,30,13.600000000000001,85.71000000000001,60,1.3,1023
2016,10,7,3,30,13.3,87.44,63,1.4000000000000001,1023
2016,10,7,4,30,12.9,90.16,67,1.5,1023
2016,10,7,5,30,12.5,93.5,70,1.6,1023
2016,10,7,6,30,13.600000000000001,88.47,74,1.6,1024
2016,10,7,7,30,16.1,78.13,79,1.6,1024
2016,10,7,8,30,18.400000000000002,67.44,83,1.7000000000000002,1024
2016,10,7,9,30,20.5,56.68,87,1.7000000000000002,1024
2016,10,7,10,30,22,48.68,92,1.6,1023
2016,10,7,11,30,22.900000000000002,45.410000000000004,99,1.6,1023
2016,10,7,12,30,23.400000000000002,43.82,106,1.6,1022
2016,10,7,13,30,23.5,43.45,112,1.7000000000000002,1022
2016,10,7,14,30,23.200000000000003,44.36,118,1.7000000000000002,1022
2016,10,7,15,30,22.200000000000003,47.59,121,1.7000000000000002,1021
2016,10,7,16,30,19.900000000000002,56.82,121,1.5,1021
2016,10,7,17,30,17.6,69.03,120,1.4000000000000001,1021
2016,10,7,18,30,16.400000000000002,76.69,121,1.5,1021
2016,10,7,19,30,15.600000000000001,84.62,120,1.5,1021
2016,10,7,20,30,15,90.56,119,1.5,1021
2016,10,7,21,30,14.700000000000001,93.52,115,1.5,1020
2016,10,7,22,30,14.4,96.16,111,1.6,1020
2016,10,7,23,30,14.100000000000001,98.77,110,1.7000000000000002,1020
2016,10,8,0,30,14.200000000000001,98.94,110,1.7000000000000002,1020
2016,10,8,1,30,14.3,98.97,106,1.6,1019
2016,10,8,2,30,14.4,99.19,103,1.5,1019
2016,10,8,3,30,14.4,100,104,1.4000000000000001,1019
2016,10,8,4,30,14.4,100,104,1.4000000000000001,1019
2016,10,8,5,30,14.4,100,102,1.3,1018
2016,10,8,6,30,15.3,97.14,101,1.3,1018
2016,10,8,7,30,16.7,91.89,100,1.3,1018
2016,10,8,8,30,17.900000000000002,87.75,99,1.3,1018
2016,10,8,9,30,19.200000000000003,82.31,102,1.2000000000000002,1018
2016,10,8,10,30,20.200000000000003,78.73,107,1,1018
2016,10,8,11,30,20.900000000000002,75.67,113,1,1017
2016,10,8,12,30,21.1,75.10000000000001,117,0.9,1016
2016,10,8,13,30,20.900000000000002,77.03,112,1,1016
2016,10,8,14,30,20.6,80.21000000000001,103,1,1015
2016,10,8,15,30,19.8,87.08,102,1.1,1015
2016,10,8,16,30,18.900000000000002,94.09,104,1.1,1015
2016,10,8,17,30,18.3,96.65,99,1.1,1015
2016,10,8,18,30,18.1,97.66,86,1.1,1015
2016,10,8,19,30,18,97.99000000000001,77,1,1015
2016,10,8,20,30,17.8,98.54,73,0.9,1014
2016,10,8,21,30,17.6,99.42,59,0.7000000000000001,1014
2016,10,8,22,30,17.5,99.76,33,0.8,1014
2016,10,8,23,30,17.3,99.66,16,1,1013
2016,10,9,0,30,17.1,99.68,8,1.3,1013
2016,10,9,1,30,16.8,99.76,4,1.7000000000000002,1013
2016,10,9,2,30,16.3,100,180,2.4000000000000004,1012
2016,10,9,3,30,15.4,100,181,3.3000000000000003,1012
2016,10,9,4,30,14.4,97.67,4,4,1013
2016,10,9,5,30,13.700000000000001,93.58,6,4.3,1013
2016,10,9,6,30,13.3,91.59,6,4.4,1014
2016,10,9,7,30,13.100000000000001,90.19,5,4.3,1015
2016,10,9,8,30,12.9,89.49,2,4.4,1015
2016,10,9,9,30,12.9,88.33,179,4.5,1015
2016,10,9,10,30,13,86.44,357,4.5,1015
2016,10,9,11,30,13.100000000000001,84.44,356,4.7,1015
2016,10,9,12,30,13.4,80.34,356,5,1015
2016,10,9,13,30,13.9,75.08,356,5.2,1014
2016,10,9,14,30,14.5,69.48,358,5.2,1014
2016,10,9,15,30,14.9,65.19,180,4.9,1014
2016,10,9,16,30,14.700000000000001,63.42,2,4.3,1014
2016,10,9,17,30,14,63.81,3,3.8000000000000003,1015
2016,10,9,18,30,13.5,63.370000000000005,2,3.7,1016
2016,10,9,19,30,13.200000000000001,61.85,179,3.9000000000000004,1016
2016,10,9,20,30,12.700000000000001,62.14,356,4.2,1016
2016,10,9,21,30,12.100000000000001,64.41,353,4.3,1016
2016,10,9,22,30,11.4,67.68,351,4.5,1016
2016,10,9,23,30,10.8,70.15,349,4.4,1016
2016,10,10,0,30,10.3,70.91,347,4.3,1016
2016,10,10,1,30,9.8,70.82000000000001,346,4.2,1017
2016,10,10,2,30,9.3,70.9,347,4,1017
2016,10,10,3,30,9,71.08,349,3.9000000000000004,1018
2016,10,10,4,30,8.700000000000001,71.93,351,3.9000000000000004,1019
2016,10,10,5,30,8.4,72.67,351,3.9000000000000004,1020
2016,10,10,6,30,8.8,69.65,350,4.1000000000000005,1021
2016,10,10,7,30,9.9,63.04,350,4.3,1022
2016,10,10,8,30,11.200000000000001,55.34,350,4.3,1022
2016,10,10,9,30,12.700000000000001,47.72,348,4,1022
2016,10,10,10,30,14.200000000000001,41.050000000000004,344,3.8000000000000003,1022
2016,10,10,11,30,15.5,35.85,341,3.5,1022
2016,10,10,12,30,16.6,32.14,339,3.3000000000000003,1022
2016,10,10,13,30,17.2,30.22,339,3.1,1021
2016,10,10,14,30,17.400000000000002,29.7,341,2.9000000000000004,1021
2016,10,10,15,30,16.900000000000002,30.89,346,2.5,1022
2016,10,10,16,30,14.8,38.72,351,2.1,1022
2016,10,10,17,30,12.3,50.06,356,2,1023
2016,10,10,18,30,11.3,53.42,180,2.1,1024
2016,10,10,19,30,10.600000000000001,56.9,5,2.1,1025
2016,10,10,20,30,9.9,60.54,9,2.2,1026
2016,10,10,21,30,9.4,63.26,12,2.2,1026
2016,10,10,22,30,8.9,66.1,16,2.2,1027
2016,10,10,23,30,8.5,68.21000000000001,20,2.3000000000000003,1027
2016,10,11,0,30,8,70.32000000000001,24,2.3000000000000003,1027
2016,10,11,1,30,7.6000000000000005,72.15,27,2.3000000000000003,1028
2016,10,11,2,30,7.1000000000000005,74.61,29,2.3000000000000003,1028
2016,10,11,3,30,6.7,77.06,31,2.2,1028
2016,10,11,4,30,6.300000000000001,79.62,31,2.1,1028
2016,10,11,5,30,6.1000000000000005,81.28,33,2,1029
2016,10,11,6,30,7.4,75.27,37,2,1029
2016,10,11,7,30,9.9,64.33,44,2,1029
2016,10,11,8,30,12.3,53.660000000000004,51,1.8,1030
2016,10,11,9,30,14.100000000000001,47.85,55,1.5,1030
2016,10,11,10,30,15.600000000000001,44.12,62,1.3,1029
2016,10,11,11,30,16.8,41.550000000000004,71,1.2000000000000002,1029
2016,10,11,12,30,17.6,40.2,83,1.1,1028
2016,10,11,13,30,17.900000000000002,40.09,97,1.1,1028
2016,10,11,14,30,17.7,41.71,107,1.2000000000000002,1028
2016,10,11,15,30,16.900000000000002,45.27,112,1.2000000000000002,1027
2016,10,11,16,30,14.600000000000001,56.95,113,1.2000000000000002,1027
2016,10,11,17,30,12.4,70.44,115,1.2000000000000002,1027
2016,10,11,18,30,11.600000000000001,75.99,117,1.2000000000000002,1028
2016,10,11,19,30,11.4,80.58,117,1.2000000000000002,1028
2016,10,11,20,30,11.4,83.52,116,1.2000000000000002,1027
2016,10,11,21,30,11.5,85.32000000000001,117,1.3,1027
2016,10,11,22,30,11.600000000000001,86.10000000000001,121,1.3,1027
2016,10,11,23,30,11.8,85.81,126,1.3,1027
2016,10,12,0,30,12,84.91,130,1.3,1027
2016,10,12,1,30,12.3,82.68,135,1.1,1026
2016,10,12,2,30,12.5,81.11,138,0.8,1026
2016,10,12,3,30,12.5,80.82000000000001,125,0.5,1026
2016,10,12,4,30,12.3,81.62,105,0.6000000000000001,1026
2016,10,12,5,30,12.100000000000001,82.53,101,0.8,1026
2016,10,12,6,30,12.600000000000001,79.98,109,0.9,1026
2016,10,12,7,30,14.3,76.01,123,1,1026
2016,10,12,8,30,16.1,69.17,137,1.2000000000000002,1026
2016,10,12,9,30,17.400000000000002,62.28,146,1.4000000000000001,1026
2016,10,12,10,30,18.400000000000002,58.06,151,1.5,1025
2016,10,12,11,30,19.200000000000003,55.11,154,1.6,1025
2016,10,12,12,30,19.6,53.57,154,1.7000000000000002,1024
2016,10,12,13,30,19.700000000000003,53.15,153,1.7000000000000002,1023
2016,10,12,14,30,19.400000000000002,54.230000000000004,152,1.7000000000000002,1022
2016,10,12,15,30,18.6,57.32,152,1.6,1022
2016,10,12,16,30,16.6,66.87,154,1.3,1022
2016,10,12,17,30,14.600000000000001,78.14,154,1.2000000000000002,1022
2016,10,12,18,30,13.9,83.36,154,1.3,1022
2016,10,12,19,30,13.4,88.81,153,1.4000000000000001,1021
2016,10,12,20,30,12.9,94.41,156,1.5,1021
2016,10,12,21,30,12.600000000000001,98.17,166,1.5,1020
2016,10,12,22,30,12.4,100,180,1.5,1020
2016,10,12,23,30,12.200000000000001,100,193,1.5,1019
2016,10,13,0,30,12,100,203,1.4000000000000001,1019
2016,10,13,1,30,11.8,100,209,1.4000000000000001,1019
2016,10,13,2,30,11.600000000000001,100,209,1.4000000000000001,1018
2016,10,13,3,30,11.3,100,214,1.3,1018
2016,10,13,4,30,11,100,227,1.3,1018
2016,10,13,5,30,10.9,100,237,1.3,1018
2016,10,13,6,30,12.200000000000001,97.09,238,1.2000000000000002,1017
2016,10,13,7,30,14.600000000000001,84.60000000000001,235,1.3,1017
2016,10,13,8,30,16.6,76.56,233,1.8,1017
2016,10,13,9,30,17.7,71.46000000000001,233,2.2,1016
2016,10,13,10,30,18.5,67.49,234,2.4000000000000004,1016
2016,10,13,11,30,19.5,63.690000000000005,238,2.5,1015
2016,10,13,12,30,20.1,62.17,244,2.5,1015
2016,10,13,13,30,20.200000000000003,63.59,250,2.2,1015
2016,10,13,14,30,20.1,65.79,257,2,1015
2016,10,13,15,30,19.400000000000002,70.61,270,1.9000000000000001,1015
2016,10,13,16,30,18.2,77.14,286,1.8,1016
2016,10,13,17,30,16.8,82.98,303,2.1,1017
2016,10,13,18,30,15.5,87.32000000000001,319,2.6,1018
2016,10,13,19,30,14.3,90.53,328,2.7,1019
2016,10,13,20,30,13,93.25,333,2.7,1020
2016,10,13,21,30,11.9,92.56,338,2.6,1020
2016,10,13,22,30,11,89.73,340,2.6,1021
2016,10,13,23,30,10.200000000000001,87.18,338,2.5,1021
2016,10,14,0,30,9.600000000000001,85.03,338,2.5,1021
2016,10,14,1,30,9,83.21000000000001,341,2.5,1022
2016,10,14,2,30,8.5,84.29,346,2.5,1022
2016,10,14,3,30,8.1,86.03,351,2.5,1023
2016,10,14,4,30,7.7,88.08,356,2.5,1024
2016,10,14,5,30,7.300000000000001,89.63,180,2.5,1024
2016,10,14,6,30,8.1,83.68,6,2.6,1025
2016,10,14,7,30,10,72.73,12,2.9000000000000004,1026
2016,10,14,8,30,11.8,59.7,15,2.9000000000000004,1026
2016,10,14,9,30,13.5,49.93,12,2.6,1026
2016,10,14,10,30,15,42.92,7,2.4000000000000004,1026
2016,10,14,11,30,16.2,37.88,4,2.1,1026
2016,10,14,12,30,17.2,34.05,3,1.8,1025
2016,10,14,13,30,17.7,31.73,1,1.3,1025
2016,10,14,14,30,17.8,30.29,0,0.9,1024
2016,10,14,15,30,17.2,30.6,178,0.5,1024
2016,10,14,16,30,15.9,37.38,307,0.4,1024
2016,10,14,17,30,14.5,38.1,157,0.5,1025
2016,10,14,18,30,13.4,39.97,32,0.6000000000000001,1025
2016,10,14,19,30,12.200000000000001,43.82,18,0.8,1026
2016,10,14,20,30,11,48.68,30,1,1026
2016,10,14,21,30,10,53.97,31,1.2000000000000002,1027
2016,10,14,22,30,9.1,58.160000000000004,31,1.2000000000000002,1027
2016,10,14,23,30,8.3,62.65,37,1.3,1026
2016,10,15,0,30,7.800000000000001,65.65,43,1.2000000000000002,1026
2016,10,15,1,30,7.5,67.04,45,1.1,1026
2016,10,15,2,30,7.1000000000000005,68.84,36,1,1026
2016,10,15,3,30,6.7,71.78,26,1,1027
2016,10,15,4,30,6.300000000000001,76.68,25,1.2000000000000002,1027
2016,10,15,5,30,6.1000000000000005,81.53,32,1.3,1028
2016,10,15,6,30,7.4,77.63,43,1.2000000000000002,1028
2016,10,15,7,30,10.100000000000001,68.32000000000001,60,1,1028
2016,10,15,8,30,13.100000000000001,56.870000000000005,84,0.7000000000000001,1029
2016,10,15,9,30,15.700000000000001,46.59,104,0.6000000000000001,1028
2016,10,15,10,30,17,43.12,117,0.6000000000000001,1028
2016,10,15,11,30,17.8,41.53,132,0.8,1027
2016,10,15,12,30,18.3,40.95,144,1.1,1027
2016,10,15,13,30,18.5,41.34,154,1.3,1026
2016,10,15,14,30,18.3,42.94,162,1.5,1026
2016,10,15,15,30,17.400000000000002,46.53,167,1.6,1025
2016,10,15,16,30,15.100000000000001,57.54,169,1.6,1025
2016,10,15,17,30,13,68.66,170,1.7000000000000002,1025
2016,10,15,18,30,12.4,73.21000000000001,174,1.8,1025
2016,10,15,19,30,11.8,78.28,180,1.8,1025
2016,10,15,20,30,11.100000000000001,83.5,188,1.8,1025
2016,10,15,21,30,10.5,88.05,196,1.8,1025
2016,10,15,22,30,10,92.01,205,1.8,1024
2016,10,15,23,30,9.600000000000001,95.81,216,1.9000000000000001,1024
2016,10,16,0,30,9.3,98.99000000000001,224,1.9000000000000001,1024
2016,10,16,1,30,9.200000000000001,100,230,1.9000000000000001,1023
2016,10,16,2,30,9.3,100,233,2,1023
2016,10,16,3,30,9.4,99.94,234,2,1023
2016,10,16,4,30,9.3,100,233,2,1023
2016,10,16,5,30,9.3,100,232,2,1022
2016,10,16,6,30,10.600000000000001,94.59,231,2.1,1022
2016,10,16,7,30,12.9,83.45,229,2.5,1021
2016,10,16,8,30,15.3,73.47,228,2.8000000000000003,1021
2016,10,16,9,30,17.3,63.49,230,2.9000000000000004,1020
2016,10,16,10,30,18.8,59.08,232,2.8000000000000003,1020
2016,10,16,11,30,20,57.83,231,2.6,1019
2016,10,16,12,30,21.1,57.04,226,2.5,1017
2016,10,16,13,30,21.900000000000002,57.17,221,2.4000000000000004,1016
2016,10,16,14,30,22,59.29,216,2.4000000000000004,1016
2016,10,16,15,30,21.400000000000002,63.6,212,2.3000000000000003,1015
2016,10,16,16,30,19.900000000000002,71.68,210,2.3000000000000003,1015
2016,10,16,17,30,18.5,78.57000000000001,214,2.5,1015
2016,10,16,18,30,17.8,82.55,219,2.7,1015
2016,10,16,19,30,17.3,85.98,224,2.8000000000000003,1015
2016,10,16,20,30,17,88.42,230,2.8000000000000003,1015
2016,10,16,21,30,16.6,91.09,236,2.7,1015
2016,10,16,22,30,16.2,93.39,239,2.5,1014
2016,10,16,23,30,15.9,95.18,241,2.4000000000000004,1014
2016,10,17,0,30,15.8,95.61,243,2.4000000000000004,1014
2016,10,17,1,30,15.600000000000001,96.28,247,2.4000000000000004,1013
2016,10,17,2,30,15.200000000000001,97.85000000000001,252,2.3000000000000003,1013
2016,10,17,3,30,14.700000000000001,99.56,260,2.2,1013
2016,10,17,4,30,14.3,100,266,2,1013
2016,10,17,5,30,14,100,269,1.8,1013
2016,10,17,6,30,14.700000000000001,95.4,267,1.7000000000000002,1014
2016,10,17,7,30,16.5,87.12,258,1.5,1014
2016,10,17,8,30,19,77.08,246,1.3,1013
2016,10,17,9,30,22,66.46000000000001,237,1.2000000000000002,1013
2016,10,17,10,30,24.200000000000003,57.89,234,1.3,1012
2016,10,17,11,30,25.3,53.53,233,1.4000000000000001,1012
2016,10,17,12,30,25.5,52.69,233,1.5,1011
2016,10,17,13,30,25.400000000000002,52.99,230,1.6,1010
2016,10,17,14,30,25,54.97,223,1.7000000000000002,1010
2016,10,17,15,30,24.200000000000003,59.15,215,1.7000000000000002,1010
2016,10,17,16,30,22.3,68.99,213,1.7000000000000002,1010
2016,10,17,17,30,20.400000000000002,76.49,217,1.8,1010
2016,10,17,18,30,19.8,79.07000000000001,221,1.8,1010
2016,10,17,19,30,19.200000000000003,82.34,225,1.8,1011
2016,10,17,20,30,18.5,85.99,227,1.7000000000000002,1011
2016,10,17,21,30,17.900000000000002,89.21000000000001,227,1.7000000000000002,1011
2016,10,17,22,30,17.6,91.24,228,1.8,1011
2016,10,17,23,30,17.2,94.18,227,1.9000000000000001,1011
2016,10,18,0,30,16.8,96.94,226,2,1011
2016,10,18,1,30,16.400000000000002,99.65,226,2,1011
2016,10,18,2,30,16,100,226,1.9000000000000001,1011
2016,10,18,3,30,15.700000000000001,100,225,1.8,1011
2016,10,18,4,30,15.4,100,223,1.8,1011
2016,10,18,5,30,15.200000000000001,100,220,1.7000000000000002,1012
2016,10,18,6,30,16.400000000000002,99.21000000000001,216,1.8,1012
2016,10,18,7,30,18.6,88.02,210,1.9000000000000001,1012
2016,10,18,8,30,21,78.39,205,1.9000000000000001,1012
2016,10,18,9,30,23.400000000000002,70.06,202,2.1,1012
2016,10,18,10,30,25.1,61.18,200,2.4000000000000004,1011
2016,10,18,11,30,25.900000000000002,55.75,200,2.7,1011
2016,10,18,12,30,26.3,53.07,200,2.9000000000000004,1010
2016,10,18,13,30,26.3,52.11,199,3.1,1009
2016,10,18,14,30,25.8,53.21,198,3.2,1009
2016,10,18,15,30,24.700000000000003,57.32,195,3.2,1008
2016,10,18,16,30,23,65.74,195,3,1008
2016,10,18,17,30,21.5,74.41,198,2.9000000000000004,1009
2016,10,18,18,30,20.700000000000003,80.17,204,2.7,1010
2016,10,18,19,30,20.1,84.73,208,2.6,1010
2016,10,18,20,30,19.5,89.04,210,2.6,1010
2016,10,18,21,30,19.1,92.10000000000001,212,2.6,1010
2016,10,18,22,30,18.900000000000002,94.2,214,2.6,1010
2016,10,18,23,30,18.7,96.42,215,2.6,1010
2016,10,19,0,30,18.6,97.82000000000001,216,2.5,1010
2016,10,19,1,30,18.5,99.04,216,2.5,1010
2016,10,19,2,30,18.5,99.26,220,2.5,1010
2016,10,19,3,30,18.3,100,226,2.4000000000000004,1010
2016,10,19,4,30,18,100,231,2,1011
2016,10,19,5,30,17.8,100,235,1.7000000000000002,1012
2016,10,19,6,30,18.6,95.83,242,1.6,1012
2016,10,19,7,30,20.5,85.02,252,1.5,1013
2016,10,19,8,30,22.8,72.94,268,1.4000000000000001,1013
2016,10,19,9,30,24.6,63.86,283,1.2000000000000002,1013
2016,10,19,10,30,25.900000000000002,58.24,287,1.2000000000000002,1013
2016,10,19,11,30,26.900000000000002,54.050000000000004,282,1.2000000000000002,1013
2016,10,19,12,30,27.5,50.79,278,1.2000000000000002,1013
2016,10,19,13,30,27.8,47.53,279,1.1,1013
2016,10,19,14,30,27.400000000000002,45.07,286,1,1013
2016,10,19,15,30,26.200000000000003,44.89,302,0.9,1013
2016,10,19,16,30,23.6,53,327,0.8,1014
2016,10,19,17,30,21.1,58.02,351,1.1,1016
2016,10,19,18,30,19.8,59.14,182,1.5,1017
2016,10,19,19,30,18.900000000000002,60.33,11,1.8,1017
2016,10,19,20,30,17.900000000000002,63.5,25,2,1018
2016,10,19,21,30,17.1,67.48,42,2,1018
2016,10,19,22,30,16.6,71.09,51,2,1018
2016,10,19,23,30,16.2,74.38,49,1.9000000000000001,1018
2016,10,20,0,30,15.700000000000001,77.72,47,1.9000000000000001,1018
2016,10,20,1,30,15.3,80.21000000000001,48,1.9000000000000001,1018
2016,10,20,2,30,14.9,82.91,52,2,1018
2016,10,20,3,30,14.5,86.10000000000001,57,2.1,1017
2016,10,20,4,30,14.3,88.46000000000001,62,2.1,1018
2016,10,20,5,30,14.100000000000001,90.04,65,2.2,1018
2016,10,20,6,30,14.9,86.37,63,2.4000000000000004,1019
2016,10,20,7,30,16.7,78.4,70,2.8000000000000003,1019
2016,10,20,8,30,18.8,71.05,84,3.1,1018
2016,10,20,9,30,20.400000000000002,67.6,96,3.3000000000000003,1018
2016,10,20,10,30,21.1,67.65,103,3.2,1018
2016,10,20,11,30,21.200000000000003,69.97,107,3.2,1017
2016,10,20,12,30,21.1,73.57000000000001,110,3,1016
2016,10,20,13,30,20.900000000000002,77.53,111,2.8000000000000003,1016
2016,10,20,14,30,20.700000000000003,80.91,111,2.6,1016
2016,10,20,15,30,20.200000000000003,84.92,111,2.6,1015
2016,10,20,16,30,19.400000000000002,90.12,111,2.5,1015
2016,10,20,17,30,18.7,94.37,111,2.4000000000000004,1015
2016,10,20,18,30,18.400000000000002,96,114,2.3000000000000003,1015
2016,10,20,19,30,18.2,96.98,120,2.2,1014
2016,10,20,20,30,18.2,97.09,125,2.1,1014
2016,10,20,21,30,18.3,97.02,133,2.2,1013
2016,10,20,22,30,18.400000000000002,97.99000000000001,142,2.2,1012
2016,10,20,23,30,18.5,98.92,153,2.1,1012
2016,10,21,0,30,18.400000000000002,100,162,2,1011
2016,10,21,1,30,18,100,167,1.8,1010
2016,10,21,2,30,17.400000000000002,100,166,1.6,1010
2016,10,21,3,30,16.900000000000002,100,161,1.5,1009
2016,10,21,4,30,16.7,100,155,1.5,1008
2016,10,21,5,30,16.7,100,152,1.5,1008
2016,10,21,6,30,17.7,99.57000000000001,151,1.5,1007
2016,10,21,7,30,19.3,93.74,150,1.6,1007
2016,10,21,8,30,20.700000000000003,89.44,149,1.7000000000000002,1006
2016,10,21,9,30,21.900000000000002,84.89,149,1.8,1005
2016,10,21,10,30,22.900000000000002,80.81,150,2,1004
2016,10,21,11,30,23.700000000000003,76.29,152,2,1003
2016,10,21,12,30,24.1,73.25,154,2,1002
2016,10,21,13,30,23.900000000000002,73.51,157,1.8,1000
2016,10,21,14,30,23.3,76.72,159,1.6,1000
2016,10,21,15,30,22.5,81.22,158,1.2000000000000002,999
2016,10,21,16,30,20.900000000000002,90.89,150,0.8,998
2016,10,21,17,30,19.3,99.43,141,0.6000000000000001,997
2016,10,21,18,30,18.6,100,145,0.6000000000000001,996
2016,10,21,19,30,18.3,100,164,0.7000000000000001,996
2016,10,21,20,30,18.1,100,191,0.8,995
2016,10,21,21,30,17.900000000000002,100,212,0.8,995
2016,10,21,22,30,17.5,100,227,0.8,994
2016,10,21,23,30,16.6,100,248,1,994
2016,10,22,0,30,15.100000000000001,100,279,1.7000000000000002,993
2016,10,22,1,30,13.200000000000001,100,304,2.9000000000000004,993
2016,10,22,2,30,11.4,100,316,3.8000000000000003,993
2016,10,22,3,30,10.200000000000001,94.38,320,4.2,993
2016,10,22,4,30,9.5,90.79,318,4.2,993
2016,10,22,5,30,9,89.76,315,4.3,994
2016,10,22,6,30,8.3,90.60000000000001,309,4.4,994
2016,10,22,7,30,7.9,89.49,305,4.7,995
2016,10,22,8,30,8.3,84.24,307,4.800000000000001,995
2016,10,22,9,30,9.4,77.17,307,4.9,995
2016,10,22,10,30,10.600000000000001,71.47,301,5,995
2016,10,22,11,30,11.4,67.93,294,5.2,996
2016,10,22,12,30,11.5,66.74,288,5.300000000000001,996
2016,10,22,13,30,11.200000000000001,67.27,285,5.4,997
2016,10,22,14,30,10.700000000000001,69.04,286,5.4,998
2016,10,22,15,30,10.200000000000001,70.86,286,5.2,999
2016,10,22,16,30,9.8,71.9,285,4.9,999
2016,10,22,17,30,9.600000000000001,71.11,284,4.7,1000
2016,10,22,18,30,9.600000000000001,68.19,283,4.6000000000000005,1001
2016,10,22,19,30,9.5,65.36,282,4.7,1002
2016,10,22,20,30,9.3,64.3,280,4.6000000000000005,1003
2016,10,22,21,30,9.1,64.49,279,4.5,1003
2016,10,22,22,30,9,64.57000000000001,278,4.4,1004
2016,10,22,23,30,8.8,65.06,278,4.3,1004
2016,10,23,0,30,8.5,65.93,279,4.3,1004
2016,10,23,1,30,8.1,67.04,281,4.2,1005
2016,10,23,2,30,7.7,67.79,282,4.1000000000000005,1005
2016,10,23,3,30,7.4,68.23,283,4,1006
2016,10,23,4,30,7.1000000000000005,69.19,283,3.9000000000000004,1006
2016,10,23,5,30,7,70.08,281,3.8000000000000003,1007
2016,10,23,6,30,7.5,68.99,279,4,1008
2016,10,23,7,30,9,64.13,276,4.2,1008
2016,10,23,8,30,10.9,57.870000000000005,276,4.4,1008
2016,10,23,9,30,12.9,51.75,278,4.4,1008
2016,10,23,10,30,14.5,47.89,279,4.5,1008
2016,10,23,11,30,15.700000000000001,46.17,280,4.5,1008
2016,10,23,12,30,16.5,45.32,280,4.5,1008
2016,10,23,13,30,16.8,45.26,279,4.4,1008
2016,10,23,14,30,16.8,45.74,277,4.2,1008
2016,10,23,15,30,16.3,47.89,275,3.8000000000000003,1008
2016,10,23,16,30,15.100000000000001,53,272,3.2,1009
2016,10,23,17,30,13.9,58.85,269,2.8000000000000003,1010
2016,10,23,18,30,13.100000000000001,63.22,265,2.6,1010
2016,10,23,19,30,12.4,67.41,259,2.5,1010
2016,10,23,20,30,11.700000000000001,71.94,253,2.4000000000000004,1011
2016,10,23,21,30,11,76.55,247,2.3000000000000003,1010
2016,10,23,22,30,10.5,80.52,238,2.3000000000000003,1010
2016,10,23,23,30,10.600000000000001,82.28,228,2.2,1009
2016,10,24,0,30,11.100000000000001,83.33,221,2.3000000000000003,1008
2016,10,24,1,30,11.5,86.14,223,2.6,1007
2016,10,24,2,30,11.600000000000001,89.47,240,2.7,1007
2016,10,24,3,30,11.3,92.4,264,2.8000000000000003,1007
2016,10,24,4,30,10.5,95.79,289,2.7,1008
2016,10,24,5,30,9.700000000000001,97.97,305,2.6,1009
2016,10,24,6,30,9.8,94.64,310,2.6,1010
2016,10,24,7,30,10.9,87.66,309,2.8000000000000003,1011
2016,10,24,8,30,12.5,78.38,308,3.1,1012
2016,10,24,9,30,14.100000000000001,66.54,306,3.3000000000000003,1012
2016,10,24,10,30,15.200000000000001,58.38,302,3.5,1012
2016,10,24,11,30,15.9,53.75,298,3.6,1012
2016,10,24,12,30,16.3,50.370000000000005,295,3.8000000000000003,1012
2016,10,24,13,30,16.400000000000002,47.730000000000004,295,3.9000000000000004,1012
2016,10,24,14,30,15.9,47,297,4,1012
2016,10,24,15,30,14.9,47.85,302,4.1000000000000005,1013
2016,10,24,16,30,13.4,49.95,310,4,1014
2016,10,24,17,30,11.9,52.79,317,3.7,1015
2016,10,24,18,30,10.8,55.57,321,3.4000000000000004,1016
2016,10,24,19,30,9.9,58.29,322,3.2,1017
2016,10,24,20,30,9.200000000000001,60.72,321,3.1,1018
2016,10,24,21,30,8.6,63.45,318,2.9000000000000004,1018
2016,10,24,22,30,8.200000000000001,65.52,316,2.8000000000000003,1019
2016,10,24,23,30,7.9,66.65,315,2.7,1019
2016,10,25,0,30,7.6000000000000005,67.54,312,2.7,1019
2016,10,25,1,30,7.4,68.02,309,2.7,1019
2016,10,25,2,30,7.2,68.68,306,2.7,1019
2016,10,25,3,30,6.9,70.44,303,2.7,1020
2016,10,25,4,30,6.6000000000000005,72.8,301,2.7,1020
2016,10,25,5,30,6.300000000000001,75.62,300,2.7,1020
2016,10,25,6,30,6.7,75.31,298,2.8000000000000003,1021
2016,10,25,7,30,8.1,70.8,297,3.1,1021
2016,10,25,8,30,9.5,64.45,300,3.4000000000000004,1021
2016,10,25,9,30,10.3,57.45,304,3.5,1021
2016,10,25,10,30,10.9,51.53,306,3.6,1021
2016,10,25,11,30,11.5,46.81,307,3.7,1021
2016,10,25,12,30,11.8,44.15,307,3.8000000000000003,1021
2016,10,25,13,30,11.9,42.95,308,3.8000000000000003,1021
2016,10,25,14,30,11.600000000000001,43.33,311,3.9000000000000004,1021
2016,10,25,15,30,10.9,45.160000000000004,314,3.8000000000000003,1022
2016,10,25,16,30,9.8,48.7,318,3.6,1022
2016,10,25,17,30,8.8,52.82,322,3.3000000000000003,1023
2016,10,25,18,30,8,56.11,326,3.2,1024
2016,10,25,19,30,7.300000000000001,58.71,330,3.1,1025
2016,10,25,20,30,6.6000000000000005,61.690000000000005,333,3,1026
2016,10,25,21,30,5.9,64.95,334,2.8000000000000003,1026
2016,10,25,22,30,5.300000000000001,67.58,333,2.7,1026
2016,10,25,23,30,4.800000000000001,70.09,333,2.7,1026
2016,10,26,0,30,4.4,72.47,333,2.6,1026
2016,10,26,1,30,4.1000000000000005,74.62,332,2.6,1026
2016,10,26,2,30,3.9000000000000004,76.08,332,2.6,1026
2016,10,26,3,30,3.6,77.92,332,2.6,1027
2016,10,26,4,30,3.4000000000000004,79.02,332,2.5,1027
2016,10,26,5,30,3.1,80.7,332,2.5,1028
2016,10,26,6,30,3.7,77.51,333,2.6,1028
2016,10,26,7,30,5.5,68.81,338,2.9000000000000004,1028
2016,10,26,8,30,7.2,57.370000000000005,341,3.1,1028
2016,10,26,9,30,8.4,48.84,338,2.9000000000000004,1028
2016,10,26,10,30,9.4,44.300000000000004,334,2.8000000000000003,1028
2016,10,26,11,30,10.200000000000001,41.15,331,2.6,1027
2016,10,26,12,30,10.8,38.7,329,2.4000000000000004,1026
2016,10,26,13,30,11,37.35,331,2.2,1026
2016,10,26,14,30,10.700000000000001,37.38,334,2,1026
2016,10,26,15,30,9.9,39.76,338,1.8,1027
2016,10,26,16,30,8.200000000000001,49.5,346,1.6,1027
2016,10,26,17,30,6.7,57.230000000000004,179,1.6,1028
2016,10,26,18,30,5.7,60.31,8,1.7000000000000002,1028
2016,10,26,19,30,5.2,61.15,14,1.8,1028
2016,10,26,20,30,5.2,61.24,20,1.8,1028
2016,10,26,21,30,5,62.51,26,1.7000000000000002,1028
2016,10,26,22,30,4.800000000000001,63.1,32,1.6,1028
2016,10,26,23,30,4.800000000000001,63.550000000000004,37,1.6,1028
2016,10,27,0,30,4.9,64.03,40,1.6,1029
2016,10,27,1,30,5.1000000000000005,64.08,42,1.6,1029
2016,10,27,2,30,5.1000000000000005,65.17,44,1.6,1029
2016,10,27,3,30,5.1000000000000005,66.39,50,1.7000000000000002,1029
2016,10,27,4,30,5.1000000000000005,68.12,59,1.8,1029
2016,10,27,5,30,5,70.88,70,2,1028
2016,10,27,6,30,5.1000000000000005,73.91,80,2.1,1028
2016,10,27,7,30,5.5,76.48,87,2.4000000000000004,1028
2016,10,27,8,30,5.9,79.26,93,2.6,1028
2016,10,27,9,30,6.300000000000001,81.53,100,2.7,1027
2016,10,27,10,30,6.800000000000001,82.83,107,2.9000000000000004,1026
2016,10,27,11,30,7.5,83.22,115,3.1,1025
2016,10,27,12,30,8.200000000000001,84.13,127,3.3000000000000003,1024
2016,10,27,13,30,8.700000000000001,86.29,139,3.4000000000000004,1023
2016,10,27,14,30,9.200000000000001,88.53,147,3.5,1022
2016,10,27,15,30,9.9,89.68,152,3.7,1020
2016,10,27,16,30,10.5,91.2,155,3.9000000000000004,1019
2016,10,27,17,30,11.100000000000001,92.86,159,3.9000000000000004,1018
2016,10,27,18,30,11.700000000000001,94.7,163,3.7,1017
2016,10,27,19,30,12.4,96.08,176,3.5,1016
2016,10,27,20,30,12.9,98.16,201,3.2,1015
2016,10,27,21,30,12.9,100,229,2.8000000000000003,1014
2016,10,27,22,30,12.700000000000001,100,249,2.6,1014
2016,10,27,23,30,12.200000000000001,100,266,2.6,1014
2016,10,28,0,30,11.200000000000001,100,281,2.6,1014
2016,10,28,1,30,10.3,100,292,2.7,1014
2016,10,28,2,30,9.4,100,302,3.2,1015
2016,10,28,3,30,8.4,99.27,310,3.5,1015
2016,10,28,4,30,7.4,97.64,313,3.6,1016
2016,10,28,5,30,6.6000000000000005,96.48,313,3.6,1017
2016,10,28,6,30,6.1000000000000005,93.33,312,3.7,1018
2016,10,28,7,30,6.5,86.42,310,4,1018
2016,10,28,8,30,7.5,76.4,309,4.3,1018
2016,10,28,9,30,8.5,65.98,310,4.6000000000000005,1018
2016,10,28,10,30,9.200000000000001,59.63,310,4.7,1018
2016,10,28,11,30,9.5,56.910000000000004,310,4.800000000000001,1018
2016,10,28,12,30,9.700000000000001,55.45,310,4.800000000000001,1018
2016,10,28,13,30,9.700000000000001,55.230000000000004,311,4.800000000000001,1017
2016,10,28,14,30,9.4,56.71,312,4.7,1018
2016,10,28,15,30,8.8,59.71,314,4.5,1018
2016,10,28,16,30,7.800000000000001,64.83,316,4.2,1019
2016,10,28,17,30,7,69.61,319,3.9000000000000004,1020
2016,10,28,18,30,6.4,73.77,322,3.7,1021
2016,10,28,19,30,5.800000000000001,78.09,325,3.3000000000000003,1021
2016,10,28,20,30,5.300000000000001,82.13,326,3,1021
2016,10,28,21,30,4.800000000000001,86,326,2.8000000000000003,1021
2016,10,28,22,30,4.3,89.44,327,2.5,1021
2016,10,28,23,30,3.8000000000000003,92.42,329,2.2,1021
2016,10,29,0,30,3.5,93.96000000000001,332,2,1021
2016,10,29,1,30,3.3000000000000003,94.57000000000001,332,1.7000000000000002,1021
2016,10,29,2,30,3.2,94.06,327,1.5,1020
2016,10,29,3,30,3.3000000000000003,92.42,319,1.3,1020
2016,10,29,4,30,3.2,92.29,309,1.3,1021
2016,10,29,5,30,3.1,92.42,294,1.4000000000000001,1021
2016,10,29,6,30,4.1000000000000005,85.28,274,1.3,1020
2016,10,29,7,30,6.2,74.86,249,1.4000000000000001,1020
2016,10,29,8,30,8.6,64.18,230,2,1019
2016,10,29,9,30,10.9,56.58,224,2.8000000000000003,1018
2016,10,29,10,30,12.9,51.9,223,3.4000000000000004,1017
2016,10,29,11,30,14.600000000000001,50.08,224,3.8000000000000003,1015
2016,10,29,12,30,15.9,49.7,226,3.8000000000000003,1013
2016,10,29,13,30,16.8,50.6,227,3.7,1012
2016,10,29,14,30,17.2,53.56,225,3.3000000000000003,1011
2016,10,29,15,30,16.8,59.89,222,3,1011
2016,10,29,16,30,15.9,67.18,221,2.9000000000000004,1011
2016,10,29,17,30,15.3,71.68,224,3,1011
2016,10,29,18,30,15.4,73.09,230,3.3000000000000003,1011
2016,10,29,19,30,15.5,74.76,238,3.4000000000000004,1012
2016,10,29,20,30,15.5,76.68,244,3.2,1012
2016,10,29,21,30,15.3,79.54,248,3,1011
2016,10,29,22,30,15.100000000000001,82.41,251,2.8000000000000003,1011
2016,10,29,23,30,15,84.62,253,2.6,1010
2016,10,30,0,30,15,86.44,256,2.4000000000000004,1010
2016,10,30,1,30,15.200000000000001,87.53,260,2.3000000000000003,1010
2016,10,30,2,30,15.200000000000001,90.04,267,2.2,1010
2016,10,30,3,30,14.8,94.69,273,1.9000000000000001,1010
2016,10,30,4,30,14.200000000000001,99.51,276,1.6,1010
2016,10,30,5,30,13.8,100,278,1.4000000000000001,1011
2016,10,30,6,30,14.3,99.14,283,1.2000000000000002,1011
2016,10,30,7,30,15.8,91.17,289,1.1,1011
2016,10,30,8,30,17.6,83.3,294,0.9,1011
2016,10,30,9,30,19.5,73.67,294,0.7000000000000001,1011
2016,10,30,10,30,20.900000000000002,65.83,273,0.6000000000000001,1010
2016,10,30,11,30,21.5,64.23,240,0.7000000000000001,1010
2016,10,30,12,30,21.700000000000003,65.34,219,0.8,1009
2016,10,30,13,30,21.8,67.54,204,1,1008
2016,10,30,14,30,21.6,71.47,190,1.3,1007
2016,10,30,15,30,20.3,79.19,187,1.6,1006
2016,10,30,16,30,18.6,88.04,200,1.6,1007
2016,10,30,17,30,17.400000000000002,94.15,224,1.7000000000000002,1008
2016,10,30,18,30,16.1,99.77,267,2,1009
2016,10,30,19,30,14.4,100,321,3.1,1011
2016,10,30,20,30,12.600000000000001,98.10000000000001,351,3.9000000000000004,1012
2016,10,30,21,30,11.4,94.73,353,3.8000000000000003,1013
2016,10,30,22,30,10.600000000000001,92.66,347,3.6,1013
2016,10,30,23,30,9.700000000000001,88.5,343,3.6,1014
2016,10,31,0,30,8.8,84.55,342,3.5,1014
2016,10,31,1,30,8.1,82.38,341,3.3000000000000003,1015
2016,10,31,2,30,7.5,81.94,343,3.2,1015
2016,10,31,3,30,7,82.25,345,3.1,1016
2016,10,31,4,30,6.4,83.45,347,3,1017
2016,10,31,5,30,5.9,84.27,349,2.9000000000000004,1018
2016,10,31,6,30,5.800000000000001,83,352,3,1019
2016,10,31,7,30,6.7,77.63,355,3.2,1020
2016,10,31,8,30,7.9,69.49,358,3.2,1020
2016,10,31,9,30,9.3,60.21,358,2.9000000000000004,1020
2016,10,31,10,30,10.5,53.33,355,2.6,1020
2016,10,31,11,30,11.600000000000001,48.19,350,2.3000000000000003,1020
2016,10,31,12,30,12.5,44.51,345,2.1,1020
2016,10,31,13,30,13,42.43,345,1.9000000000000001,1020
2016,10,31,14,30,13,41.96,349,1.6,1020
2016,10,31,15,30,12.100000000000001,45.050000000000004,355,1.4000000000000001,1020
2016,10,31,16,30,10.3,59.36,182,1.4000000000000001,1021
2016,10,31,17,30,8.9,59.160000000000004,11,1.6,1022
2016,10,31,18,30,8.1,62.38,20,1.6,1022
2016,10,31,19,30,6.9,75.9,293,2.2,1021
2016,10,31,20,30,6.4,77.55,300,2.1,1021
2016,10,31,21,30,6,78.77,308,2.1,1022
2016,10,31,22,30,5.6000000000000005,80.14,317,2,1022
2016,10,31,23,30,5.300000000000001,81.14,327,1.8,1023
2017,11,1,0,30,5.2,81.05,339,1.6,1023
2017,11,1,1,30,4.9,82.61,352,1.5,1023
2017,11,1,2,30,4.5,82.96000000000001,186,1.5,1023
2017,11,1,3,30,4.7,81.32000000000001,22,1.4000000000000001,1024
2017,11,1,4,30,5.2,80.42,38,1.3,1024
2017,11,1,5,30,5.4,81.38,55,1.2000000000000002,1024
2017,11,1,6,30,6.1000000000000005,77.44,74,1.2000000000000002,1025
2017,11,1,7,30,7.7,73.61,90,1.2000000000000002,1025
2017,11,1,8,30,9.3,69.54,100,1.3,1025
2017,11,1,9,30,10.9,63.72,108,1.5,1025
2017,11,1,10,30,12.4,56.31,114,1.7000000000000002,1025
2017,11,1,11,30,13.200000000000001,54.22,119,1.8,1024
2017,11,1,12,30,13.5,55.77,122,1.8,1024
2017,11,1,13,30,13.700000000000001,58.35,121,1.8,1024
2017,11,1,14,30,13.3,64.83,117,1.7000000000000002,1024
2017,11,1,15,30,12.600000000000001,74.94,114,1.7000000000000002,1024
2017,11,1,16,30,12.100000000000001,79.56,116,1.9000000000000001,1024
2017,11,1,17,30,11.9,81.87,121,2,1024
2017,11,1,18,30,12,83.73,127,2.1,1024
2017,11,1,19,30,12.200000000000001,86.63,132,2.1,1023
2017,11,1,20,30,12.5,89.78,136,2.2,1023
2017,11,1,21,30,12.8,94.16,141,2.1,1023
2017,11,1,22,30,12.9,99.99000000000001,149,1.9000000000000001,1023
2017,11,1,23,30,12.9,100,158,1.8,1022
2017,11,2,0,30,12.9,100,169,1.7000000000000002,1022
2017,11,2,1,30,13.100000000000001,100,177,1.7000000000000002,1022
2017,11,2,2,30,13.3,100,182,1.8,1022
2017,11,2,3,30,13.3,100,185,1.8,1022
2017,11,2,4,30,13.200000000000001,100,187,1.7000000000000002,1022
2017,11,2,5,30,13.100000000000001,100,189,1.6,1022
2017,11,2,6,30,13.600000000000001,100,188,1.6,1023
2017,11,2,7,30,15.3,95.68,188,1.6,1023
2017,11,2,8,30,17.1,92.63,191,1.6,1023
2017,11,2,9,30,18.7,87.73,196,1.6,1023
2017,11,2,10,30,20.1,79.25,197,1.7000000000000002,1022
2017,11,2,11,30,20.900000000000002,73.83,193,1.9000000000000001,1022
2017,11,2,12,30,21.200000000000003,72.27,189,2.1,1021
2017,11,2,13,30,21.200000000000003,72.60000000000001,185,2.2,1021
2017,11,2,14,30,20.8,74.96000000000001,180,2.3000000000000003,1021
2017,11,2,15,30,19.8,81.4,175,2.2,1021
2017,11,2,16,30,18.400000000000002,90.29,174,2,1021
2017,11,2,17,30,17.400000000000002,95.49,176,2,1021
2017,11,2,18,30,16.900000000000002,98.27,178,2,1021
2017,11,2,19,30,16.5,100,182,2,1021
2017,11,2,20,30,16.1,100,185,1.9000000000000001,1020
2017,11,2,21,30,15.700000000000001,100,190,1.8,1020
2017,11,2,22,30,15.3,100,195,1.7000000000000002,1020
2017,11,2,23,30,14.8,100,201,1.6,1019
2017,11,3,0,30,14.5,100,206,1.5,1019
2017,11,3,1,30,14.3,100,207,1.5,1018
2017,11,3,2,30,14.100000000000001,100,204,1.5,1018
2017,11,3,3,30,14.200000000000001,100,201,1.6,1017
2017,11,3,4,30,14.200000000000001,100,201,1.7000000000000002,1017
2017,11,3,5,30,14.100000000000001,100,203,1.8,1017
2017,11,3,6,30,14.600000000000001,100,204,2,1017
2017,11,3,7,30,15.9,94.03,204,2.2,1016
2017,11,3,8,30,17.6,88.33,203,2.4000000000000004,1016
2017,11,3,9,30,19.200000000000003,82.93,205,2.6,1015
2017,11,3,10,30,20.3,77.63,208,2.6,1015
2017,11,3,11,30,20.8,74.62,212,2.6,1014
2017,11,3,12,30,21,73.44,217,2.4000000000000004,1013
2017,11,3,13,30,20.6,75.89,226,2.1,1013
2017,11,3,14,30,20,80.5,239,1.7000000000000002,1013
2017,11,3,15,30,19.200000000000003,86.02,254,1.3,1014
2017,11,3,16,30,18.1,88.91,275,1.3,1015
2017,11,3,17,30,16.8,88.02,306,2,1016
2017,11,3,18,30,15.3,85.89,331,3.3000000000000003,1018
2017,11,3,19,30,13.5,82.66,343,4.1000000000000005,1019
2017,11,3,20,30,11.9,80.04,349,4.2,1020
2017,11,3,21,30,10.700000000000001,77.63,353,4.2,1021
2017,11,3,22,30,9.600000000000001,76.68,357,4,1021
2017,11,3,23,30,9,77.2,182,3.5,1022
2017,11,4,0,30,8.6,78.23,8,3.1,1022
2017,11,4,1,30,8.1,80.28,15,2.8000000000000003,1023
2017,11,4,2,30,7.6000000000000005,82.3,21,2.7,1023
2017,11,4,3,30,7,84.88,27,2.7,1023
2017,11,4,4,30,6.6000000000000005,86.62,30,2.6,1024
2017,11,4,5,30,6.2,88.68,32,2.5,1024
2017,11,4,6,30,6.5,86.66,32,2.5,1025
2017,11,4,7,30,7.800000000000001,80.09,35,2.7,1026
2017,11,4,8,30,9.4,69.47,43,2.7,1026
2017,11,4,9,30,10.700000000000001,59.33,52,2.5,1026
2017,11,4,10,30,11.600000000000001,53.75,57,2.3000000000000003,1025
2017,11,4,11,30,12,52.01,59,2,1025
2017,11,4,12,30,12.3,51.56,62,1.9000000000000001,1025
2017,11,4,13,30,12.4,52.08,66,1.7000000000000002,1024
2017,11,4,14,30,12.200000000000001,54.34,70,1.7000000000000002,1024
2017,11,4,15,30,11.3,62.63,76,1.7000000000000002,1024
2017,11,4,16,30,10,78.02,82,1.8,1024
2017,11,4,17,30,9.3,79.98,88,2,1024
2017,11,4,18,30,9.4,81.13,94,2.2,1024
2017,11,4,19,30,9.4,84.25,98,2.3000000000000003,1024
2017,11,4,20,30,9.600000000000001,86.38,102,2.4000000000000004,1024
2017,11,4,21,30,10.100000000000001,86.69,106,2.4000000000000004,1024
2017,11,4,22,30,10.8,85.47,108,2.4000000000000004,1024
2017,11,4,23,30,11.200000000000001,85.08,106,2.6,1024
2017,11,5,0,30,11.4,85.89,107,2.8000000000000003,1024
2017,11,5,1,30,11.5,87.59,108,2.8000000000000003,1024
2017,11,5,2,30,11.600000000000001,89.81,106,2.9000000000000004,1024
2017,11,5,3,30,11.600000000000001,92.27,104,2.8000000000000003,1023
2017,11,5,4,30,11.600000000000001,93.79,102,2.7,1023
2017,11,5,5,30,11.600000000000001,94.68,100,2.6,1023
2017,11,5,6,30,11.9,93.60000000000001,100,2.6,1023
2017,11,5,7,30,12.700000000000001,91.22,101,2.8000000000000003,1023
2017,11,5,8,30,13.600000000000001,89.92,102,2.9000000000000004,1023
2017,11,5,9,30,14.5,87.69,104,3,1022
2017,11,5,10,30,15.100000000000001,86.97,107,3,1021
2017,11,5,11,30,15.600000000000001,86.68,112,2.9000000000000004,1020
2017,11,5,12,30,15.9,88.01,118,2.7,1020
2017,11,5,13,30,16,90.39,121,2.2,1019
2017,11,5,14,30,16.1,92.34,127,2,1018
2017,11,5,15,30,15.9,95.71000000000001,137,1.8,1017
2017,11,5,16,30,15.4,99.68,148,1.6,1017
2017,11,5,17,30,15.100000000000001,100,158,1.3,1017
2017,11,5,18,30,14.9,100,170,1.2000000000000002,1017
2017,11,5,19,30,14.700000000000001,100,183,1.2000000000000002,1017
2017,11,5,20,30,14.600000000000001,100,193,1.3,1016
2017,11,5,21,30,14.700000000000001,100,197,1.5,1015
2017,11,5,22,30,14.8,100,197,1.7000000000000002,1015
2017,11,5,23,30,14.700000000000001,100,198,1.9000000000000001,1014
2017,11,6,0,30,14.600000000000001,100,200,2.1,1014
2017,11,6,1,30,14.600000000000001,99.91,201,2.2,1013
2017,11,6,2,30,14.9,98.84,200,2.4000000000000004,1013
2017,11,6,3,30,15.200000000000001,98.4,197,2.7,1012
2017,11,6,4,30,15.3,98.52,195,2.8000000000000003,1011
2017,11,6,5,30,15.5,98.5,195,2.9000000000000004,1011
2017,11,6,6,30,15.700000000000001,97.77,198,3,1011
2017,11,6,7,30,16.2,95.87,207,3,1012
2017,11,6,8,30,16.900000000000002,93.88,214,3.1,1012
2017,11,6,9,30,17.6,90.71000000000001,215,2.9000000000000004,1011
2017,11,6,10,30,18.400000000000002,85.83,212,2.8000000000000003,1011
2017,11,6,11,30,18.900000000000002,82.83,211,2.7,1010
2017,11,6,12,30,18.8,83.78,215,2.5,1010
2017,11,6,13,30,18.5,86.94,227,2,1010
2017,11,6,14,30,18.3,89.84,239,1.6,1010
2017,11,6,15,30,17.7,92.64,252,1.3,1011
2017,11,6,16,30,16.3,95.62,274,1.4000000000000001,1012
2017,11,6,17,30,14.600000000000001,94.37,308,2.3000000000000003,1014
2017,11,6,18,30,12.9,89.38,332,3.3000000000000003,1015
2017,11,6,19,30,11.3,84.54,339,3.5,1016
2017,11,6,20,30,10,82.96000000000001,340,3.3000000000000003,1017
2017,11,6,21,30,8.8,82.58,342,3.2,1018
2017,11,6,22,30,7.800000000000001,82.27,346,3.2,1018
2017,11,6,23,30,7,82.75,352,3,1018
2017,11,7,0,30,6.4,84.05,356,2.8000000000000003,1018
2017,11,7,1,30,6,85.32000000000001,180,2.6,1019
2017,11,7,2,30,5.6000000000000005,86.64,4,2.6,1019
2017,11,7,3,30,5.4,87.52,8,2.6,1020
2017,11,7,4,30,5.2,88.65,13,2.7,1020
2017,11,7,5,30,5.300000000000001,88.39,18,2.8000000000000003,1020
2017,11,7,6,30,5.7,86.29,25,3,1021
2017,11,7,7,30,6.6000000000000005,81.12,27,3.3000000000000003,1021
2017,11,7,8,30,7.5,73.23,30,3.3000000000000003,1022
2017,11,7,9,30,8,67.35,38,3,1021
2017,11,7,10,30,8.4,64.78,38,2.4000000000000004,1021
2017,11,7,11,30,8.8,62.620000000000005,32,2.3000000000000003,1021
2017,11,7,12,30,9,62.370000000000005,27,2.6,1020
2017,11,7,13,30,8.9,63.71,24,2.7,1019
2017,11,7,14,30,8.3,68.46000000000001,23,2.7,1019
2017,11,7,15,30,7.6000000000000005,76.13,24,2.8000000000000003,1019
2017,11,7,16,30,6.7,83.43,24,3.2,1019
2017,11,7,17,30,5.6000000000000005,90.79,20,3.5,1019
2017,11,7,18,30,4.5,96.10000000000001,16,3.5,1020
2017,11,7,19,30,3.9000000000000004,96.75,17,3.4000000000000004,1020
2017,11,7,20,30,3.7,96.62,23,3.6,1020
2017,11,7,21,30,3.8000000000000003,95.9,25,3.7,1020
2017,11,7,22,30,3.9000000000000004,95.91,25,3.8000000000000003,1020
2017,11,7,23,30,4,95.91,26,3.9000000000000004,1019
2017,11,8,0,30,4.1000000000000005,95.72,26,4,1019
2017,11,8,1,30,4.1000000000000005,95.57000000000001,27,3.9000000000000004,1019
2017,11,8,2,30,3.9000000000000004,95.97,28,3.8000000000000003,1020
2017,11,8,3,30,3.6,96.21000000000001,28,3.7,1020
2017,11,8,4,30,3.4000000000000004,95.8,27,3.5,1021
2017,11,8,5,30,3.1,96.13,25,3.5,1021
2017,11,8,6,30,3.1,94.67,24,3.5,1022
2017,11,8,7,30,3.9000000000000004,89.06,24,3.6,1022
2017,11,8,8,30,5.2,82.28,26,3.6,1023
2017,11,8,9,30,6.7,76.54,29,3.4000000000000004,1023
2017,11,8,10,30,7.9,72.95,31,3.2,1022
2017,11,8,11,30,8.9,69.72,32,2.8000000000000003,1022
2017,11,8,12,30,9.600000000000001,67.36,33,2.3000000000000003,1022
2017,11,8,13,30,9.9,66,34,2,1021
2017,11,8,14,30,9.8,66.03,33,1.7000000000000002,1021
2017,11,8,15,30,9.200000000000001,68.74,34,1.5,1022
2017,11,8,16,30,8,81.41,35,1.6,1022
2017,11,8,17,30,7.2,81.2,37,1.8,1022
2017,11,8,18,30,6.7,82.31,40,1.8,1023
2017,11,8,19,30,6.2,83.3,45,1.8,1023
2017,11,8,20,30,5.5,86.57000000000001,49,1.8,1023
2017,11,8,21,30,5,89.2,51,1.7000000000000002,1022
2017,11,8,22,30,4.6000000000000005,91.08,54,1.6,1022
2017,11,8,23,30,4.4,91.46000000000001,58,1.5,1022
2017,11,9,0,30,4.2,92.27,62,1.4000000000000001,1022
2017,11,9,1,30,4.3,91.66,65,1.4000000000000001,1022
2017,11,9,2,30,4.3,92.09,67,1.4000000000000001,1022
2017,11,9,3,30,4.3,92.71000000000001,71,1.5,1022
2017,11,9,4,30,4.2,94.39,72,1.5,1022
2017,11,9,5,30,4.3,94.72,72,1.6,1022
2017,11,9,6,30,4.800000000000001,92.21000000000001,72,1.7000000000000002,1022
2017,11,9,7,30,6.300000000000001,85.3,78,1.8,1021
2017,11,9,8,30,8.200000000000001,76.61,90,1.8,1021
2017,11,9,9,30,9.8,70.08,100,1.7000000000000002,1021
2017,11,9,10,30,10.8,66.86,107,1.4000000000000001,1020
2017,11,9,11,30,11.4,65.38,109,1.2000000000000002,1019
2017,11,9,12,30,11.8,64.92,110,1.1,1018
2017,11,9,13,30,11.8,66.19,112,1.1,1017
2017,11,9,14,30,11.700000000000001,68.31,118,1.1,1016
2017,11,9,15,30,11,74.24,127,1,1016
2017,11,9,16,30,9.9,84.75,139,1.1,1016
2017,11,9,17,30,9.3,86.17,152,1.3,1016
2017,11,9,18,30,9.5,85.92,163,1.5,1015
2017,11,9,19,30,9.700000000000001,87.02,174,1.6,1015
2017,11,9,20,30,9.9,88.26,189,1.8,1014
2017,11,9,21,30,10.100000000000001,89.18,207,2,1014
2017,11,9,22,30,10.3,89.89,223,2.4000000000000004,1013
2017,11,9,23,30,10.3,91.45,235,2.8000000000000003,1013
2017,11,10,0,30,10,94.05,244,3,1012
2017,11,10,1,30,9.4,97.09,254,3.1,1012
2017,11,10,2,30,8.700000000000001,98.77,270,3.3000000000000003,1013
2017,11,10,3,30,7.6000000000000005,98.62,293,3.8000000000000003,1014
2017,11,10,4,30,5.9,93.53,314,4.4,1015
2017,11,10,5,30,4,82.87,326,4.800000000000001,1017
2017,11,10,6,30,2.6,71.31,329,4.9,1018
2017,11,10,7,30,2.1,64.25,329,5,1019
2017,11,10,8,30,2.3000000000000003,57.24,328,5.1000000000000005,1020
2017,11,10,9,30,2.5,52.120000000000005,326,5.1000000000000005,1021
2017,11,10,10,30,2.7,48.61,324,5,1022
2017,11,10,11,30,2.8000000000000003,46.1,323,4.9,1022
2017,11,10,12,30,2.8000000000000003,44.57,324,4.9,1023
2017,11,10,13,30,2.6,44.2,325,4.800000000000001,1023
2017,11,10,14,30,2,45.4,328,4.7,1024
2017,11,10,15,30,0.9,48.46,332,4.6000000000000005,1026
2017,11,10,16,30,-0.5,52.99,335,4.4,1027
2017,11,10,17,30,-1.6,57.31,337,4.2,1029
2017,11,10,18,30,-2.3000000000000003,59.980000000000004,339,4,1030
2017,11,10,19,30,-3,62.910000000000004,339,3.9000000000000004,1030
2017,11,10,20,30,-3.4000000000000004,65.21000000000001,339,3.7,1031
2017,11,10,21,30,-3.8000000000000003,67.82000000000001,338,3.5,1031
2017,11,10,22,30,-4,69.53,337,3.4000000000000004,1031
2017,11,10,23,30,-4.1000000000000005,71.31,337,3.2,1031
2017,11,11,0,30,-4.1000000000000005,73.5,336,3.1,1031
2017,11,11,1,30,-3.9000000000000004,74.71000000000001,335,3,1031
2017,11,11,2,30,-3.7,75.85000000000001,334,3,1031
2017,11,11,3,30,-3.5,76.79,336,2.9000000000000004,1031
2017,11,11,4,30,-3.5,78.34,339,2.8000000000000003,1032
2017,11,11,5,30,-3.4000000000000004,78.69,344,2.7,1032
2017,11,11,6,30,-3.2,77.88,350,2.9000000000000004,1032
2017,11,11,7,30,-2.4000000000000004,72.84,356,3.1,1033
2017,11,11,8,30,-1.2000000000000002,62.88,180,3.2,1033
2017,11,11,9,30,0.1,53.97,2,2.9000000000000004,1033
2017,11,11,10,30,1.4000000000000001,46.9,2,2.5,1033
2017,11,11,11,30,2.5,42.02,2,2.2,1032
2017,11,11,12,30,3.4000000000000004,38.480000000000004,2,1.9000000000000001,1031
2017,11,11,13,30,3.8000000000000003,36.67,4,1.6,1031
2017,11,11,14,30,3.6,36.7,6,1.3,1031
2017,11,11,15,30,2.7,42.43,9,1.2000000000000002,1031
2017,11,11,16,30,1.6,52.01,12,1.2000000000000002,1031
2017,11,11,17,30,1.2000000000000002,49.18,18,1.2000000000000002,1032
2017,11,11,18,30,0.9,51.89,28,1.1,1032
2017,11,11,19,30,0.7000000000000001,54.410000000000004,45,1,1032
2017,11,11,20,30,0.6000000000000001,56.42,65,1,1031
2017,11,11,21,30,0.6000000000000001,56.300000000000004,85,1,1031
2017,11,11,22,30,0.8,51.29,110,0.9,1031
2017,11,11,23,30,1.1,48.51,138,0.8,1031
2017,11,12,0,30,1.3,48.08,167,0.7000000000000001,1031
2017,11,12,1,30,1.4000000000000001,49.03,194,0.7000000000000001,1030
2017,11,12,2,30,1.6,50.33,217,0.7000000000000001,1030
2017,11,12,3,30,1.7000000000000002,52.95,233,0.7000000000000001,1030
2017,11,12,4,30,1.7000000000000002,55.68,240,0.7000000000000001,1030
2017,11,12,5,30,1.6,58.13,244,0.7000000000000001,1030
2017,11,12,6,30,1.6,59.800000000000004,245,0.7000000000000001,1030
2017,11,12,7,30,2.1,60.59,245,0.7000000000000001,1030
2017,11,12,8,30,3.2,55.96,245,0.8,1030
2017,11,12,9,30,4.5,49.69,246,1,1030
2017,11,12,10,30,5.7,46.38,246,1.1,1030
2017,11,12,11,30,6.7,44.34,243,1.1,1029
2017,11,12,12,30,7.4,42.82,242,1.1,1028
2017,11,12,13,30,7.6000000000000005,42.550000000000004,242,1,1028
2017,11,12,14,30,7.300000000000001,44.15,245,0.9,1028
2017,11,12,15,30,6.4,53.27,246,0.8,1028
2017,11,12,16,30,5.6000000000000005,52.65,247,0.8,1028
2017,11,12,17,30,5.300000000000001,50.120000000000005,250,0.7000000000000001,1028
2017,11,12,18,30,5.1000000000000005,50.53,234,0.5,1028
2017,11,12,19,30,4.9,51.160000000000004,175,0.5,1028
2017,11,12,20,30,4.9,52.160000000000004,129,0.6000000000000001,1027
2017,11,12,21,30,5.1000000000000005,53.4,116,0.7000000000000001,1027
2017,11,12,22,30,5.2,55.410000000000004,99,0.7000000000000001,1027
2017,11,12,23,30,5,58.620000000000005,86,0.9,1027
2017,11,13,0,30,4.4,64.13,76,1.1,1026
2017,11,13,1,30,3.8000000000000003,70.9,68,1.3,1026
2017,11,13,2,30,3.4000000000000004,76.95,63,1.3,1026
2017,11,13,3,30,3.3000000000000003,81.27,62,1.3,1026
2017,11,13,4,30,3.4000000000000004,84.5,64,1.5,1026
2017,11,13,5,30,3.6,86.93,66,1.6,1026
2017,11,13,6,30,3.8000000000000003,89.33,64,1.6,1026
2017,11,13,7,30,4.5,88.69,60,1.7000000000000002,1026
2017,11,13,8,30,5.300000000000001,88.95,55,2,1026
2017,11,13,9,30,6,89.06,51,2.4000000000000004,1025
2017,11,13,10,30,6.6000000000000005,88.73,43,2.5,1025
2017,11,13,11,30,7,87.62,34,2.7,1025
2017,11,13,12,30,7.4,85.03,26,2.9000000000000004,1024
2017,11,13,13,30,7.800000000000001,81.81,22,2.9000000000000004,1024
2017,11,13,14,30,7.9,79.39,21,2.8000000000000003,1024
2017,11,13,15,30,7,83.01,19,2.6,1024
2017,11,13,16,30,5.4,90.07000000000001,17,2.5,1024
2017,11,13,17,30,4.3,92.49,15,2.6,1024
2017,11,13,18,30,3.6,93.41,14,2.6,1024
2017,11,13,19,30,3.1,93.10000000000001,14,2.6,1025
2017,11,13,20,30,2.6,93.37,13,2.5,1025
2017,11,13,21,30,2.2,93.48,13,2.5,1024
2017,11,13,22,30,1.9000000000000001,93.65,12,2.5,1024
2017,11,13,23,30,1.7000000000000002,93.49,11,2.5,1024
2017,11,14,0,30,1.5,93.86,9,2.5,1024
2017,11,14,1,30,1.3,94.87,7,2.5,1024
2017,11,14,2,30,1.2000000000000002,95.64,5,2.6,1024
2017,11,14,3,30,1.1,96.72,5,2.6,1024
2017,11,14,4,30,1.1,97.16,5,2.5,1024
2017,11,14,5,30,1,98.43,4,2.5,1025
2017,11,14,6,30,1.4000000000000001,95.94,6,2.5,1025
2017,11,14,7,30,2.6,89.66,10,2.6,1025
2017,11,14,8,30,4.2,83.21000000000001,15,2.7,1025
2017,11,14,9,30,5.7,77.28,19,2.6,1025
2017,11,14,10,30,6.9,73.51,20,2.5,1025
2017,11,14,11,30,7.7,71.4,19,2.3000000000000003,1025
2017,11,14,12,30,8.1,70.54,19,2.2,1024
2017,11,14,13,30,8.1,71.08,19,2.1,1024
2017,11,14,14,30,7.800000000000001,72.71000000000001,19,2,1023
2017,11,14,15,30,6.800000000000001,79.01,20,1.9000000000000001,1024
2017,11,14,16,30,5.300000000000001,89.43,22,1.9000000000000001,1024
2017,11,14,17,30,4.4,91.29,25,2.1,1024
2017,11,14,18,30,3.8000000000000003,93.7,30,2.1,1024
2017,11,14,19,30,3.3000000000000003,95.49,34,2.2,1024
2017,11,14,20,30,2.9000000000000004,96.87,37,2.2,1024
2017,11,14,21,30,2.4000000000000004,99.11,39,2.2,1024
2017,11,14,22,30,2,100,39,2.1,1024
2017,11,14,23,30,1.8,100,37,2.1,1024
2017,11,15,0,30,1.9000000000000001,98.02,35,2.1,1024
2017,11,15,1,30,2,95.45,32,2.1,1024
2017,11,15,2,30,1.7000000000000002,95.99000000000001,30,2.1,1024
2017,11,15,3,30,1.4000000000000001,96.57000000000001,30,2.1,1023
2017,11,15,4,30,1.3,96.2,30,2.1,1024
2017,11,15,5,30,1.3,95.16,31,2.1,1024
2017,11,15,6,30,1.5,92.64,34,2,1024
2017,11,15,7,30,2.7,85.98,38,2.1,1024
2017,11,15,8,30,4.7,78.77,44,2.2,1024
2017,11,15,9,30,6.5,70.5,52,2.1,1024
2017,11,15,10,30,7.9,64.33,61,1.9000000000000001,1023
2017,11,15,11,30,8.9,60.09,70,1.6,1022
2017,11,15,12,30,9.4,58.800000000000004,82,1.5,1021
2017,11,15,13,30,9.5,59.910000000000004,94,1.5,1020
2017,11,15,14,30,9.200000000000001,63.480000000000004,100,1.3,1020
2017,11,15,15,30,7.9,73.79,102,1.2000000000000002,1020
2017,11,15,16,30,6.800000000000001,84.29,106,1.5,1019
2017,11,15,17,30,6.800000000000001,83.92,113,1.8,1019
2017,11,15,18,30,7,85.31,118,2.1,1018
2017,11,15,19,30,7.2,86.56,121,2.3000000000000003,1018
2017,11,15,20,30,7.5,86.8,127,2.3000000000000003,1017
2017,11,15,21,30,7.800000000000001,87.31,134,2.3000000000000003,1017
2017,11,15,22,30,8.200000000000001,87.37,141,2.3000000000000003,1016
2017,11,15,23,30,8.6,87.64,147,2.4000000000000004,1015
2017,11,16,0,30,9,87.63,153,2.5,1015
2017,11,16,1,30,9.5,87.39,159,2.5,1014
2017,11,16,2,30,9.8,88.12,164,2.6,1013
2017,11,16,3,30,10.100000000000001,89.17,167,2.6,1012
2017,11,16,4,30,10.200000000000001,90.85000000000001,173,2.5,1011
2017,11,16,5,30,10,93.7,182,2.4000000000000004,1011
2017,11,16,6,30,9.700000000000001,95.60000000000001,193,2.2,1010
2017,11,16,7,30,10.100000000000001,93.53,212,2.3000000000000003,1010
2017,11,16,8,30,10.700000000000001,93.59,235,2.5,1010
2017,11,16,9,30,11.3,88.52,253,2.7,1009
2017,11,16,10,30,12.100000000000001,77.91,263,3,1008
2017,11,16,11,30,12.9,70.4,268,3.3000000000000003,1007
2017,11,16,12,30,13.3,65.02,270,3.5,1007
2017,11,16,13,30,13.100000000000001,61.76,271,3.7,1007
2017,11,16,14,30,12.5,62.53,274,3.6,1007
2017,11,16,15,30,11.3,69.18,279,3.4000000000000004,1007
2017,11,16,16,30,9.8,77.08,284,3.4000000000000004,1008
2017,11,16,17,30,8.8,79.28,287,3.5,1009
2017,11,16,18,30,8,79.12,288,3.5,1010
2017,11,16,19,30,7.5,78.39,287,3.6,1010
2017,11,16,20,30,7,78.87,287,3.6,1011
2017,11,16,21,30,6.5,79.33,288,3.7,1011
2017,11,16,22,30,6.1000000000000005,79.66,290,3.7,1011
2017,11,16,23,30,5.800000000000001,79.82000000000001,293,3.8000000000000003,1011
2017,11,17,0,30,5.4,79.79,297,3.9000000000000004,1012
2017,11,17,1,30,5,78.39,300,3.9000000000000004,1012
2017,11,17,2,30,4.5,77.5,301,3.9000000000000004,1013
2017,11,17,3,30,4,77.83,301,4,1013
2017,11,17,4,30,3.6,77.95,302,4.1000000000000005,1014
2017,11,17,5,30,3.3000000000000003,76.93,306,4.1000000000000005,1015
2017,11,17,6,30,3.1,74.76,310,4,1016
2017,11,17,7,30,3.5,70.07000000000001,312,4,1017
2017,11,17,8,30,4.4,63.52,312,4,1017
2017,11,17,9,30,5.5,56.77,309,3.9000000000000004,1017
2017,11,17,10,30,6.6000000000000005,51.14,304,3.8000000000000003,1017
2017,11,17,11,30,7.6000000000000005,46.42,301,3.7,1017
2017,11,17,12,30,8.200000000000001,43.47,300,3.7,1016
2017,11,17,13,30,8.4,42.24,302,3.7,1016
2017,11,17,14,30,8.1,43.1,306,3.6,1016
2017,11,17,15,30,6.9,48.11,310,3.2,1016
2017,11,17,16,30,4.9,59.51,314,2.8000000000000003,1017
2017,11,17,17,30,3.4000000000000004,67.24,316,2.6,1017
2017,11,17,18,30,2.4000000000000004,72.01,317,2.4000000000000004,1017
2017,11,17,19,30,1.6,75.45,317,2.2,1017
2017,11,17,20,30,1,77.12,316,2,1017
2017,11,17,21,30,0.5,78.29,314,1.8,1017
2017,11,17,22,30,0.2,78.3,315,1.7000000000000002,1017
2017,11,17,23,30,0,78.26,319,1.6,1017
2017,11,18,0,30,0.2,75.33,322,1.4000000000000001,1016
2017,11,18,1,30,0.9,68.64,317,1,1015
2017,11,18,2,30,1.5,63.11,277,0.8,1015
2017,11,18,3,30,1.4000000000000001,64.68,238,1.1,1015
2017,11,18,4,30,0.9,69.73,227,1.5,1014
2017,11,18,5,30,0.6000000000000001,73.06,212,1.6,1013
2017,11,18,6,30,1.2000000000000002,72.39,201,1.9000000000000001,1013
2017,11,18,7,30,3.1,69.13,201,2.2,1012
2017,11,18,8,30,5.2,67.4,206,2.5,1012
2017,11,18,9,30,6.4,66.96000000000001,210,2.6,1011
2017,11,18,10,30,7.4,69.3,208,2.8000000000000003,1010
2017,11,18,11,30,8.700000000000001,69.11,206,3.3000000000000003,1008
2017,11,18,12,30,9.4,70.51,204,3.5,1006
2017,11,18,13,30,9.9,71.91,202,3.6,1005
2017,11,18,14,30,10,75.36,201,3.6,1004
2017,11,18,15,30,9.5,81.21000000000001,205,3.3000000000000003,1003
2017,11,18,16,30,9.200000000000001,85.44,211,3,1002
2017,11,18,17,30,9.200000000000001,88.39,211,3.1,1002
2017,11,18,18,30,9.4,90.52,206,3.1,1001
2017,11,18,19,30,9.700000000000001,91.47,201,3.1,999
2017,11,18,20,30,10.200000000000001,90.45,201,3.6,997
2017,11,18,21,30,10.9,88.36,204,4.3,996
2017,11,18,22,30,11.600000000000001,87.32000000000001,206,4.800000000000001,995
2017,11,18,23,30,12.200000000000001,88.16,207,5,994
2017,11,19,0,30,12.700000000000001,89.78,206,5.1000000000000005,993
2017,11,19,1,30,13.200000000000001,90.95,205,5.2,992
2017,11,19,2,30,13.600000000000001,92.09,206,5.2,990
2017,11,19,3,30,13.9,93.59,208,5.300000000000001,989
2017,11,19,4,30,14.100000000000001,94.26,211,5.4,988
2017,11,19,5,30,14.100000000000001,95.06,217,5.5,987
2017,11,19,6,30,13.600000000000001,97.34,233,5.5,988
2017,11,19,7,30,12.200000000000001,94.5,254,5.5,990
2017,11,19,8,30,10.5,80.42,272,5.800000000000001,992
2017,11,19,9,30,9.700000000000001,67.25,286,5.9,994
2017,11,19,10,30,9.700000000000001,60.04,294,5.800000000000001,996
2017,11,19,11,30,9.9,56.74,296,5.5,997
2017,11,19,12,30,10,55.01,296,5.2,998
2017,11,19,13,30,9.9,54.17,296,4.800000000000001,999
2017,11,19,14,30,9.5,54.71,295,4.4,1000
2017,11,19,15,30,8.6,57.77,294,3.9000000000000004,1001
2017,11,19,16,30,7.4,63.57,293,3.4000000000000004,1003
2017,11,19,17,30,6.5,68.92,291,3.1,1004
2017,11,19,18,30,6,72.38,288,2.9000000000000004,1005
2017,11,19,19,30,5.5,75.94,284,2.9000000000000004,1005
2017,11,19,20,30,5.2,78.54,280,3,1006
2017,11,19,21,30,4.800000000000001,81.32000000000001,279,3.1,1006
2017,11,19,22,30,4.4,83.55,279,3.2,1007
2017,11,19,23,30,4.2,84.18,280,3.4000000000000004,1008
2017,11,20,0,30,3.8000000000000003,85.46000000000001,283,3.6,1009
2017,11,20,1,30,3.4000000000000004,85.97,288,3.6,1010
2017,11,20,2,30,2.9000000000000004,86.09,293,3.6,1011
2017,11,20,3,30,2.4000000000000004,84.89,295,3.5,1012
2017,11,20,4,30,2.1,83.38,295,3.3000000000000003,1013
2017,11,20,5,30,1.9000000000000001,83.01,292,3.1,1014
2017,11,20,6,30,1.9000000000000001,82.19,287,3.1,1015
2017,11,20,7,30,2.5,78.55,282,3.2,1015
2017,11,20,8,30,3.6,72.86,278,3.5,1016
2017,11,20,9,30,4.7,65.18,277,3.7,1016
2017,11,20,10,30,5.7,58.72,275,3.7,1016
2017,11,20,11,30,6.6000000000000005,55.09,272,3.8000000000000003,1016
2017,11,20,12,30,7.4,52.79,269,3.9000000000000004,1015
2017,11,20,13,30,7.7,52.79,269,4,1016
2017,11,20,14,30,7.6000000000000005,54.43,270,3.8000000000000003,1016
2017,11,20,15,30,6.800000000000001,59.51,269,3.4000000000000004,1017
2017,11,20,16,30,5.6000000000000005,67.72,266,3,1017
2017,11,20,17,30,4.800000000000001,72.33,262,3,1018
2017,11,20,18,30,4.2,76.09,257,3,1018
2017,11,20,19,30,3.7,79.25,254,2.9000000000000004,1019
2017,11,20,20,30,3.4000000000000004,81.23,250,2.8000000000000003,1019
2017,11,20,21,30,3.1,83.47,245,2.8000000000000003,1018
2017,11,20,22,30,2.9000000000000004,86.06,241,2.8000000000000003,1018
2017,11,20,23,30,2.8000000000000003,88.28,239,2.8000000000000003,1019
2017,11,21,0,30,2.7,89.93,237,2.9000000000000004,1019
2017,11,21,1,30,2.6,91.62,235,3,1019
2017,11,21,2,30,2.6,92.54,233,3,1019
2017,11,21,3,30,2.6,93.44,231,2.9000000000000004,1018
2017,11,21,4,30,2.5,95.33,228,2.9000000000000004,1018
2017,11,21,5,30,2.6,95.99000000000001,225,2.8000000000000003,1018
2017,11,21,6,30,3,94.9,222,2.9000000000000004,1019
2017,11,21,7,30,4.6000000000000005,86.61,220,3.1,1018
2017,11,21,8,30,7.1000000000000005,76.3,219,3.6,1018
2017,11,21,9,30,9.200000000000001,66.59,219,4,1018
2017,11,21,10,30,10.8,58.59,217,4.2,1017
2017,11,21,11,30,12,54.11,216,4.3,1016
2017,11,21,12,30,12.700000000000001,52.35,214,4.2,1016
2017,11,21,13,30,12.9,52.72,212,4,1015
2017,11,21,14,30,12.5,55.9,209,3.8000000000000003,1015
2017,11,21,15,30,11.200000000000001,63.63,207,3.5,1015
2017,11,21,16,30,10,70.43,206,3.3000000000000003,1015
2017,11,21,17,30,9.3,75.72,208,3.1,1015
2017,11,21,18,30,8.6,82.10000000000001,211,3,1016
2017,11,21,19,30,8,87.93,213,3,1016
2017,11,21,20,30,7.800000000000001,91.74,213,2.9000000000000004,1016
2017,11,21,21,30,7.7,95.98,213,2.8000000000000003,1015
2017,11,21,22,30,7.7,100,214,2.8000000000000003,1015
2017,11,21,23,30,7.9,100,215,2.9000000000000004,1015
2017,11,22,0,30,8.4,100,215,2.9000000000000004,1014
2017,11,22,1,30,8.9,100,214,2.6,1014
2017,11,22,2,30,9,100,215,2.3000000000000003,1013
2017,11,22,3,30,9,100,214,2,1013
2017,11,22,4,30,9,100,206,1.7000000000000002,1012
2017,11,22,5,30,9.200000000000001,100,200,1.8,1012
2017,11,22,6,30,9.5,100,201,2,1011
2017,11,22,7,30,9.9,99.06,210,2,1011
2017,11,22,8,30,10.3,97.47,227,2,1011
2017,11,22,9,30,10.600000000000001,95.51,253,2,1011
2017,11,22,10,30,10.9,92.37,288,2.4000000000000004,1011
2017,11,22,11,30,11.100000000000001,85.94,315,2.9000000000000004,1011
2017,11,22,12,30,11.200000000000001,78.29,326,3.3000000000000003,1011
2017,11,22,13,30,10.8,73.39,326,3.6,1011
2017,11,22,14,30,9.8,70.73,323,3.8000000000000003,1011
2017,11,22,15,30,8.4,69.4,320,4,1012
2017,11,22,16,30,6.800000000000001,70.27,319,3.9000000000000004,1013
2017,11,22,17,30,5.7,70.72,320,3.9000000000000004,1014
2017,11,22,18,30,4.7,70.13,322,3.9000000000000004,1016
2017,11,22,19,30,3.7,69.55,325,3.8000000000000003,1016
2017,11,22,20,30,2.8000000000000003,70.64,328,3.5,1017
2017,11,22,21,30,2,72.69,329,3.2,1017
2017,11,22,22,30,1.3,74.95,328,3.1,1018
2017,11,22,23,30,0.7000000000000001,76.87,326,2.9000000000000004,1018
2017,11,23,0,30,0,79.91,325,2.7,1018
2017,11,23,1,30,-0.7000000000000001,83.66,324,2.5,1018
2017,11,23,2,30,-1,85.24,322,2.4000000000000004,1018
2017,11,23,3,30,-1.3,86.86,322,2.3000000000000003,1018
2017,11,23,4,30,-1.6,88.22,325,2.2,1018
2017,11,23,5,30,-1.9000000000000001,89.41,331,2.1,1018
2017,11,23,6,30,-1.8,88.06,336,2,1018
2017,11,23,7,30,-0.5,80.68,338,1.9000000000000001,1018
2017,11,23,8,30,1.3,70.58,338,1.8,1019
2017,11,23,9,30,2.7,61.21,331,1.5,1019
2017,11,23,10,30,3.9000000000000004,54.25,320,1.3,1018
2017,11,23,11,30,4.9,49.6,312,1.3,1017
2017,11,23,12,30,5.6000000000000005,46.480000000000004,301,1.2000000000000002,1016
2017,11,23,13,30,6,44.59,286,1.2000000000000002,1016
2017,11,23,14,30,5.800000000000001,44.79,274,1.1,1015
2017,11,23,15,30,4.5,55.63,267,1.2000000000000002,1015
2017,11,23,16,30,2.8000000000000003,66.24,262,1.5,1015
2017,11,23,17,30,1.7000000000000002,67.41,259,1.7000000000000002,1015
2017,11,23,18,30,1.3,71.7,263,1.7000000000000002,1015
2017,11,23,19,30,1.1,73.99,270,1.8,1015
2017,11,23,20,30,0.9,75.97,275,1.9000000000000001,1015
2017,11,23,21,30,0.5,78.13,280,2,1015
2017,11,23,22,30,0.2,80.03,287,2.1,1015
2017,11,23,23,30,0,81.52,294,2.1,1016
2017,11,24,0,30,-0.2,82.94,298,2.1,1016
2017,11,24,1,30,-0.30000000000000004,83.93,301,2,1016
2017,11,24,2,30,-0.30000000000000004,84.32000000000001,301,1.9000000000000001,1016
2017,11,24,3,30,-0.30000000000000004,84.79,297,1.8,1016
2017,11,24,4,30,-0.4,85.57000000000001,293,1.7000000000000002,1016
2017,11,24,5,30,-0.4,85.74,294,1.6,1016
2017,11,24,6,30,-0.2,84.53,295,1.5,1016
2017,11,24,7,30,1.2000000000000002,77.39,290,1.3,1016
2017,11,24,8,30,3.4000000000000004,67.55,272,1,1016
2017,11,24,9,30,5.7,57.29,245,1.1,1016
2017,11,24,10,30,7.7,49.27,226,1.4000000000000001,1015
2017,11,24,11,30,8.8,47.59,220,1.8,1015
2017,11,24,12,30,9.5,47.31,222,2,1014
2017,11,24,13,30,9.700000000000001,48.31,224,2,1014
2017,11,24,14,30,9.3,51.77,221,1.9000000000000001,1014
2017,11,24,15,30,7.4,66.11,215,1.7000000000000002,1013
2017,11,24,16,30,5.4,76.99,210,1.8,1013
2017,11,24,17,30,4.9,76.86,207,2,1013
2017,11,24,18,30,4.7,78.98,207,2.1,1013
2017,11,24,19,30,4.4,81.68,209,2.2,1013
2017,11,24,20,30,4,85.17,213,2.2,1013
2017,11,24,21,30,3.7,88.11,217,2.2,1012
2017,11,24,22,30,3.3000000000000003,91.57000000000001,222,2.2,1012
2017,11,24,23,30,2.9000000000000004,94.69,225,2.1,1012
2017,11,25,0,30,2.5,98.05,227,2.1,1011
2017,11,25,1,30,2.2,100,229,2,1011
2017,11,25,2,30,1.8,100,231,1.9000000000000001,1010
2017,11,25,3,30,1.7000000000000002,100,232,1.8,1010
2017,11,25,4,30,1.6,100,230,1.7000000000000002,1009
2017,11,25,5,30,1.7000000000000002,100,226,1.7000000000000002,1009
2017,11,25,6,30,2.2,100,222,1.7000000000000002,1008
2017,11,25,7,30,3.8000000000000003,92.09,221,1.9000000000000001,1008
2017,11,25,8,30,6,82.2,221,2.1,1008
2017,11,25,9,30,8,74.23,219,2.5,1007
2017,11,25,10,30,9.8,64.78,216,2.8000000000000003,1006
2017,11,25,11,30,11.200000000000001,59.13,215,2.9000000000000004,1005
2017,11,25,12,30,12.100000000000001,57.9,216,2.9000000000000004,1004
2017,11,25,13,30,12.600000000000001,59.34,219,2.7,1004
2017,11,25,14,30,12.200000000000001,64.81,223,2.2,1004
2017,11,25,15,30,10.600000000000001,79.92,227,1.9000000000000001,1004
2017,11,25,16,30,9.5,83.73,234,1.9000000000000001,1004
2017,11,25,17,30,9.600000000000001,83.54,241,2.1,1004
2017,11,25,18,30,9.700000000000001,84.29,247,2.1,1005
2017,11,25,19,30,9.5,85.18,254,2.1,1005
2017,11,25,20,30,8.9,87.60000000000001,267,2.2,1005
2017,11,25,21,30,8.200000000000001,89.94,284,2.4000000000000004,1006
2017,11,25,22,30,7.4,92.29,297,2.4000000000000004,1006
2017,11,25,23,30,6.7,94.74,302,2.4000000000000004,1007
2017,11,26,0,30,6.4,96.10000000000001,302,2.4000000000000004,1007
2017,11,26,1,30,6.2,96.72,302,2.4000000000000004,1007
2017,11,26,2,30,6,96.49000000000001,301,2.6,1008
2017,11,26,3,30,5.7,95.94,301,2.8000000000000003,1009
2017,11,26,4,30,5.2,95.78,299,2.8000000000000003,1009
2017,11,26,5,30,4.7,95.72,297,2.9000000000000004,1010
2017,11,26,6,30,4.5,93.58,299,3.1,1011
2017,11,26,7,30,5,86.57000000000001,301,3.4000000000000004,1012
2017,11,26,8,30,6.1000000000000005,77.4,301,3.6,1013
2017,11,26,9,30,6.800000000000001,65.55,303,3.8000000000000003,1013
2017,11,26,10,30,7.300000000000001,59.17,308,3.9000000000000004,1013
2017,11,26,11,30,7.7,55.33,312,3.8000000000000003,1013
2017,11,26,12,30,8,52.57,313,3.6,1013
2017,11,26,13,30,8,51.300000000000004,312,3.4000000000000004,1012
2017,11,26,14,30,7.5,52.35,310,3.1,1012
2017,11,26,15,30,6.4,57.6,304,2.6,1012
2017,11,26,16,30,4.9,67.67,296,2.2,1013
2017,11,26,17,30,3.7,74.12,287,2.2,1013
2017,11,26,18,30,2.8000000000000003,77.11,280,2.2,1013
2017,11,26,19,30,2.1,79.94,277,2.3000000000000003,1014
2017,11,26,20,30,1.9000000000000001,80.87,274,2.3000000000000003,1014
2017,11,26,21,30,2.3000000000000003,79.53,269,2.3000000000000003,1013
2017,11,26,22,30,2.8000000000000003,79.67,263,2.4000000000000004,1013
2017,11,26,23,30,2.9000000000000004,81.26,260,2.6,1013
2017,11,27,0,30,2.9000000000000004,82.82000000000001,262,2.8000000000000003,1013
2017,11,27,1,30,2.9000000000000004,83.22,267,3,1013
2017,11,27,2,30,2.8000000000000003,83.7,272,3.1,1014
2017,11,27,3,30,2.5,85.52,273,3.1,1014
2017,11,27,4,30,2.2,87.97,273,3,1014
2017,11,27,5,30,2,89.15,275,3,1014
2017,11,27,6,30,2.2,87.97,278,3.1,1015
2017,11,27,7,30,3.3000000000000003,81.95,280,3.3000000000000003,1016
2017,11,27,8,30,5.1000000000000005,74.19,282,3.4000000000000004,1016
2017,11,27,9,30,6.9,67.09,285,3.5,1016
2017,11,27,10,30,8.200000000000001,59.84,289,3.5,1016
2017,11,27,11,30,9,55.28,290,3.5,1016
2017,11,27,12,30,9.600000000000001,52.02,291,3.3000000000000003,1016
2017,11,27,13,30,9.9,49.910000000000004,294,3.2,1016
2017,11,27,14,30,9.600000000000001,50.29,299,3,1016
2017,11,27,15,30,8,57.7,306,2.6,1017
2017,11,27,16,30,6.1000000000000005,67.86,314,2.4000000000000004,1019
2017,11,27,17,30,5.1000000000000005,71.19,324,2.3000000000000003,1020
2017,11,27,18,30,4.2,75.84,338,2.2,1021
2017,11,27,19,30,3.1,80.2,351,2.3000000000000003,1022
2017,11,27,20,30,2.3000000000000003,82.62,182,2.3000000000000003,1023
2017,11,27,21,30,1.7000000000000002,83.72,10,2.3000000000000003,1023
2017,11,27,22,30,1.2000000000000002,84.10000000000001,15,2.2,1024
2017,11,27,23,30,0.9,84.13,20,2.1,1024
2017,11,28,0,30,0.5,83.65,25,2,1025
2017,11,28,1,30,0.2,82.61,31,2,1025
2017,11,28,2,30,0.2,80.86,39,1.9000000000000001,1026
2017,11,28,3,30,0.2,79.9,47,1.8,1026
2017,11,28,4,30,0.1,79.99,56,1.7000000000000002,1026
2017,11,28,5,30,0,80.43,67,1.6,1027
2017,11,28,6,30,0.2,79.35000000000001,78,1.6,1027
2017,11,28,7,30,1.8,73.39,88,1.6,1028
2017,11,28,8,30,4.1000000000000005,66.76,97,1.8,1028
2017,11,28,9,30,6,59.800000000000004,111,1.9000000000000001,1028
2017,11,28,10,30,7.7,58,128,2,1028
2017,11,28,11,30,9.1,58.26,145,2.2,1027
2017,11,28,12,30,10.100000000000001,59.980000000000004,159,2.5,1026
2017,11,28,13,30,10.8,62.480000000000004,168,2.7,1026
2017,11,28,14,30,10.8,67.51,173,2.7,1025
2017,11,28,15,30,9.9,77.15,177,2.4000000000000004,1025
2017,11,28,16,30,8.6,86.65,182,2.3000000000000003,1024
2017,11,28,17,30,7.9,93.91,189,2.4000000000000004,1024
2017,11,28,18,30,7.7,98.32000000000001,194,2.5,1024
2017,11,28,19,30,7.6000000000000005,100,197,2.5,1024
2017,11,28,20,30,7.300000000000001,100,199,2.5,1023
2017,11,28,21,30,7.300000000000001,100,201,2.5,1022
2017,11,28,22,30,7.5,100,204,2.5,1022
2017,11,28,23,30,7.7,100,208,2.5,1021
2017,11,29,0,30,7.800000000000001,100,211,2.6,1020
2017,11,29,1,30,7.9,100,215,2.6,1019
2017,11,29,2,30,7.9,100,221,2.7,1018
2017,11,29,3,30,7.9,100,225,2.9000000000000004,1017
2017,11,29,4,30,7.7,100,226,2.8000000000000003,1017
2017,11,29,5,30,7.4,100,228,2.8000000000000003,1017
2017,11,29,6,30,7.2,100,236,2.9000000000000004,1017
2017,11,29,7,30,7.5,95.57000000000001,246,3.1,1017
2017,11,29,8,30,8.6,86.78,254,3.2,1017
2017,11,29,9,30,10.600000000000001,75.04,263,3.1,1017
2017,11,29,10,30,12.8,65.79,272,3,1017
2017,11,29,11,30,14.200000000000001,61.26,281,2.9000000000000004,1017
2017,11,29,12,30,14.600000000000001,56.43,291,2.9000000000000004,1017
2017,11,29,13,30,14.4,52.24,304,2.9000000000000004,1017
2017,11,29,14,30,13.4,51.58,317,2.9000000000000004,1018
2017,11,29,15,30,11.5,57.08,328,2.7,1019
2017,11,29,16,30,9.3,65.32000000000001,336,2.7,1021
2017,11,29,17,30,7.9,69.85000000000001,342,2.7,1022
2017,11,29,18,30,6.9,73.25,347,2.7,1023
2017,11,29,19,30,6.1000000000000005,76.04,353,2.6,1024
2017,11,29,20,30,5.1000000000000005,79.92,181,2.5,1024
2017,11,29,21,30,4.1000000000000005,84.4,8,2.4000000000000004,1025
2017,11,29,22,30,3.3000000000000003,88.52,14,2.5,1025
2017,11,29,23,30,2.7,92.06,22,2.5,1025
2017,11,30,0,30,2.2,94.63,29,2.4000000000000004,1025
2017,11,30,1,30,1.5,96.08,35,2.3000000000000003,1025
2017,11,30,2,30,1,95.94,40,2.1,1025
2017,11,30,3,30,0.8,93.5,44,2,1025
2017,11,30,4,30,0.8,91,50,1.9000000000000001,1025
2017,11,30,5,30,1,88.44,59,1.9000000000000001,1025
2017,11,30,6,30,1.3,86.39,72,1.9000000000000001,1025
2017,11,30,7,30,2.2,82.04,85,1.8,1025
2017,11,30,8,30,3.8000000000000003,76.84,100,1.8,1024
2017,11,30,9,30,5.4,71.66,117,1.8,1024
2017,11,30,10,30,7.1000000000000005,66.82000000000001,137,1.8,1023
2017,11,30,11,30,8.5,65.71000000000001,157,1.8,1022
2017,11,30,12,30,9.600000000000001,65.64,171,1.9000000000000001,1021
2017,11,30,13,30,10.100000000000001,67.1,178,2,1020
2017,11,30,14,30,10.100000000000001,70.41,179,1.9000000000000001,1019
2017,11,30,15,30,8.5,84.07000000000001,180,1.8,1018
2017,11,30,16,30,7,92.11,182,1.9000000000000001,1018
2017,11,30,17,30,7.2,92.39,184,2.1,1017
2017,11,30,18,30,7.800000000000001,91.75,185,2.1,1017
2017,11,30,19,30,16.6,99.52,197,5.2,994
2017,11,30,20,30,16,100,198,4.2,995
2017,11,30,21,30,15.200000000000001,100,202,3.2,995
2017,11,30,22,30,14.200000000000001,100,211,2.4000000000000004,996
2017,11,30,23,30,13.200000000000001,100,222,2.2,996
2020,12,1,0,30,12.100000000000001,100,229,2.1,997
2020,12,1,1,30,11.200000000000001,100,231,1.9000000000000001,997
2020,12,1,2,30,10.600000000000001,100,230,1.7000000000000002,997
2020,12,1,3,30,10.200000000000001,98.05,228,1.6,997
2020,12,1,4,30,9.8,96.75,220,1.7000000000000002,997
2020,12,1,5,30,9.600000000000001,96.3,207,1.9000000000000001,997
2020,12,1,6,30,9.3,96.91,206,2.3000000000000003,998
2020,12,1,7,30,9.3,94.61,215,2.9000000000000004,999
2020,12,1,8,30,9.700000000000001,90.55,223,3.6,999
2020,12,1,9,30,10,83.77,226,4.1000000000000005,1000
2020,12,1,10,30,10.100000000000001,74.82000000000001,224,4.5,1000
2020,12,1,11,30,9.9,70.42,223,4.9,1000
2020,12,1,12,30,9.4,69.85000000000001,226,5,1000
2020,12,1,13,30,8.8,70.21000000000001,232,5,1000
2020,12,1,14,30,8.1,70.88,236,4.9,1001
2020,12,1,15,30,7.2,72.64,239,4.7,1002
2020,12,1,16,30,6.2,75.11,242,4.6000000000000005,1003
2020,12,1,17,30,5.5,76.02,244,4.7,1005
2020,12,1,18,30,4.800000000000001,76.21000000000001,247,4.800000000000001,1006
2020,12,1,19,30,4.1000000000000005,76.11,247,4.7,1007
2020,12,1,20,30,3.5,76.73,246,4.5,1008
2020,12,1,21,30,3,78.06,245,4.3,1008
2020,12,1,22,30,2.6,79.85000000000001,244,4.1000000000000005,1009
2020,12,1,23,30,2.2,81.77,244,4,1009
2020,12,2,0,30,2,82.64,245,3.9000000000000004,1009
2020,12,2,1,30,1.8,83.98,246,3.8000000000000003,1010
2020,12,2,2,30,1.7000000000000002,84.93,247,3.7,1010
2020,12,2,3,30,1.6,85.93,247,3.7,1010
2020,12,2,4,30,1.6,86.25,247,3.6,1010
2020,12,2,5,30,1.7000000000000002,86.43,245,3.8000000000000003,1010
2020,12,2,6,30,2.1,85.44,244,4,1011
2020,12,2,7,30,2.6,84.16,245,4.2,1011
2020,12,2,8,30,3.6,80.16,248,4.5,1012
2020,12,2,9,30,4.6000000000000005,75.18,252,4.7,1012
2020,12,2,10,30,5.300000000000001,71.27,256,4.7,1012
2020,12,2,11,30,5.7,67.97,260,4.5,1012
2020,12,2,12,30,6,66.23,263,4.4,1012
2020,12,2,13,30,6.300000000000001,65.68,267,4.4,1012
2020,12,2,14,30,6.300000000000001,66.89,271,4.2,1013
2020,12,2,15,30,5.7,71.99,272,3.9000000000000004,1014
2020,12,2,16,30,4.800000000000001,77.97,271,3.6,1015
2020,12,2,17,30,4.2,80.58,269,3.6,1016
2020,12,2,18,30,3.8000000000000003,81.91,268,3.7,1017
2020,12,2,19,30,3.2,83.82000000000001,270,3.6,1018
2020,12,2,20,30,2.6,85.61,273,3.4000000000000004,1018
2020,12,2,21,30,2,87.85000000000001,275,3.3000000000000003,1019
2020,12,2,22,30,1.4000000000000001,90.26,277,3.2,1019
2020,12,2,23,30,1.1,91.41,280,3.2,1019
2020,12,3,0,30,0.9,92.68,282,3.1,1020
2020,12,3,1,30,0.7000000000000001,93.57000000000001,285,3,1020
2020,12,3,2,30,0.4,94.95,285,2.8000000000000003,1020
2020,12,3,3,30,0.2,95.35000000000001,282,2.6,1021
2020,12,3,4,30,0.1,95.10000000000001,276,2.6,1021
2020,12,3,5,30,-0.1,95.74000000000001,270,2.5,1021
2020,12,3,6,30,0.1,93.85000000000001,264,2.5,1022
2020,12,3,7,30,1.1,87.13,259,2.8000000000000003,1022
2020,12,3,8,30,2.8000000000000003,79.59,256,3.1,1022
2020,12,3,9,30,4.7,71.03,254,3.3000000000000003,1022
2020,12,3,10,30,6.4,63.03,252,3.3000000000000003,1022
2020,12,3,11,30,7.7,57.63,250,3.4000000000000004,1022
2020,12,3,12,30,8.6,54.11,249,3.4000000000000004,1021
2020,12,3,13,30,8.8,54.72,246,3.2,1021
2020,12,3,14,30,8.200000000000001,60.44,242,2.9000000000000004,1020
2020,12,3,15,30,6.6000000000000005,73.05,238,2.7,1020
2020,12,3,16,30,5.300000000000001,78.48,233,2.8000000000000003,1020
2020,12,3,17,30,5.5,77.22,229,3,1020
2020,12,3,18,30,5.800000000000001,78.29,227,3.2,1020
2020,12,3,19,30,5.9,79.38,226,3.3000000000000003,1020
2020,12,3,20,30,6,79.58,227,3.2,1020
2020,12,3,21,30,5.9,80.73,228,3.1,1020
2020,12,3,22,30,5.5,84.36,225,3.1,1019
2020,12,3,23,30,5.4,85.75,222,3.1,1019
2020,12,4,0,30,5.7,86.85000000000001,220,3.1,1018
2020,12,4,1,30,5.7,89.47,217,3.2,1018
2020,12,4,2,30,5.800000000000001,90.3,216,3.4000000000000004,1018
2020,12,4,3,30,6.1000000000000005,88.81,217,3.5,1017
2020,12,4,4,30,5.800000000000001,91.32000000000001,216,3.2,1017
2020,12,4,5,30,5.1000000000000005,96.77,214,2.9000000000000004,1017
2020,12,4,6,30,5,98.43,218,2.8000000000000003,1017
2020,12,4,7,30,6,92.67,224,2.7,1017
2020,12,4,8,30,7.2,87.83,226,2.8000000000000003,1017
2020,12,4,9,30,8,84.76,227,2.9000000000000004,1017
2020,12,4,10,30,8.4,83.04,230,3,1017
2020,12,4,11,30,8.700000000000001,82.13,232,3.1,1016
2020,12,4,12,30,9.200000000000001,80.67,225,3.1,1016
2020,12,4,13,30,9.600000000000001,78.85000000000001,213,3.1,1015
2020,12,4,14,30,9.4,81.61,207,3.1,1014
2020,12,4,15,30,8.700000000000001,87.93,207,3.1,1014
2020,12,4,16,30,8.200000000000001,92.11,213,3,1014
2020,12,4,17,30,7.9,93.78,223,2.8000000000000003,1014
2020,12,4,18,30,7.5,94.34,228,2.3000000000000003,1014
2020,12,4,19,30,7.300000000000001,94.15,227,2,1014
2020,12,4,20,30,7,95.33,228,1.7000000000000002,1013
2020,12,4,21,30,6.800000000000001,95.52,242,1.2000000000000002,1013
2020,12,4,22,30,6.800000000000001,94.36,271,0.9,1012
2020,12,4,23,30,6.7,94.57000000000001,323,0.8,1011
2020,12,5,0,30,6.5,94.84,197,1,1010
2020,12,5,1,30,6.300000000000001,95.56,35,1.6,1009
2020,12,5,2,30,6.300000000000001,96.18,33,2.2,1008
2020,12,5,3,30,6.300000000000001,96.76,31,2.9000000000000004,1007
2020,12,5,4,30,6.1000000000000005,97.92,27,3.7,1005
2020,12,5,5,30,5.4,99.63,18,4.1000000000000005,1005
2020,12,5,6,30,4.800000000000001,97.41,15,4.5,1004
2020,12,5,7,30,4.5,96.63,14,5.2,1003
2020,12,5,8,30,4.3,96.3,7,5.7,1002
2020,12,5,9,30,4.3,94.68,175,6.1000000000000005,1002
2020,12,5,10,30,4.800000000000001,91.22,342,6.2,1001
2020,12,5,11,30,5.6000000000000005,87.57000000000001,333,6.2,1001
2020,12,5,12,30,6.5,82.97,328,6.1000000000000005,1001
2020,12,5,13,30,7.1000000000000005,78.77,323,6.1000000000000005,1001
2020,12,5,14,30,7.2,75.92,318,5.9,1002
2020,12,5,15,30,6.6000000000000005,76.45,313,5.5,1003
2020,12,5,16,30,5.7,79.04,310,5.1000000000000005,1004
2020,12,5,17,30,4.9,81.67,308,4.9,1005
2020,12,5,18,30,4.3,83.24,306,4.800000000000001,1006
2020,12,5,19,30,3.7,85.10000000000001,304,4.7,1007
2020,12,5,20,30,3.2,85.86,304,4.5,1007
2020,12,5,21,30,2.8000000000000003,85.5,305,4.3,1007
2020,12,5,22,30,2.5,84.71000000000001,306,4.3,1008
2020,12,5,23,30,2.3000000000000003,83.94,305,4.2,1008
2020,12,6,0,30,2,84.36,304,4.2,1008
2020,12,6,1,30,1.8,84.5,302,4.2,1008
2020,12,6,2,30,1.5,85.29,300,4.2,1008
2020,12,6,3,30,1.2000000000000002,85.83,299,4.2,1008
2020,12,6,4,30,0.9,86.04,299,4.2,1008
2020,12,6,5,30,0.6000000000000001,85.71000000000001,300,4.2,1008
2020,12,6,6,30,0.4,84.67,302,4.1000000000000005,1008
2020,12,6,7,30,0.7000000000000001,80.87,304,4.2,1009
2020,12,6,8,30,1.6,74.57000000000001,306,4.4,1009
2020,12,6,9,30,2.4000000000000004,68.2,307,4.4,1009
2020,12,6,10,30,3.2,63.68,306,4.4,1008
2020,12,6,11,30,3.8000000000000003,61.04,304,4.4,1008
2020,12,6,12,30,4.1000000000000005,60.02,302,4.5,1008
2020,12,6,13,30,4.1000000000000005,60.26,302,4.5,1008
2020,12,6,14,30,3.7,62.050000000000004,303,4.5,1008
2020,12,6,15,30,2.8000000000000003,66.26,304,4.2,1008
2020,12,6,16,30,1.7000000000000002,72.07000000000001,305,3.9000000000000004,1009
2020,12,6,17,30,0.9,75.78,305,3.8000000000000003,1010
2020,12,6,18,30,0.30000000000000004,78.37,306,3.7,1010
2020,12,6,19,30,-0.2,80.43,306,3.5,1010
2020,12,6,20,30,-0.7000000000000001,82.69,306,3.3000000000000003,1010
2020,12,6,21,30,-1.1,84.68,305,3.2,1010
2020,12,6,22,30,-1.4000000000000001,85.86,304,3.1,1010
2020,12,6,23,30,-1.6,87.10000000000001,305,2.9000000000000004,1010
2020,12,7,0,30,-1.8,88.23,308,2.7,1010
2020,12,7,1,30,-1.9000000000000001,88.54,309,2.4000000000000004,1009
2020,12,7,2,30,-1.9000000000000001,88.46000000000001,308,2.3000000000000003,1009
2020,12,7,3,30,-1.8,87.95,306,2.1,1009
2020,12,7,4,30,-1.8,87.97,304,2,1009
2020,12,7,5,30,-1.9000000000000001,88.48,301,1.9000000000000001,1009
2020,12,7,6,30,-1.8,87.59,298,1.8,1009
2020,12,7,7,30,-0.8,82.10000000000001,300,1.8,1009
2020,12,7,8,30,0.8,75.42,307,1.9000000000000001,1009
2020,12,7,9,30,2.2,67.46000000000001,314,1.7000000000000002,1009
2020,12,7,10,30,3.1,62.910000000000004,314,1.6,1008
2020,12,7,11,30,3.8000000000000003,59.97,310,1.5,1007
2020,12,7,12,30,4.2,58.550000000000004,304,1.5,1006
2020,12,7,13,30,4.3,57.95,302,1.4000000000000001,1006
2020,12,7,14,30,3.8000000000000003,61.120000000000005,304,1.4000000000000001,1005
2020,12,7,15,30,2.4000000000000004,77.35000000000001,312,1.5,1005
2020,12,7,16,30,0.7000000000000001,79.01,324,1.7000000000000002,1006
2020,12,7,17,30,0,79.63,334,2,1006
2020,12,7,18,30,-0.1,80.74,344,2.3000000000000003,1006
2020,12,7,19,30,-0.2,81.74,354,2.6,1006
2020,12,7,20,30,-0.7000000000000001,85.05,181,3,1006
2020,12,7,21,30,-1.1,86.95,3,3.3000000000000003,1005
2020,12,7,22,30,-1.3,87.06,4,3.4000000000000004,1005
2020,12,7,23,30,-1.3,86.62,3,3.5,1005
2020,12,8,0,30,-1.2000000000000002,86.22,181,3.5,1005
2020,12,8,1,30,-1.2000000000000002,85.71000000000001,359,3.5,1005
2020,12,8,2,30,-1.2000000000000002,85.36,357,3.5,1005
2020,12,8,3,30,-1.3,85.39,354,3.4000000000000004,1005
2020,12,8,4,30,-1.3,84.82000000000001,353,3.3000000000000003,1005
2020,12,8,5,30,-1.2000000000000002,83.87,351,3.3000000000000003,1006
2020,12,8,6,30,-1.2000000000000002,83.62,345,3.3000000000000003,1006
2020,12,8,7,30,-0.9,81.79,337,3.5,1007
2020,12,8,8,30,-0.1,76.15,333,3.9000000000000004,1007
2020,12,8,9,30,0.7000000000000001,70.05,332,4.1000000000000005,1007
2020,12,8,10,30,1.4000000000000001,66.65,332,4,1007
2020,12,8,11,30,2,64.47,330,3.9000000000000004,1006
2020,12,8,12,30,2.4000000000000004,63.370000000000005,326,3.8000000000000003,1006
2020,12,8,13,30,2.6,63.07,323,3.7,1006
2020,12,8,14,30,2.3000000000000003,65.04,321,3.4000000000000004,1007
2020,12,8,15,30,1.2000000000000002,71.92,321,3.1,1008
2020,12,8,16,30,0.1,77.78,321,3,1008
2020,12,8,17,30,-0.30000000000000004,79.38,323,3,1009
2020,12,8,18,30,-0.6000000000000001,81.32000000000001,325,3,1010
2020,12,8,19,30,-0.9,83.09,326,2.9000000000000004,1010
2020,12,8,20,30,-1.2000000000000002,85.11,326,2.8000000000000003,1011
2020,12,8,21,30,-1.2000000000000002,85.36,324,2.8000000000000003,1011
2020,12,8,22,30,-1.3,86.72,321,2.8000000000000003,1011
2020,12,8,23,30,-1.3,87.4,317,2.7,1011
2020,12,9,0,30,-1.2000000000000002,87.77,312,2.6,1011
2020,12,9,1,30,-1,88.22,304,2.6,1011
2020,12,9,2,30,-0.6000000000000001,87.56,295,2.4000000000000004,1011
2020,12,9,3,30,-0.1,86.4,284,2.3000000000000003,1010
2020,12,9,4,30,0.4,85.75,277,2.3000000000000003,1010
2020,12,9,5,30,0.6000000000000001,86.72,273,2.4000000000000004,1010
2020,12,9,6,30,0.8,86.76,269,2.5,1010
2020,12,9,7,30,1.1,85.29,264,2.5,1010
2020,12,9,8,30,1.7000000000000002,82.17,258,2.8000000000000003,1010
2020,12,9,9,30,2.4000000000000004,78.03,252,3.1,1009
2020,12,9,10,30,2.9000000000000004,73.8,247,3.4000000000000004,1008
2020,12,9,11,30,3.1,72.16,245,3.5,1007
2020,12,9,12,30,3,74.08,247,3.4000000000000004,1007
2020,12,9,13,30,2.7,77.78,251,3.3000000000000003,1006
2020,12,9,14,30,2.2,83.35000000000001,257,3.1,1006
2020,12,9,15,30,1.7000000000000002,89.07000000000001,261,2.9000000000000004,1007
2020,12,9,16,30,1.3,91.61,265,2.9000000000000004,1007
2020,12,9,17,30,1.2000000000000002,91.86,270,3.1,1007
2020,12,9,18,30,1.2000000000000002,92.16,275,3.2,1008
2020,12,9,19,30,1.1,93.06,280,3.3000000000000003,1008
2020,12,9,20,30,0.9,94.18,282,3.2,1008
2020,12,9,21,30,0.9,93.87,282,3.2,1008
2020,12,9,22,30,0.9,94.14,282,3.2,1008
2020,12,9,23,30,0.9,94.83,283,3.2,1009
2020,12,10,0,30,0.8,96.05,287,3.2,1009
2020,12,10,1,30,0.8,96.31,291,3.2,1010
2020,12,10,2,30,0.8,96.52,294,3.1,1011
2020,12,10,3,30,0.9,96.21000000000001,296,3.1,1012
2020,12,10,4,30,1,96.48,298,3.1,1012
2020,12,10,5,30,1,96.93,298,3,1013
2020,12,10,6,30,1,96.89,292,2.9000000000000004,1014
2020,12,10,7,30,1.9000000000000001,91.44,287,3,1015
2020,12,10,8,30,3.5,85.60000000000001,288,3.1,1016
2020,12,10,9,30,5.2,80.56,297,3.1,1016
2020,12,10,10,30,6.6000000000000005,74.68,308,3.2,1017
2020,12,10,11,30,7.4,70.19,313,3.1,1017
2020,12,10,12,30,7.9,68.01,314,2.9000000000000004,1017
2020,12,10,13,30,8,68.22,313,2.6,1017
2020,12,10,14,30,7.1000000000000005,74.60000000000001,312,2.2,1018
2020,12,10,15,30,4.9,87.95,311,2,1019
2020,12,10,16,30,3.1,89.8,312,2.1,1020
2020,12,10,17,30,2.6,90.99,314,2,1020
2020,12,10,18,30,2.4000000000000004,91.24,317,1.9000000000000001,1021
2020,12,10,19,30,2.5,89.3,320,1.8,1021
2020,12,10,20,30,2.8000000000000003,86.38,319,1.6,1022
2020,12,10,21,30,3,84.18,317,1.3,1022
2020,12,10,22,30,3.2,81.89,320,1,1021
2020,12,10,23,30,3.4000000000000004,80.24,326,0.7000000000000001,1021
2020,12,11,0,30,3.3000000000000003,80.54,264,0.5,1021
2020,12,11,1,30,2.7,84.26,202,0.9,1021
2020,12,11,2,30,2,90.18,207,1.5,1022
2020,12,11,3,30,1.6,94.89,214,1.8,1022
2020,12,11,4,30,1.4000000000000001,98.18,219,1.9000000000000001,1022
2020,12,11,5,30,1.3,100,220,1.9000000000000001,1022
2020,12,11,6,30,1.5,100,216,2,1022
2020,12,11,7,30,2.9000000000000004,93.9,213,2.2,1022
2020,12,11,8,30,5.1000000000000005,86.83,210,2.6,1022
2020,12,11,9,30,7,82.85000000000001,209,3,1022
2020,12,11,10,30,8.6,79.5,207,3.3000000000000003,1021
2020,12,11,11,30,9.8,77.75,206,3.5,1020
2020,12,11,12,30,10.600000000000001,77.37,206,3.4000000000000004,1019
2020,12,11,13,30,10.700000000000001,79.64,206,3.2,1018
2020,12,11,14,30,10,85.59,206,2.8000000000000003,1018
2020,12,11,15,30,8.200000000000001,95.60000000000001,208,2.5,1018
2020,12,11,16,30,6.7,100,209,2.3000000000000003,1018
2020,12,11,17,30,5.9,100,211,2.2,1019
2020,12,11,18,30,5.5,100,215,2.2,1019
2020,12,11,19,30,5.2,100,217,2.2,1019
2020,12,11,20,30,5,100,215,2.2,1019
2020,12,11,21,30,4.9,100,214,2.1,1019
2020,12,11,22,30,5,100,216,1.9000000000000001,1019
2020,12,11,23,30,5.2,100,220,1.7000000000000002,1019
2020,12,12,0,30,5.4,100,223,1.4000000000000001,1019
2020,12,12,1,30,5.4,100,220,1.1,1019
2020,12,12,2,30,5.300000000000001,100,218,0.8,1019
2020,12,12,3,30,5.2,100,226,0.6000000000000001,1020
2020,12,12,4,30,5.1000000000000005,100,225,0.4,1020
2020,12,12,5,30,5.1000000000000005,99.92,189,0.4,1020
2020,12,12,6,30,5.5,98.67,163,0.7000000000000001,1020
2020,12,12,7,30,6.2,97.47,167,1.1,1019
2020,12,12,8,30,7.2,96.94,169,1.3,1019
2020,12,12,9,30,8.3,96.66,167,1.4000000000000001,1018
2020,12,12,10,30,9.4,96.58,164,1.7000000000000002,1017
2020,12,12,11,30,10.4,96.23,166,2.1,1016
2020,12,12,12,30,11.4,95.21000000000001,174,2.5,1015
2020,12,12,13,30,12.200000000000001,95.83,183,2.6,1014
2020,12,12,14,30,12.3,99.09,189,2.5,1014
2020,12,12,15,30,11.5,100,194,2.3000000000000003,1013
2020,12,12,16,30,10.600000000000001,100,197,2.3000000000000003,1013
2020,12,12,17,30,10.100000000000001,100,196,2.3000000000000003,1013
2020,12,12,18,30,9.700000000000001,100,195,2.4000000000000004,1013
2020,12,12,19,30,9.4,100,196,2.5,1013
2020,12,12,20,30,9.1,100,198,2.6,1013
2020,12,12,21,30,8.8,100,202,2.6,1013
2020,12,12,22,30,8.6,100,204,2.6,1012
2020,12,12,23,30,8.6,100,207,2.6,1012
2020,12,13,0,30,8.6,99.85000000000001,210,2.6,1012
2020,12,13,1,30,8.700000000000001,99.14,210,2.4000000000000004,1012
2020,12,13,2,30,8.8,99.16,211,2.3000000000000003,1011
2020,12,13,3,30,8.9,99.5,212,2.3000000000000003,1011
2020,12,13,4,30,9,99.14,217,2.6,1011
2020,12,13,5,30,9,99.86,225,2.7,1012
2020,12,13,6,30,8.8,99.94,230,2.6,1012
2020,12,13,7,30,9.200000000000001,96.33,236,2.7,1012
2020,12,13,8,30,10.100000000000001,93.82000000000001,247,2.8000000000000003,1013
2020,12,13,9,30,11.200000000000001,90.86,256,2.5,1013
2020,12,13,10,30,12.3,87.76,264,2.2,1013
2020,12,13,11,30,13,84.42,271,2.1,1013
2020,12,13,12,30,12.8,81.09,276,2.1,1012
2020,12,13,13,30,12.3,79.72,280,2.1,1012
2020,12,13,14,30,11.600000000000001,80.44,286,2,1013
2020,12,13,15,30,10,86.78,292,1.9000000000000001,1013
2020,12,13,16,30,8.5,91.08,298,2,1014
2020,12,13,17,30,7.800000000000001,91.04,303,2.2,1015
2020,12,13,18,30,7.300000000000001,91.48,307,2.2,1016
2020,12,13,19,30,6.7,92.4,313,2.1,1016
2020,12,13,20,30,5.9,94.25,321,2,1016
2020,12,13,21,30,5,96.96000000000001,331,1.9000000000000001,1016
2020,12,13,22,30,4.4,96.47,342,2,1016
2020,12,13,23,30,4.2,94.23,353,2.1,1016
2020,12,14,0,30,4,92.44,184,2,1015
2020,12,14,1,30,3.8000000000000003,91.53,12,1.9000000000000001,1015
2020,12,14,2,30,3.6,91.16,21,1.8,1015
2020,12,14,3,30,3.5,89.14,31,1.7000000000000002,1014
2020,12,14,4,30,3.5,87.67,36,1.6,1014
2020,12,14,5,30,3.5,86.84,22,1.5,1014
2020,12,14,6,30,3.5,85.28,8,1.3,1015
2020,12,14,7,30,3.6,82.78,22,1.2000000000000002,1014
2020,12,14,8,30,3.8000000000000003,86.03,42,1.4000000000000001,1013
2020,12,14,9,30,3.9000000000000004,86.3,52,1.7000000000000002,1012
2020,12,14,10,30,3.8000000000000003,88,54,1.9000000000000001,1011
2020,12,14,11,30,3.4000000000000004,91.23,41,1.8,1010
2020,12,14,12,30,2.9000000000000004,93.13,17,1.8,1009
2020,12,14,13,30,2.4000000000000004,94.55,176,2.2,1009
2020,12,14,14,30,2.1,95.81,343,2.7,1009
2020,12,14,15,30,2.2,95.01,336,2.9000000000000004,1009
2020,12,14,16,30,2.5,94.34,332,3.1,1009
2020,12,14,17,30,2.6,94.71000000000001,327,3.3000000000000003,1009
2020,12,14,18,30,2.4000000000000004,95.49,324,3.6,1010
2020,12,14,19,30,2.1,94.73,323,3.8000000000000003,1012
2020,12,14,20,30,2,92.51,322,4.1000000000000005,1013
2020,12,14,21,30,1.7000000000000002,88.99,321,4.3,1014
2020,12,14,22,30,1.2000000000000002,82.92,320,4.1000000000000005,1015
2020,12,14,23,30,0.7000000000000001,78.84,318,3.9000000000000004,1017
2020,12,15,0,30,0.2,78.4,315,3.6,1018
2020,12,15,1,30,-0.1,79.04,314,3.4000000000000004,1019
2020,12,15,2,30,-0.4,80.48,312,3.3000000000000003,1019
2020,12,15,3,30,-0.6000000000000001,81.77,310,3.2,1020
2020,12,15,4,30,-0.9,83.42,310,3.1,1020
2020,12,15,5,30,-1,83.9,310,3.1,1021
2020,12,15,6,30,-1,83.98,311,3.1,1022
2020,12,15,7,30,-0.4,80.52,312,3.2,1022
2020,12,15,8,30,0.8,75.41,316,3.3000000000000003,1023
2020,12,15,9,30,1.8,67.45,321,3.3000000000000003,1023
2020,12,15,10,30,2.5,61.03,321,3.1,1023
2020,12,15,11,30,3.1,57.44,317,3,1023
2020,12,15,12,30,3.4000000000000004,56.29,313,3,1023
2020,12,15,13,30,3.4000000000000004,56.660000000000004,313,3,1023
2020,12,15,14,30,2.9000000000000004,59.730000000000004,318,2.8000000000000003,1024
2020,12,15,15,30,1.7000000000000002,68.25,324,2.7,1025
2020,12,15,16,30,0.5,75.05,333,2.7,1025
2020,12,15,17,30,-0.1,77.3,342,2.8000000000000003,1026
2020,12,15,18,30,-0.6000000000000001,79.29,351,2.8000000000000003,1027
2020,12,15,19,30,-1,80.3,179,2.7,1027
2020,12,15,20,30,-1.4000000000000001,80.25,7,2.7,1027
2020,12,15,21,30,-1.6,79.5,16,2.8000000000000003,1027
2020,12,15,22,30,-1.7000000000000002,78.63,24,2.9000000000000004,1026
2020,12,15,23,30,-1.8,78.5,30,2.9000000000000004,1026
2020,12,16,0,30,-1.8,77.93,36,2.7,1027
2020,12,16,1,30,-2.2,79.31,40,2.6,1027
2020,12,16,2,30,-2.5,79.39,41,2.5,1028
2020,12,16,3,30,-2.7,80.06,41,2.5,1028
2020,12,16,4,30,-2.5,78.67,45,2.8000000000000003,1028
2020,12,16,5,30,-2.1,76.98,53,3.2,1028
2020,12,16,6,30,-1.9000000000000001,76.19,58,3.5,1027
2020,12,16,7,30,-1.6,74.84,61,3.7,1027
2020,12,16,8,30,-1.1,72.13,60,3.7,1028
2020,12,16,9,30,-0.7000000000000001,70.33,59,3.8000000000000003,1028
2020,12,16,10,30,-0.4,69.68,60,4.1000000000000005,1027
2020,12,16,11,30,-0.1,69.89,63,4.5,1026
2020,12,16,12,30,0.30000000000000004,70.46000000000001,65,4.6000000000000005,1024
2020,12,16,13,30,0.4,73.41,63,4.7,1023
2020,12,16,14,30,0.2,77.65,58,5,1022
2020,12,16,15,30,-0.30000000000000004,82.65,54,5.2,1022
2020,12,16,16,30,-0.8,87.35000000000001,56,5.6000000000000005,1021
2020,12,16,17,30,-1,89.44,61,6.2,1020
2020,12,16,18,30,-1,91.17,64,6.5,1019
2020,12,16,19,30,-0.8,92.28,68,6.800000000000001,1017
2020,12,16,20,30,-0.5,92.91,70,7.2,1015
2020,12,16,21,30,-0.30000000000000004,93.10000000000001,72,7.7,1013
2020,12,16,22,30,0.2,91.63,73,8.200000000000001,1011
2020,12,16,23,30,0.6000000000000001,92.57000000000001,73,8.5,1009
2020,12,17,0,30,0.9,93.07000000000001,72,8.6,1007
2020,12,17,1,30,1.2000000000000002,92.61,72,8.700000000000001,1005
2020,12,17,2,30,1.5,93.43,71,8,1004
2020,12,17,3,30,1.4000000000000001,95.7,62,6.6000000000000005,1004
2020,12,17,4,30,0.9,98.75,40,5.9,1005
2020,12,17,5,30,-0.1,100,16,6.1000000000000005,1006
2020,12,17,6,30,-1.3,100,5,6.300000000000001,1007
2020,12,17,7,30,-2.3000000000000003,98.27,180,6,1008
2020,12,17,8,30,-2.8000000000000003,94.92,355,5.800000000000001,1009
2020,12,17,9,30,-2.6,90.21000000000001,353,5.5,1010
2020,12,17,10,30,-2,87.46000000000001,353,5.1000000000000005,1011
2020,12,17,11,30,-1.4000000000000001,85.69,354,4.9,1012
2020,12,17,12,30,-1,84.47,356,4.6000000000000005,1012
2020,12,17,13,30,-0.8,84.09,358,4.3,1013
2020,12,17,14,30,-1,85.57000000000001,359,4,1014
2020,12,17,15,30,-1.8,89.47,359,3.5,1015
2020,12,17,16,30,-3.1,92.25,358,3.1,1016
2020,12,17,17,30,-4.2,92.19,179,3.1,1017
2020,12,17,18,30,-4.800000000000001,92.44,2,3.3000000000000003,1018
2020,12,17,19,30,-5.4,92.42,5,3.5,1019
2020,12,17,20,30,-5.7,91.07000000000001,7,3.6,1019
2020,12,17,21,30,-5.800000000000001,89.5,11,3.6,1019
2020,12,17,22,30,-5.6000000000000005,87.98,14,3.4000000000000004,1019
2020,12,17,23,30,-5.4,87.42,16,3.2,1019
2020,12,18,0,30,-5.300000000000001,86.81,16,3,1019
2020,12,18,1,30,-5.5,87.16,14,3,1020
2020,12,18,2,30,-5.5,85.97,10,3,1020
2020,12,18,3,30,-5.4,84.91,6,3.1,1021
2020,12,18,4,30,-5.300000000000001,84.48,3,3.1,1021
2020,12,18,5,30,-5.2,83.89,180,3.2,1022
2020,12,18,6,30,-5.300000000000001,84.38,358,3.2,1022
2020,12,18,7,30,-4.9,81.04,356,3.3000000000000003,1023
2020,12,18,8,30,-3.9000000000000004,77.65,354,3.4000000000000004,1023
2020,12,18,9,30,-2.8000000000000003,74.78,352,3.4000000000000004,1024
2020,12,18,10,30,-1.9000000000000001,73.13,349,3.5,1024
2020,12,18,11,30,-1.2000000000000002,72.52,346,3.4000000000000004,1024
2020,12,18,12,30,-0.8,72.69,342,3.3000000000000003,1023
2020,12,18,13,30,-0.7000000000000001,74.28,340,3.3000000000000003,1024
2020,12,18,14,30,-0.9,76.39,338,3.1,1024
2020,12,18,15,30,-2.2,83.89,337,2.9000000000000004,1025
2020,12,18,16,30,-3.9000000000000004,86.71000000000001,337,2.9000000000000004,1026
2020,12,18,17,30,-4.9,86.82000000000001,338,3,1026
2020,12,18,18,30,-5.4,87.91,341,3.1,1027
2020,12,18,19,30,-5.9,88.93,346,3,1027
2020,12,18,20,30,-6.4,89.41,351,3,1027
2020,12,18,21,30,-7,90.26,355,2.9000000000000004,1027
2020,12,18,22,30,-7.5,90.5,358,2.9000000000000004,1027
2020,12,18,23,30,-8,91.47,180,2.9000000000000004,1027
2020,12,19,0,30,-8.4,91.9,3,2.9000000000000004,1027
2020,12,19,1,30,-8.700000000000001,91.88,6,2.9000000000000004,1028
2020,12,19,2,30,-8.9,91.67,6,2.8000000000000003,1028
2020,12,19,3,30,-9.1,91,2,2.7,1028
2020,12,19,4,30,-9.200000000000001,90.10000000000001,1,2.6,1028
2020,12,19,5,30,-9.1,88.66,4,2.5,1028
2020,12,19,6,30,-9,87.39,7,2.4000000000000004,1028
2020,12,19,7,30,-8.200000000000001,82.15,9,2.2,1028
2020,12,19,8,30,-6.2,72.78,14,1.9000000000000001,1029
2020,12,19,9,30,-3.9000000000000004,71.06,13,1.5,1029
2020,12,19,10,30,-2.4000000000000004,70.29,177,1.1,1028
2020,12,19,11,30,-1.4000000000000001,69.33,335,1,1028
2020,12,19,12,30,-0.8,69.97,321,1.1,1027
2020,12,19,13,30,-0.5,71.04,316,1.1,1027
2020,12,19,14,30,-0.6000000000000001,72.92,316,1.1,1026
2020,12,19,15,30,-1,73.87,315,1,1026
2020,12,19,16,30,-1.6,72.79,302,0.9,1026
2020,12,19,17,30,-2.1,71.73,280,1,1026
2020,12,19,18,30,-2.4000000000000004,70.92,256,1,1026
2020,12,19,19,30,-2.4000000000000004,69.93,236,1.1,1025
2020,12,19,20,30,-2.2,71.66,228,1.3,1025
2020,12,19,21,30,-2.4000000000000004,74.64,229,1.5,1024
2020,12,19,22,30,-2.5,74.21000000000001,231,1.5,1024
2020,12,19,23,30,-2.5,73.18,233,1.5,1023
2020,12,20,0,30,-2.6,74.31,240,1.5,1023
2020,12,20,1,30,-2.5,75.12,245,1.6,1024
2020,12,20,2,30,-2.3000000000000003,74.96000000000001,240,1.5,1023
2020,12,20,3,30,-2.2,74.88,234,1.5,1023
2020,12,20,4,30,-2,75.18,234,1.5,1023
2020,12,20,5,30,-1.8,74.83,233,1.3,1022
2020,12,20,6,30,-1.6,74.37,227,1.2000000000000002,1022
2020,12,20,7,30,-1.3,74.02,221,1.4000000000000001,1022
2020,12,20,8,30,-0.7000000000000001,75.56,215,1.6,1022
2020,12,20,9,30,0.30000000000000004,78.21000000000001,204,1.5,1021
2020,12,20,10,30,1.3,79.92,195,1.5,1019
2020,12,20,11,30,2.2,79.94,197,1.6,1018
2020,12,20,12,30,2.8000000000000003,82.45,206,1.8,1018
2020,12,20,13,30,3,85.87,214,1.7000000000000002,1017
2020,12,20,14,30,3,89.01,217,1.5,1017
2020,12,20,15,30,2.2,95.31,213,1.4000000000000001,1017
2020,12,20,16,30,1.2000000000000002,96.16,205,1.5,1017
2020,12,20,17,30,0.7000000000000001,96.63,197,1.5,1016
2020,12,20,18,30,0.8,96.82000000000001,193,1.5,1016
2020,12,20,19,30,1,97.12,194,1.4000000000000001,1016
2020,12,20,20,30,1.4000000000000001,95.93,199,1.4000000000000001,1015
2020,12,20,21,30,1.7000000000000002,95.92,206,1.3,1014
2020,12,20,22,30,1.9000000000000001,95.92,220,1.1,1014
2020,12,20,23,30,2,96.21000000000001,248,1,1014
2020,12,21,0,30,1.8,97.37,283,1,1013
2020,12,21,1,30,1.5,98.15,310,1.2000000000000002,1013
2020,12,21,2,30,1.1,98.94,324,1.5,1013
2020,12,21,3,30,0.8,98.73,333,1.7000000000000002,1012
2020,12,21,4,30,0.6000000000000001,98.27,341,1.9000000000000001,1012
2020,12,21,5,30,0.2,98.15,350,2,1011
2020,12,21,6,30,-0.2,97.8,357,1.9000000000000001,1011
2020,12,21,7,30,0.4,91.79,359,1.6,1011
2020,12,21,8,30,1.6,88.4,351,1.4000000000000001,1011
2020,12,21,9,30,2.7,87.56,336,1.5,1011
2020,12,21,10,30,3.4000000000000004,86.07000000000001,322,1.8,1010
2020,12,21,11,30,4.1000000000000005,84.66,310,2,1008
2020,12,21,12,30,4.7,83.96000000000001,300,2.1,1007
2020,12,21,13,30,5,84.25,290,1.9000000000000001,1006
2020,12,21,14,30,4.5,89.18,276,1.6,1006
2020,12,21,15,30,3.2,94.69,264,1.7000000000000002,1006
2020,12,21,16,30,2.3000000000000003,96.4,261,2,1006
2020,12,21,17,30,2.3000000000000003,96.78,262,2.3000000000000003,1006
2020,12,21,18,30,2.2,97.97,265,2.4000000000000004,1006
2020,12,21,19,30,2,97.60000000000001,264,2.4000000000000004,1006
2020,12,21,20,30,1.9000000000000001,96.86,262,2.5,1006
2020,12,21,21,30,1.9000000000000001,96.52,259,2.6,1006
2020,12,21,22,30,1.7000000000000002,97.56,256,2.5,1005
2020,12,21,23,30,1.4000000000000001,98.7,253,2.3000000000000003,1005
2020,12,22,0,30,1.2000000000000002,98.78,250,2,1004
2020,12,22,1,30,1.2000000000000002,97.69,249,1.7000000000000002,1004
2020,12,22,2,30,1.3,97.31,257,1.6,1004
2020,12,22,3,30,1.4000000000000001,97.38,273,1.7000000000000002,1004
2020,12,22,4,30,1.3,97.76,289,1.9000000000000001,1004
2020,12,22,5,30,1.3,96.7,296,2.1,1004
2020,12,22,6,30,1.2000000000000002,96.45,295,2.3000000000000003,1005
2020,12,22,7,30,1.6,92.84,289,2.6,1006
2020,12,22,8,30,2.5,91.15,285,2.9000000000000004,1007
2020,12,22,9,30,3.4000000000000004,88.92,284,3,1007
2020,12,22,10,30,4.4,86.59,286,3.2,1008
2020,12,22,11,30,5.300000000000001,84.19,290,3.6,1008
2020,12,22,12,30,5.7,82.45,295,3.9000000000000004,1009
2020,12,22,13,30,5.5,81.03,301,4.2,1010
2020,12,22,14,30,4.800000000000001,81.12,303,4.2,1012
2020,12,22,15,30,3.7,85.12,302,3.9000000000000004,1013
2020,12,22,16,30,2.8000000000000003,87.77,300,3.7,1015
2020,12,22,17,30,2.4000000000000004,89.4,298,3.6,1016
2020,12,22,18,30,2.3000000000000003,90.06,296,3.6,1017
2020,12,22,19,30,2.3000000000000003,90.34,294,3.6,1018
2020,12,22,20,30,2.3000000000000003,90.64,296,3.7,1019
2020,12,22,21,30,2.1,90.89,299,3.6,1020
2020,12,22,22,30,1.7000000000000002,91.24,301,3.5,1021
2020,12,22,23,30,1,92.33,302,3.3000000000000003,1021
2020,12,23,0,30,0.4,91.3,301,3.1,1022
2020,12,23,1,30,-0.1,90.49,301,3,1023
2020,12,23,2,30,-0.4,89.65,302,2.9000000000000004,1024
2020,12,23,3,30,-0.5,88.95,305,2.7,1025
2020,12,23,4,30,-0.5,88.64,311,2.5,1025
2020,12,23,5,30,-0.8,89.87,316,2.4000000000000004,1026
2020,12,23,6,30,-1,89.60000000000001,320,2.2,1027
2020,12,23,7,30,0,83.72,323,1.9000000000000001,1028
2020,12,23,8,30,1.9000000000000001,78.88,328,1.6,1028
2020,12,23,9,30,3.5,71.25,338,1.1,1028
2020,12,23,10,30,4.5,63.56,344,0.7000000000000001,1028
2020,12,23,11,30,5,60.32,259,0.5,1027
2020,12,23,12,30,5.1000000000000005,61.34,174,0.9,1027
2020,12,23,13,30,5,65.51,174,1.5,1026
2020,12,23,14,30,4.2,75.35000000000001,173,1.7000000000000002,1026
2020,12,23,15,30,2.9000000000000004,85.41,174,2,1026
2020,12,23,16,30,2.2,84.63,180,2.2,1026
2020,12,23,17,30,2.3000000000000003,84.8,185,2.4000000000000004,1027
2020,12,23,18,30,2.1,87.8,188,2.5,1026
2020,12,23,19,30,1.9000000000000001,90.44,189,2.6,1026
2020,12,23,20,30,2,91.94,189,2.8000000000000003,1025
2020,12,23,21,30,2.4000000000000004,93.25,189,2.9000000000000004,1025
2020,12,23,22,30,2.8000000000000003,94.55,189,2.9000000000000004,1024
2020,12,23,23,30,3.2,95.41,187,2.9000000000000004,1024
2020,12,24,0,30,3.7,95.8,187,2.8000000000000003,1023
2020,12,24,1,30,4,97.08,187,2.7,1024
2020,12,24,2,30,4.2,97.73,183,2.7,1023
2020,12,24,3,30,5,94.02,176,3.2,1022
2020,12,24,4,30,6.4,92.3,171,3.9000000000000004,1021
2020,12,24,5,30,7.2,93.83,168,3.9000000000000004,1021
2020,12,24,6,30,7.6000000000000005,95.46000000000001,165,3.8000000000000003,1020
2020,12,24,7,30,8.4,93.11,163,3.9000000000000004,1020
2020,12,24,8,30,9.700000000000001,90.58,163,4.4,1020
2020,12,24,9,30,10.9,89.27,164,4.9,1019
2020,12,24,10,30,11.700000000000001,88.76,165,5.1000000000000005,1018
2020,12,24,11,30,12.3,87.97,165,5.1000000000000005,1017
2020,12,24,12,30,12.700000000000001,88.5,166,5.2,1016
2020,12,24,13,30,12.700000000000001,89.94,167,5.300000000000001,1015
2020,12,24,14,30,12.4,92.2,167,5.300000000000001,1014
2020,12,24,15,30,12.3,93.14,167,5.4,1013
2020,12,24,16,30,12.4,93.21000000000001,165,5.6000000000000005,1012
2020,12,24,17,30,12.700000000000001,92.67,162,5.800000000000001,1011
2020,12,24,18,30,13,92.67,159,6.2,1010
2020,12,24,19,30,13.100000000000001,94,155,6.2,1008
2020,12,24,20,30,13.3,93.86,153,6.2,1006
2020,12,24,21,30,13.8,92.47,153,7,1004
2020,12,24,22,30,14.4,92.04,158,7.9,1003
2020,12,24,23,30,15,92.38,161,8.5,1002
2020,12,25,0,30,15.200000000000001,93.93,162,8.8,1000
2020,12,25,1,30,15.3,94.49,164,9.1,999
2020,12,25,2,30,15.4,95.09,165,9,998
2020,12,25,3,30,15.5,95.46000000000001,164,8.8,997
2020,12,25,4,30,15.700000000000001,95.16,164,8.6,996
2020,12,25,5,30,15.700000000000001,96.55,166,8,995
2020,12,25,6,30,14.700000000000001,100,180,6.4,996
2020,12,25,7,30,12.600000000000001,100,213,4.5,997
2020,12,25,8,30,11.100000000000001,96.10000000000001,239,2.7,998
2020,12,25,9,30,10.5,92.78,220,1.8,998
2020,12,25,10,30,10.100000000000001,93.24,199,2.9000000000000004,998
2020,12,25,11,30,9,92.98,207,4.4,999
2020,12,25,12,30,7.5,86.77,219,4.9,999
2020,12,25,13,30,6.300000000000001,80.32000000000001,224,4.800000000000001,1000
2020,12,25,14,30,5.5,77.81,224,4.6000000000000005,1001
2020,12,25,15,30,4.5,79.18,228,4.4,1002
2020,12,25,16,30,3.4000000000000004,81.52,233,4.4,1002
2020,12,25,17,30,2.3000000000000003,84.44,238,4.5,1004
2020,12,25,18,30,1.4000000000000001,85.14,241,4.5,1005
2020,12,25,19,30,0.6000000000000001,84.95,244,4.5,1006
2020,12,25,20,30,-0.2,85.68,247,4.6000000000000005,1006
2020,12,25,21,30,-0.9,86.62,250,4.7,1007
2020,12,25,22,30,-1.5,86.53,254,4.800000000000001,1007
2020,12,25,23,30,-2.1,86.31,257,4.800000000000001,1008
2020,12,26,0,30,-2.6,85.65,260,4.7,1008
2020,12,26,1,30,-3,84.8,261,4.6000000000000005,1009
2020,12,26,2,30,-3.3000000000000003,83.35000000000001,262,4.6000000000000005,1009
2020,12,26,3,30,-3.6,81.64,263,4.6000000000000005,1010
2020,12,26,4,30,-3.8000000000000003,79.86,262,4.6000000000000005,1010
2020,12,26,5,30,-3.9000000000000004,78.84,261,4.6000000000000005,1011
2020,12,26,6,30,-3.8000000000000003,77.78,260,4.6000000000000005,1011
2020,12,26,7,30,-3.5,76.44,260,4.800000000000001,1012
2020,12,26,8,30,-2.9000000000000004,73.17,261,4.9,1012
2020,12,26,9,30,-2,68.82000000000001,263,4.9,1012
2020,12,26,10,30,-1.2000000000000002,66.06,264,4.6000000000000005,1012
2020,12,26,11,30,-0.5,64.06,265,4.4,1011
2020,12,26,12,30,-0.1,63.29,265,4.1000000000000005,1010
2020,12,26,13,30,0,63.71,266,4,1010
2020,12,26,14,30,-0.2,65.26,266,3.7,1011
2020,12,26,15,30,-0.9,69.79,265,3.5,1011
2020,12,26,16,30,-1.5,74.67,265,3.5,1012
2020,12,26,17,30,-1.8,77.02,265,3.6,1013
2020,12,26,18,30,-2.1,78.76,267,3.6,1014
2020,12,26,19,30,-2.3000000000000003,79.48,269,3.6,1015
2020,12,26,20,30,-2.5,80.27,271,3.6,1015
2020,12,26,21,30,-2.7,81.23,274,3.6,1016
2020,12,26,22,30,-2.7,80.61,278,3.5,1016
2020,12,26,23,30,-2.8000000000000003,81.19,281,3.3000000000000003,1017
2020,12,27,0,30,-2.9000000000000004,82.01,282,3,1017
2020,12,27,1,30,-2.9000000000000004,82.4,284,2.8000000000000003,1018
2020,12,27,2,30,-2.8000000000000003,82.06,287,2.7,1019
2020,12,27,3,30,-2.8000000000000003,82.47,291,2.5,1020
2020,12,27,4,30,-2.8000000000000003,82.97,296,2.4000000000000004,1021
2020,12,27,5,30,-2.8000000000000003,83.36,301,2.2,1022
2020,12,27,6,30,-2.8000000000000003,83.73,305,2.1,1022
2020,12,27,7,30,-2.2,80.18,307,2.1,1023
2020,12,27,8,30,-1,72.61,306,2,1024
2020,12,27,9,30,0.6000000000000001,65.04,301,1.7000000000000002,1024
2020,12,27,10,30,1.9000000000000001,56.61,289,1.5,1024
2020,12,27,11,30,2.6,52.77,273,1.4000000000000001,1024
2020,12,27,12,30,2.9000000000000004,52.85,263,1.3,1024
2020,12,27,13,30,2.8000000000000003,54.36,253,1.2000000000000002,1024
2020,12,27,14,30,2.2,57.980000000000004,237,0.9,1024
2020,12,27,15,30,0.8,76.34,218,1,1025
2020,12,27,16,30,-0.2,74.8,205,1.2000000000000002,1025
2020,12,27,17,30,-0.30000000000000004,76.32000000000001,197,1.4000000000000001,1025
2020,12,27,18,30,-0.2,77.51,191,1.6,1025
2020,12,27,19,30,0,78.12,187,1.9000000000000001,1025
2020,12,27,20,30,0.1,79.18,187,2.1,1025
2020,12,27,21,30,0.2,80.09,188,2.2,1025
2020,12,27,22,30,0,82.45,191,2.3000000000000003,1025
2020,12,27,23,30,0,82.83,193,2.4000000000000004,1024
2020,12,28,0,30,0.5,81.35000000000001,192,2.5,1024
2020,12,28,1,30,0.9,82.34,191,2.5,1023
2020,12,28,2,30,1.2000000000000002,83.66,192,2.6,1023
2020,12,28,3,30,1.5,85.21000000000001,191,2.7,1022
2020,12,28,4,30,2.1,85.92,189,2.8000000000000003,1021
2020,12,28,5,30,2.7,87.86,188,2.9000000000000004,1021
2020,12,28,6,30,3.2,90.66,188,3,1020
2020,12,28,7,30,4,91.08,191,3,1020
2020,12,28,8,30,5.2,89.3,196,3.2,1020
2020,12,28,9,30,6.5,87.04,201,3.6,1019
2020,12,28,10,30,7.5,84.02,207,3.9000000000000004,1019
2020,12,28,11,30,8,81.14,213,3.9000000000000004,1018
2020,12,28,12,30,8.3,79.76,216,3.6,1017
2020,12,28,13,30,8.200000000000001,80.86,221,3,1017
2020,12,28,14,30,7.1000000000000005,88.16,227,2.5,1017
2020,12,28,15,30,4.800000000000001,98.86,234,2.2,1017
2020,12,28,16,30,3.3000000000000003,100,239,2.3000000000000003,1018
2020,12,28,17,30,3.3000000000000003,100,247,2.4000000000000004,1018
2020,12,28,18,30,3.4000000000000004,100,256,2.6,1019
2020,12,28,19,30,3.4000000000000004,99.2,266,2.7,1019
2020,12,28,20,30,3.4000000000000004,98.27,277,2.9000000000000004,1019
2020,12,28,21,30,3,98.57000000000001,288,3,1019
2020,12,28,22,30,2.4000000000000004,98.2,296,3.1,1020
2020,12,28,23,30,1.8,96.65,301,3.2,1020
2020,12,29,0,30,1.3,95.45,305,3.2,1021
2020,12,29,1,30,1.1,92.10000000000001,308,3.3000000000000003,1021
2020,12,29,2,30,0.9,90.43,310,3.4000000000000004,1022
2020,12,29,3,30,0.7000000000000001,88.94,311,3.3000000000000003,1022
2020,12,29,4,30,0.5,87.71000000000001,312,3.2,1023
2020,12,29,5,30,0.30000000000000004,86.49,311,3.2,1024
2020,12,29,6,30,0.2,84.77,310,3.3000000000000003,1025
2020,12,29,7,30,0.7000000000000001,79.77,309,3.6,1026
2020,12,29,8,30,1.6,74.60000000000001,309,3.9000000000000004,1027
2020,12,29,9,30,2.3000000000000003,66.47,310,4.3,1027
2020,12,29,10,30,2.5,59.52,310,4.5,1027
2020,12,29,11,30,2.6,56.22,311,4.6000000000000005,1027
2020,12,29,12,30,2.5,55.59,312,4.6000000000000005,1028
2020,12,29,13,30,2.3000000000000003,55.730000000000004,316,4.5,1028
2020,12,29,14,30,1.8,57.85,321,4.2,1029
2020,12,29,15,30,0.8,64.07000000000001,327,3.8000000000000003,1030
2020,12,29,16,30,-0.2,70.04,330,3.4000000000000004,1030
2020,12,29,17,30,-0.7000000000000001,73.08,333,3.2,1031
2020,12,29,18,30,-1.2000000000000002,76.71000000000001,334,2.9000000000000004,1032
2020,12,29,19,30,-1.7000000000000002,80.05,337,2.5,1032
2020,12,29,20,30,-1.9000000000000001,81.27,342,2.3000000000000003,1032
2020,12,29,21,30,-1.9000000000000001,81.37,344,2.2,1032
2020,12,29,22,30,-1.9000000000000001,81.61,346,2,1033
2020,12,29,23,30,-1.7000000000000002,80.78,348,1.9000000000000001,1033
2020,12,30,0,30,-1.5,81.13,352,1.8,1033
2020,12,30,1,30,-1.4000000000000001,81.12,356,1.7000000000000002,1033
2020,12,30,2,30,-1.5,81.53,356,1.4000000000000001,1032
2020,12,30,3,30,-1.5,79.43,184,1.1,1032
2020,12,30,4,30,-1.5,76.45,25,0.8,1031
2020,12,30,5,30,-1.6,74.3,72,0.6000000000000001,1031
2020,12,30,6,30,-1.5,72.77,134,0.7000000000000001,1031
2020,12,30,7,30,-0.9,72.88,168,1.1,1031
2020,12,30,8,30,0.30000000000000004,70.44,184,1.8,1030
2020,12,30,9,30,1.7000000000000002,65.38,200,2.6,1030
2020,12,30,10,30,2.8000000000000003,63.730000000000004,210,3.2,1029
2020,12,30,11,30,3.5,63.45,215,3.7,1027
2020,12,30,12,30,3.7,64.53,216,3.9000000000000004,1026
2020,12,30,13,30,3.5,67.37,216,3.8000000000000003,1025
2020,12,30,14,30,3.1,72.75,217,3.6,1024
2020,12,30,15,30,2.7,78.51,217,3.5,1023
2020,12,30,16,30,2.5,81.49,216,3.6,1022
2020,12,30,17,30,2.6,82.94,215,3.8000000000000003,1021
2020,12,30,18,30,2.8000000000000003,84.28,214,3.8000000000000003,1020
2020,12,30,19,30,3,86.61,215,3.8000000000000003,1019
2020,12,30,20,30,3.3000000000000003,88.58,217,4,1018
2020,12,30,21,30,3.5,90.95,217,4.1000000000000005,1018
2020,12,30,22,30,3.7,91.86,216,4.2,1016
2020,12,30,23,30,4.2,90.39,216,4.5,1015
2020,12,31,0,30,4.800000000000001,89.37,219,4.9,1015
2020,12,31,1,30,5.4,89.48,222,5.2,1014
2020,12,31,2,30,5.9,91.31,226,5.300000000000001,1013
2020,12,31,3,30,6.4,93.38,231,5.300000000000001,1013
2020,12,31,4,30,6.5,96.32000000000001,237,4.5,1013
2020,12,31,5,30,6.1000000000000005,98.63,244,3.6,1014
2020,12,31,6,30,5.6000000000000005,99.18,255,3.3000000000000003,1016
2020,12,31,7,30,5,98.44,270,3.1,1017
2020,12,31,8,30,4.7,95.71000000000001,281,2.8000000000000003,1018
2020,12,31,9,30,4.6000000000000005,93.98,289,2.7,1019
2020,12,31,10,30,4.7,92.86,297,2.6,1020
2020,12,31,11,30,4.800000000000001,91.34,306,2.5,1019
2020,12,31,12,30,4.800000000000001,89.57000000000001,314,2.4000000000000004,1019
2020,12,31,13,30,4.6000000000000005,88.24,322,2.3000000000000003,1020
2020,12,31,14,30,4.2,87.27,328,2.2,1020
2020,12,31,15,30,3.6,88.68,332,2.3000000000000003,1022
2020,12,31,16,30,2.9000000000000004,89.37,338,2.5,1024
2020,12,31,17,30,2.3000000000000003,88.91,347,2.4000000000000004,1026
2020,12,31,18,30,2,86.65,349,2.3000000000000003,1026
2020,12,31,19,30,8.9,99.35000000000001,197,1.4000000000000001,1012
2020,12,31,20,30,8.8,99.59,198,1.5,1012
2020,12,31,21,30,8.700000000000001,99.59,203,1.5,1012
2020,12,31,22,30,8.700000000000001,99.03,211,1.5,1012
2020,12,31,23,30,8.6,98.83,214,1.6,1011
